group_id,kind,fmz_id,lang,half,overall,n_members,members_in_A,members_in_B,best_partner_id,best_jaccard,exact_duplicate_of,file
DG86,near_duplicate_ge_0.80,86,javascript,A,FLAGGED_CRYPTO_ONLY,2,2,0,98,0.808,,统计各个平台间的最大差价by-JackConan.md
DG86,near_duplicate_ge_0.80,98,javascript,A,FLAGGED_CRYPTO_ONLY,2,2,0,86,0.808,,每1分钟统计各个平台间的差价by-JackConan.md
DG236,near_duplicate_ge_0.80,236,javascript,A,FLAGGED_CRYPTO_ONLY,2,2,0,103319,0.902,,冰山委托-买入.md
DG236,near_duplicate_ge_0.80,103319,javascript,A,FLAGGED_CRYPTO_ONLY,2,2,0,236,0.902,,Iceberg-Buy-Order.md
DG629,near_duplicate_ge_0.80,629,javascript,A,FLAGGED_CRYPTO_ONLY,2,2,0,311968,0.964,,网格变形策略之单边网格.md
DG629,near_duplicate_ge_0.80,311968,javascript,A,FLAGGED_CRYPTO_ONLY,2,2,0,629,0.964,,网格变形策略之单边网格-注释.md
DG2406,near_duplicate_ge_0.80,2406,javascript,A,FLAGGED_CRYPTO_ONLY,2,2,0,9929,0.811,,单点狙击高频加仓自动反手解套算法-V12.md
DG2406,near_duplicate_ge_0.80,9929,javascript,A,FLAGGED_CRYPTO_ONLY,2,2,0,2406,0.811,,破冰者.md
DG12101,near_duplicate_ge_0.80,12101,javascript,A,REJECTED,2,2,0,103247,0.992,,Dual-Thrust-OKCoin-期货.md
DG12101,near_duplicate_ge_0.80,103247,javascript,A,REJECTED,2,2,0,12101,0.992,,Dual-Thrust-OKEX-Feature.md
DG20663,near_duplicate_ge_0.80,20663,javascript,A,FLAGGED_CRYPTO_ONLY,2,2,0,28128,0.888,,策略框架.md
DG20663,near_duplicate_ge_0.80,28128,javascript,A,FLAGGED_CRYPTO_ONLY,2,2,0,20663,0.888,,测试-布林带策略基于策略框架.md
DG34388,near_duplicate_ge_0.80,34388,javascript,A,FLAGGED_CRYPTO_ONLY,2,2,0,124178,1.000,,移植-OKCoin-韭菜收割机.md
DG34388,near_duplicate_ge_0.80,124178,javascript,A,FLAGGED_CRYPTO_ONLY,2,2,0,34388,1.000,,移植-OKCoin-韭菜收割机-注释.md
DG113618,near_duplicate_ge_0.80,113618,javascript,A,FLAGGED_CRYPTO_ONLY,2,2,0,114044,1.000,,动态平衡-做市策略.md
DG113618,near_duplicate_ge_0.80,114044,javascript,A,FLAGGED_CRYPTO_ONLY,2,2,0,113618,1.000,113618,动态平衡-做市策略-小高.md
DG116012,near_duplicate_ge_0.80,116012,javascript,A,FLAGGED_CRYPTO_ONLY,2,2,0,120581,0.820,,指数平衡策略Index-Balance-Bot.md
DG116012,near_duplicate_ge_0.80,120581,javascript,A,FLAGGED_CRYPTO_ONLY,2,2,0,116012,0.820,,指数均衡策略-教学.md
DG178347,near_duplicate_ge_0.80,178347,javascript,A,REJECTED,2,2,0,178417,0.977,,1btc起fmex多头解锁策略后市看多.md
DG178347,near_duplicate_ge_0.80,178417,javascript,A,REJECTED,2,2,0,178347,0.977,,1btc起Fmex空头解锁策略后市看空.md
DG178712,near_duplicate_ge_0.80,178712,javascript,A,FLAGGED_CRYPTO_ONLY,2,2,0,236644,0.876,,Bit-Maker-30-套利-智能学习-USDT-本位-Binance-单平台-Arbitrage-USDT-Standard.md
DG178712,near_duplicate_ge_0.80,236644,javascript,A,FLAGGED_CRYPTO_ONLY,2,2,0,178712,0.876,,SuperHunter-智能学习-多账户合并展示版.md
DG270012,near_duplicate_ge_0.80,270012,javascript,A,FLAGGED_CRYPTO_ONLY,2,2,0,423776,0.800,,数字货币合约简易跟单机器人.md
DG270012,near_duplicate_ge_0.80,423776,javascript,A,FLAGGED_CRYPTO_ONLY,2,2,0,270012,0.800,,跟单机器人V10要求相同交易所可多用户跟单可设定跟单倍数.md
DG322060,near_duplicate_ge_0.80,322060,python,A,FLAGGED_CRYPTO_ONLY,2,2,0,322284,0.827,,币安合约网格-基础版本-001.md
DG322060,near_duplicate_ge_0.80,322284,python,A,FLAGGED_CRYPTO_ONLY,2,2,0,322060,0.827,,币安合约网格-002v.md
DG345080,near_duplicate_ge_0.80,345080,javascript,A,FLAGGED_CRYPTO_ONLY,2,2,0,348791,0.914,,趋势马丁网格ver100策略仅供学习参考.md
DG345080,near_duplicate_ge_0.80,348791,javascript,A,FLAGGED_CRYPTO_ONLY,2,2,0,345080,0.914,,币安多产品趋势马丁与逆势马丁策略分享.md
DG353603,near_duplicate_ge_0.80,353603,javascript,A,FLAGGED_CRYPTO_ONLY,2,2,0,353904,0.803,,简单马丁格尔多空交易策略.md
DG353603,near_duplicate_ge_0.80,353904,javascript,A,FLAGGED_CRYPTO_ONLY,2,2,0,353603,0.803,,魔改马丁双向持仓.md
DG361629,near_duplicate_ge_0.80,361629,PineScript,A,REJECTED,2,2,0,439066,0.935,,Bollinger-Bands-Strategy.md
DG361629,near_duplicate_ge_0.80,439066,PineScript,A,REJECTED,2,2,0,361629,0.935,,基于布林带的智能追踪交易策略Bollinger-Bands-Based-Intelligent-Tracking-Trading-Strategy.md
DG361661,near_duplicate_ge_0.80,361661,PineScript,A,REJECTED,3,3,0,436643,0.869,,Bollinger-RSI-Double-Strategy-v11.md
DG361661,near_duplicate_ge_0.80,434670,PineScript,A,REJECTED,3,3,0,436643,0.801,,BollingerRSI双重策略仅多头v12Bollinger-RSI-Double-Strategy-Long-Only-v12.md
DG361661,near_duplicate_ge_0.80,436643,PineScript,A,REJECTED,3,3,0,361661,0.869,,Bollinger带通道-RSI双线策略Bollinger-Band-RSI-Dual-Line-Strategy.md
DG361725,near_duplicate_ge_0.80,361725,PineScript,A,PORT_CANDIDATE,3,3,0,426939,0.878,,MA-Emperor-insiliconot.md
DG361725,near_duplicate_ge_0.80,426939,PineScript,A,DUPLICATE,3,3,0,435093,0.978,,移动平均线交叉趋势追踪策略Moving-Average-Crossover-Trend-Following-Strategy.md
DG361725,near_duplicate_ge_0.80,435093,PineScript,A,DUPLICATE,3,3,0,426939,0.978,,移动平均交叉双向交易策略Moving-Average-Crossover-Strategy-for-Two-way-Trading.md
DG361786,near_duplicate_ge_0.80,361786,PineScript,A,PORT_CANDIDATE,3,3,0,432079,0.924,,MilleMachine.md
DG361786,near_duplicate_ge_0.80,432079,PineScript,A,DUPLICATE,3,3,0,437030,1.000,,趋势反转跟踪止损策略Trend-Reversal-Tracking-Stop-Loss-Strategy.md
DG361786,near_duplicate_ge_0.80,437030,PineScript,A,DUPLICATE,3,3,0,432079,1.000,,运用Hull移动平均线均势跟踪策略Momentum-Tracking-Strategy.md
DG361880,near_duplicate_ge_0.80,361880,PineScript,A,PORT_CANDIDATE,2,2,0,427121,0.857,,Triple-Supertrend-with-EMA-and-ADX.md
DG361880,near_duplicate_ge_0.80,427121,PineScript,A,DUPLICATE,2,2,0,361880,0.857,,三重超趋势EMA-ADX过滤策略Triple-Supertrend-with-EMA-and-ADX-Strategy.md
DG361966,near_duplicate_ge_0.80,361966,PineScript,A,HELD_NEEDS_VOLUME,2,2,0,433566,0.846,,Buy-Sell-Strat.md
DG361966,near_duplicate_ge_0.80,433566,PineScript,A,DUPLICATE,2,2,0,361966,0.846,,双EMA黄金交叉突破策略Dual-EMA-Crossover-Breakout-Strategy.md
DG361969,near_duplicate_ge_0.80,361969,PineScript,A,PORT_CANDIDATE,2,2,0,439109,0.955,,QQE-MOD-SSL-Hybrid-Waddah-Attar-Explosion.md
DG361969,near_duplicate_ge_0.80,439109,PineScript,A,DUPLICATE,2,2,0,361969,0.955,,融合多重指标的情绪驱动突破策略Triple-Indicators-Sentiment-Driven-Breakout-Strategy.md
DG362022,near_duplicate_ge_0.80,362022,PineScript,A,HELD_NEEDS_VOLUME,2,2,0,434180,0.976,,EMA-bands-leledc-bollinger-bands-trend-catching-strategy.md
DG362022,near_duplicate_ge_0.80,434180,PineScript,A,DUPLICATE,2,2,0,362022,0.976,,基于EMALeledc和布林带的趋势跟踪策略EMA-bands-Leledc-Bollinger-bands-trend-following-strategy.md
DG362031,near_duplicate_ge_0.80,362031,PineScript,A,PORT_CANDIDATE,2,2,0,431251,0.859,,Chande-Kroll-Stop.md
DG362031,near_duplicate_ge_0.80,431251,PineScript,A,DUPLICATE,2,2,0,362031,0.859,,基于Chande-Kroll止损与ADX过滤的趋势跟踪策略ADX-Filtered-Chande-Kroll-Stop-Loss-Trend-Following-Strategy.md
DG362055,near_duplicate_ge_0.80,362055,PineScript,A,PORT_CANDIDATE,2,1,1,441066,0.981,,Big-Snapper-Alerts-R30-Chaiking-Volatility-condition-TP-RSI.md
DG362055,near_duplicate_ge_0.80,441066,PineScript,B,DUPLICATE,2,1,1,362055,0.981,,双重MA指标震荡价格追踪策略Dual-MA-Indicator-Oscillating-Price-Tracking-Strategy.md
DG362059,near_duplicate_ge_0.80,362059,PineScript,A,PORT_CANDIDATE,2,2,0,430177,0.983,,Best-TradingView-Strategy.md
DG362059,near_duplicate_ge_0.80,430177,PineScript,A,DUPLICATE,2,2,0,362059,0.983,,多重指标的量化交易策略Quantitative-Trading-Strategy-Based-on-Multiple-Indicators.md
DG362168,near_duplicate_ge_0.80,362168,PineScript,A,PORT_CANDIDATE,2,1,1,442396,0.882,,MTF-RSI-STOCH-Strategy.md
DG362168,near_duplicate_ge_0.80,442396,PineScript,B,DUPLICATE,2,1,1,362168,0.882,,多时间框架RSI与随机指标策略Multi-Timeframe-RSI-and-Stochastics-Strategy.md
DG362210,near_duplicate_ge_0.80,362210,PineScript,A,PORT_CANDIDATE,3,3,0,363851,1.000,,MA-HYBRID-BY-RAJ.md
DG362210,near_duplicate_ge_0.80,363851,PineScript,A,DUPLICATE,3,3,0,362210,1.000,,SSL-Hybrid.md
DG362210,near_duplicate_ge_0.80,391080,PineScript,A,DUPLICATE,3,3,0,362210,0.879,,SSL-Hybrid-STOCH-RSI.md
DG362418,near_duplicate_ge_0.80,362418,PineScript,A,PORT_CANDIDATE,2,1,1,442255,0.806,,Smaller-Fractals-Transparency.md
DG362418,near_duplicate_ge_0.80,442255,PineScript,B,DUPLICATE,2,1,1,362418,0.806,,基于峰峰形态的交易策略Peak-to-Peak-Pattern-Based-Trading-Strategy.md
DG362638,near_duplicate_ge_0.80,362638,PineScript,A,PORT_CANDIDATE,2,2,0,439042,0.863,,Combo-2-20-EMA-Bandpass-Filter.md
DG362638,near_duplicate_ge_0.80,439042,PineScript,A,DUPLICATE,2,2,0,362638,0.863,,基于双EMA和带通滤波器的组合交易策略Combination-Trading-Strategy-Based-on-Dual-EMA-and-Bandpass-Filter.md
DG362671,near_duplicate_ge_0.80,362671,PineScript,A,PORT_CANDIDATE,2,2,0,363756,0.970,,Moon-Launch-Alerts-Template-Indicator.md
DG362671,near_duplicate_ge_0.80,363756,PineScript,A,DUPLICATE,2,2,0,362671,0.970,,ML-Alerts-Template.md
DG362842,near_duplicate_ge_0.80,362842,PineScript,A,PORT_CANDIDATE,2,2,0,435866,0.821,,SSS.md
DG362842,near_duplicate_ge_0.80,435866,PineScript,A,DUPLICATE,2,2,0,362842,0.821,,坚如磐石的VIP量化策略The-Solid-as-a-Rock-VIP-Quant-Strategy.md
DG362845,near_duplicate_ge_0.80,362845,PineScript,A,REJECTED,2,2,0,431495,0.913,,SAR-3SMMA-with-SL-TP.md
DG362845,near_duplicate_ge_0.80,431495,PineScript,A,REJECTED,2,2,0,362845,0.913,,SAR动态追踪突破三均线策略Parabolic-SAR-Dynamic-Breakout-Triple-SMMA-Strategy.md
DG362920,near_duplicate_ge_0.80,362920,PineScript,A,REJECTED,2,2,0,430145,0.935,,Villa-Dinamic-Pivot-Supertrend-Strategy.md
DG362920,near_duplicate_ge_0.80,430145,PineScript,A,REJECTED,2,2,0,362920,0.935,,布林带和RSI指标组合策略Bollinger-Bands-and-RSI-indicators-strategy.md
DG363001,near_duplicate_ge_0.80,363001,PineScript,A,PORT_CANDIDATE,2,2,0,438939,0.876,,Trading-the-Equity-Curve-Position-Sizing-Example.md
DG363001,near_duplicate_ge_0.80,438939,PineScript,A,DUPLICATE,2,2,0,363001,0.876,,基于资金曲线的仓位管理策略Dynamic-Position-Sizing-Strategy-Based-on-Equity-Curve.md
DG363572,near_duplicate_ge_0.80,363572,PineScript,A,PORT_CANDIDATE,2,2,0,435254,0.807,,OCC-Strategy-R51.md
DG363572,near_duplicate_ge_0.80,435254,PineScript,A,DUPLICATE,2,2,0,363572,0.807,,双均线交叉点位策略Open-Close-Cross-Point-Strategy.md
DG363588,near_duplicate_ge_0.80,363588,PineScript,A,PORT_CANDIDATE,2,2,0,434982,0.855,,Fukuiz-Octa-EMA-Ichimoku.md
DG363588,near_duplicate_ge_0.80,434982,PineScript,A,REJECTED,2,2,0,363588,0.855,,Octa-EMA与Ichimoku云图量化交易策略Octa-EMA-and-Ichimoku-Cloud-Quantitative-Trading-Strategy.md
DG363822,near_duplicate_ge_0.80,363822,PineScript,A,HELD_NEEDS_VOLUME,2,2,0,438943,0.981,,VuManChu-Cipher-B-Divergences-Strategy.md
DG363822,near_duplicate_ge_0.80,438943,PineScript,A,DUPLICATE,2,2,0,363822,0.981,,基于乖离率指标优化的波动跟踪策略WaveTrend-and-DER-Based-Swing-Trading-Strategy.md
DG364518,near_duplicate_ge_0.80,364518,PineScript,A,PORT_CANDIDATE,4,4,0,380337,0.922,,BuySell-Strategy-depends-on-AOStochRSIATR.md
DG364518,near_duplicate_ge_0.80,380330,PineScript,A,DUPLICATE,4,4,0,380337,0.916,,BuySell-Strategy-depends-on-AOStochRSIATR-by-SerdarYILMAZ.md
DG364518,near_duplicate_ge_0.80,380337,PineScript,A,DUPLICATE,4,4,0,429567,1.000,,BuySell-Strategy-depends-on-AOStochRSIATR-by-SerdarYILMAZ-SerdarYILMAZ.md
DG364518,near_duplicate_ge_0.80,429567,PineScript,A,DUPLICATE,4,4,0,380337,1.000,,多指标买卖策略Multi-Indicator-Buy-and-Sell-Strategy.md
DG365028,near_duplicate_ge_0.80,365028,PineScript,A,PORT_CANDIDATE,2,1,1,452613,0.829,,QQE-signals.md
DG365028,near_duplicate_ge_0.80,452613,PineScript,B,DUPLICATE,2,1,1,365028,0.829,,基于QQE指标和RSI指标的多空信号策略-QQE-and-RSI-based-Long-Short-Signal-Strategy.md
DG365088,near_duplicate_ge_0.80,365088,PineScript,A,REJECTED,2,2,0,433556,0.984,,SUPERTREND-ATR-WITH-TRAILING-STOP-LOSS.md
DG365088,near_duplicate_ge_0.80,433556,PineScript,A,REJECTED,2,2,0,365088,0.984,,基于ATR和追踪止损的超级趋势策略SuperTrend-Strategy-with-Trailing-Stop-Loss.md
DG365283,near_duplicate_ge_0.80,365283,PineScript,A,PORT_CANDIDATE,2,2,0,435290,0.982,,MACD-ReLoaded-STRATEGY.md
DG365283,near_duplicate_ge_0.80,435290,PineScript,A,DUPLICATE,2,2,0,365283,0.982,,量价平衡移动平均线策略Volume-Weighted-Moving-Average-Convergence-Divergence.md
DG365373,near_duplicate_ge_0.80,365373,PineScript,A,PORT_CANDIDATE,4,1,3,442079,0.966,,Super-Scalper-5-Min-15-Min.md
DG365373,near_duplicate_ge_0.80,442079,PineScript,B,DUPLICATE,4,1,3,365373,0.966,,金森一分钟震荡策略Gem-Forest-One-Minute-Scalping-Strategy.md
DG365373,near_duplicate_ge_0.80,442083,PineScript,B,DUPLICATE,4,1,3,365373,0.880,,黄金森林1分钟突破策略Gem-Forest-1-Minute-Breakout-Strategy.md
DG365373,near_duplicate_ge_0.80,442547,PineScript,B,DUPLICATE,4,1,3,442079,0.878,,基于RSI金叉超级做空策略RSI-Golden-Cross-Short-Strategy.md
DG365600,near_duplicate_ge_0.80,365600,PineScript,A,PORT_CANDIDATE,2,1,1,440459,0.950,,BEST-Engulfing-Breakout-Strategy.md
DG365600,near_duplicate_ge_0.80,440459,PineScript,B,DUPLICATE,2,1,1,365600,0.950,,动量突破与吞噬模型算法交易策略Momentum-Breakout-and-Engulfing-Pattern-Algorithmic-Trading-Strategy.md
DG365668,near_duplicate_ge_0.80,365668,PineScript,A,PORT_CANDIDATE,2,1,1,440702,0.976,,Swing-Hull-rsi-EMA-Strategy.md
DG365668,near_duplicate_ge_0.80,440702,PineScript,B,DUPLICATE,2,1,1,365668,0.976,,双移动平均线和RSI指标的多空交叉策略Swing-Dual-Moving-Average-and-RSI-Crossover-Strategy.md
DG365671,near_duplicate_ge_0.80,365671,PineScript,A,PORT_CANDIDATE,2,2,0,436762,1.000,,Stochastic-RSI-Double-Strategy.md
DG365671,near_duplicate_ge_0.80,436762,PineScript,A,DUPLICATE,2,2,0,365671,1.000,,双重策略组合-随机慢速指标与相对强弱指标Double-Strategy-Combination-Stochastic-Slow-and-Relative-Strength-Index.md
DG365691,near_duplicate_ge_0.80,365691,PineScript,A,PORT_CANDIDATE,2,2,0,426590,0.855,,Profit-Maximizer-PMax.md
DG365691,near_duplicate_ge_0.80,426590,PineScript,A,DUPLICATE,2,2,0,365691,0.855,,基于PMax指标的趋势跟踪策略Trend-Following-Strategy-Based-on-PMax-Indicator.md
DG365727,near_duplicate_ge_0.80,365727,PineScript,A,PORT_CANDIDATE,2,2,0,434954,0.837,,Hull-Suite-Strategy.md
DG365727,near_duplicate_ge_0.80,434954,PineScript,A,DUPLICATE,2,2,0,365727,0.837,,双向霍尔移动平均线交易策略Dual-Hull-Moving-Average-Trading-Strategy.md
DG365859,near_duplicate_ge_0.80,365859,PineScript,A,PORT_CANDIDATE,3,3,0,427523,0.985,,Range-Filter-Buy-and-Sell.md
DG365859,near_duplicate_ge_0.80,368724,PineScript,A,DUPLICATE,3,3,0,427523,0.900,,Range-Filter-Buy-and-Sell-5min-Strategy.md
DG365859,near_duplicate_ge_0.80,427523,PineScript,A,DUPLICATE,3,3,0,365859,0.985,,范围过滤买卖短线交易策略Range-Filter-Breakout-Short-term-Trading-Strategy.md
DG365884,near_duplicate_ge_0.80,365884,PineScript,A,REJECTED,2,2,0,428614,0.972,,Hull-Moving-Average-Swing-Trader.md
DG365884,near_duplicate_ge_0.80,428614,PineScript,A,REJECTED,2,2,0,365884,0.972,,Hull移动平均振荡交易策略Hull-Moving-Average-Swing-Trading-Strategy.md
DG365892,near_duplicate_ge_0.80,365892,PineScript,A,PORT_CANDIDATE,2,2,0,426602,0.922,,Super-Trend-Daily-20-BF.md
DG365892,near_duplicate_ge_0.80,426602,PineScript,A,DUPLICATE,2,2,0,365892,0.922,,可配置化双向超趋策略Configurable-Dual-direction-Supertrend-Strategy.md
DG366419,near_duplicate_ge_0.80,366419,PineScript,A,HELD_NEEDS_VOLUME,2,2,0,435238,0.846,,SuperB.md
DG366419,near_duplicate_ge_0.80,435238,PineScript,A,DUPLICATE,2,2,0,366419,0.846,,趋势追踪型RafaelZioni动量策略RafaelZioni-Momentum-Trend-Following-Strategy.md
DG366430,near_duplicate_ge_0.80,366430,PineScript,A,PORT_CANDIDATE,2,2,0,434528,1.000,,blackcat-L2-Reversal-Labels-Strategy.md
DG366430,near_duplicate_ge_0.80,434528,PineScript,A,DUPLICATE,2,2,0,366430,1.000,,MACD指标底部反转预警策略-MACD-Indicator-Bottom-Reversal-Early-Warning-Strategy.md
DG366538,near_duplicate_ge_0.80,366538,PineScript,A,HELD_NEEDS_VOLUME,2,2,0,434671,0.879,,Low-Scanner-strategy-crypto.md
DG366538,near_duplicate_ge_0.80,434671,PineScript,A,DUPLICATE,2,2,0,366538,0.879,,智能量化低点反转策略Smart-Quantitative-Bottom-Reversal-Trading-Strategy.md
DG366931,near_duplicate_ge_0.80,366931,PineScript,A,REJECTED,2,2,0,436641,1.000,,Support-Resistance-breakout.md
DG366931,near_duplicate_ge_0.80,436641,PineScript,A,REJECTED,2,2,0,366931,1.000,,动态支持阻力突破趋势策略Dynamic-Support-Resistance-Breakout-Trend-Strategy.md
DG376193,near_duplicate_ge_0.80,376193,PineScript,A,REJECTED,2,2,0,437389,0.942,,饥饿者.md
DG376193,near_duplicate_ge_0.80,437389,PineScript,A,REJECTED,2,2,0,376193,0.942,,自适应止损轨道策略Adaptive-Stop-Loss-Rail-Strategy.md
DG377541,near_duplicate_ge_0.80,377541,PineScript,A,HELD_NEEDS_VOLUME,3,2,1,426357,0.942,,AlphaTrend-Strategy.md
DG377541,near_duplicate_ge_0.80,426357,PineScript,A,DUPLICATE,3,2,1,377541,0.942,,AlphaTrend-Adaptive-ATR-Channel-Breakout-Strategy.md
DG377541,near_duplicate_ge_0.80,440836,PineScript,B,DUPLICATE,3,2,1,426357,0.821,,AlphaTrend双向跟踪策略AlphaTrend-Dual-Tracking-Strategy.md
DG379174,near_duplicate_ge_0.80,379174,javascript,A,FLAGGED_CRYPTO_ONLY,2,2,0,379536,0.938,,TradingView策略信号下单机器人-币安版.md
DG379174,near_duplicate_ge_0.80,379536,javascript,A,FLAGGED_CRYPTO_ONLY,2,2,0,379174,0.938,,TradingView策略信号下单机器人-欧易版.md
DG380250,near_duplicate_ge_0.80,380250,PineScript,A,HELD_NEEDS_VOLUME,2,2,0,427669,0.949,,Arnaud-Legoux-Moving-Average-Cross-ALMA.md
DG380250,near_duplicate_ge_0.80,427669,PineScript,A,DUPLICATE,2,2,0,380250,0.949,,ALMA均线交叉策略ALMA-Crossover-Strategy.md
DG380251,near_duplicate_ge_0.80,380251,PineScript,A,PORT_CANDIDATE,2,2,0,426802,1.000,,EMA-SCALPEUR-RSi-SHORT.md
DG380251,near_duplicate_ge_0.80,426802,PineScript,A,DUPLICATE,2,2,0,380251,1.000,,多均线移动RSI策略Multi-EMA-Moving-RSI-Strategy.md
DG380291,near_duplicate_ge_0.80,380291,PineScript,A,PORT_CANDIDATE,2,2,0,435952,0.850,,EMA-2155200.md
DG380291,near_duplicate_ge_0.80,435952,PineScript,A,DUPLICATE,2,2,0,380291,0.850,,基于RSI和EMA的趋势突破策略RSI-EMA-Trend-Breakout-Strategy.md
DG380402,near_duplicate_ge_0.80,380402,PineScript,A,REJECTED,2,2,0,428050,0.913,,Alert-alertcondition-or-strategy-alerts.md
DG380402,near_duplicate_ge_0.80,428050,PineScript,A,REJECTED,2,2,0,380402,0.913,,基于Stochastic指标的弹性止损短期交易策略Short-term-Trading-Strategy-Based-on-Stochastic-Indicator-with-Elastic-Stop-Loss.md
DG380446,near_duplicate_ge_0.80,380446,PineScript,A,PORT_CANDIDATE,2,2,0,429563,0.847,,BTC-bot.md
DG380446,near_duplicate_ge_0.80,429563,PineScript,A,DUPLICATE,2,2,0,380446,0.847,,多级分批止盈BTC机器人交易策略Multi-level-Batch-Take-Profit-BTC-Robot-Trading-Strategy.md
DG380530,near_duplicate_ge_0.80,380530,PineScript,A,PORT_CANDIDATE,2,2,0,427263,1.000,,Trade-Hour-V3.md
DG380530,near_duplicate_ge_0.80,427263,PineScript,A,DUPLICATE,2,2,0,380530,1.000,,交易黄金时段策略Golden-Trade-Hour-Strategy.md
DG392048,near_duplicate_ge_0.80,392048,javascript,A,FLAGGED_CRYPTO_ONLY,2,2,0,413340,0.922,,TradingView信号执行策略21教学.md
DG392048,near_duplicate_ge_0.80,413340,javascript,A,FLAGGED_CRYPTO_ONLY,2,2,0,392048,0.922,,TradingView信号执行策略2教学-Copy.md
DG392636,near_duplicate_ge_0.80,392636,PineScript,A,PORT_CANDIDATE,2,2,0,431237,0.821,,MACD-Strategy.md
DG392636,near_duplicate_ge_0.80,431237,PineScript,A,DUPLICATE,2,2,0,392636,0.821,,MACD均线交叉趋势追踪止损策略MACD-Moving-Average-Crossover-Trend-Following-Strategy-with-Trailing-Stop-Loss.md
DG405725,near_duplicate_ge_0.80,405725,javascript,A,REJECTED,2,2,0,424959,1.000,,价格振幅均线-3年33万倍收益.md
DG405725,near_duplicate_ge_0.80,424959,javascript,A,REJECTED,2,2,0,405725,1.000,405725,收藏价格振幅均线-3年33万倍收益.md
DG425773,near_duplicate_ge_0.80,425773,PineScript,A,PORT_CANDIDATE,2,2,0,425776,0.914,,EMA-Cross-JC-Intraday-with-Trailing-SL.md
DG425773,near_duplicate_ge_0.80,425776,PineScript,A,DUPLICATE,2,2,0,425773,0.914,,MA-CROSSOVER.md
DG426047,near_duplicate_ge_0.80,426047,PineScript,A,REJECTED,3,2,1,439640,0.815,,VWMA-SMA-Bollinger-Bands-RSI-Strategy-Analyzing-Price-and-Volume-Correlation.md
DG426047,near_duplicate_ge_0.80,438780,PineScript,A,REJECTED,3,2,1,439640,0.836,,量化交易双重指标策略Quantitative-Trading-Dual-Indicator-Strategy.md
DG426047,near_duplicate_ge_0.80,439640,PineScript,B,REJECTED,3,2,1,438780,0.836,,动量顺势双策略Momentum-Trend-Dual-Strategy.md
DG426361,near_duplicate_ge_0.80,426361,PineScript,A,PORT_CANDIDATE,3,2,1,427929,0.886,,Composite-Entry-Signal-RSI-Trading-Strategy.md
DG426361,near_duplicate_ge_0.80,427929,PineScript,A,DUPLICATE,3,2,1,426361,0.886,,CMARSI交易策略CMARSI-Trading-Strategy.md
DG426361,near_duplicate_ge_0.80,440880,PineScript,B,DUPLICATE,3,2,1,426361,0.877,,基于均线叠加RSI策略CRSI-Moving-Average-Strategy.md
DG426390,near_duplicate_ge_0.80,426390,PineScript,A,REJECTED,2,2,0,436899,0.927,,MACD-and-SMA-200-Combo-Strategy.md
DG426390,near_duplicate_ge_0.80,436899,PineScript,A,REJECTED,2,2,0,426390,0.927,,双均线紧缩趋势追踪策略Dual-Moving-Average-Convergence-Trend-Tracking-Strategy.md
DG426461,near_duplicate_ge_0.80,426461,PineScript,A,PORT_CANDIDATE,2,2,0,433396,0.854,,Noros-Fast-RSI-Breakthrough-Strategy.md
DG426461,near_duplicate_ge_0.80,433396,PineScript,A,DUPLICATE,2,2,0,426461,0.854,,针对加密货币的快速RSI跳空策略Fast-RSI-Gap-Trading-Strategy-for-Cryptocurrencies.md
DG426464,near_duplicate_ge_0.80,426464,PineScript,A,REJECTED,2,2,0,438044,0.870,,Consecutive-Up-Down-N-Days-Strategy.md
DG426464,near_duplicate_ge_0.80,438044,PineScript,A,REJECTED,2,2,0,426464,0.870,,基于K线形态的高频套利策略Up-Down-K-Line-Pattern-High-Frequency-Arbitrage-Strategy.md
DG426477,near_duplicate_ge_0.80,426477,PineScript,A,PORT_CANDIDATE,2,2,0,430127,0.880,,Multi-Indicator-Convergence-Trading-Strategy.md
DG426477,near_duplicate_ge_0.80,430127,PineScript,A,DUPLICATE,2,2,0,426477,0.880,,多因子动量轮动策略Multi-factor-Momentum-Rotation-Strategy.md
DG426498,near_duplicate_ge_0.80,426498,PineScript,A,PORT_CANDIDATE,2,2,0,432762,0.954,,多因子组合交易策略Multi-factor-Combined-Trading-Strategy.md
DG426498,near_duplicate_ge_0.80,432762,PineScript,A,DUPLICATE,2,2,0,426498,0.954,,反转强势策略-Elder-Ray-Bull-Power-Combo-Strategy.md
DG426511,near_duplicate_ge_0.80,426511,PineScript,A,PORT_CANDIDATE,2,2,0,427270,0.818,,周一买入周三止盈策略Buy-Monday-Sell-Wednesday-Trading-Strategy.md
DG426511,near_duplicate_ge_0.80,427270,PineScript,A,DUPLICATE,2,2,0,426511,0.818,,周一买入周二止损止盈策略Buy-Monday-Sell-Tuesday-with-Stop-Loss-Take-Profit-Strategy.md
DG426514,near_duplicate_ge_0.80,426514,PineScript,A,REJECTED,3,3,0,430115,0.902,,布林带通道突破交易策略Bollinger-Band-Channel-Breakout-Trading-Strategy.md
DG426514,near_duplicate_ge_0.80,430115,PineScript,A,REJECTED,3,3,0,426514,0.902,,均线穿越波动带策略Mean-Reversion-Bollinger-Bands-Strategy.md
DG426514,near_duplicate_ge_0.80,436883,PineScript,A,REJECTED,3,3,0,426514,0.893,,基于布林带的量化交易策略Bollinger-Bands-Based-Quantitative-Trading-Strategy.md
DG426521,near_duplicate_ge_0.80,426521,PineScript,A,PORT_CANDIDATE,2,2,0,430973,1.000,,快慢EMA交叉追踪策略Fast-and-Slow-EMA-Crossover-Trend-Trading-Strategy.md
DG426521,near_duplicate_ge_0.80,430973,PineScript,A,DUPLICATE,2,2,0,426521,1.000,,基于13和48周期EMA的趋势跟踪策略EMA-13-48-Trend-Following-Strategy.md
DG426610,near_duplicate_ge_0.80,426610,PineScript,A,PORT_CANDIDATE,2,2,0,432889,0.932,,基于三重指数移动平均和线性回归的趋势跟踪策略Trend-Following-Strategy-Based-on-Triple-EMA-and-Linear-Regression.md
DG426610,near_duplicate_ge_0.80,432889,PineScript,A,DUPLICATE,2,2,0,426610,0.932,,双趋势均线智能追踪投资策略Dual-Trend-Lines-Intelligent-Tracking-BTC-Investment-Strategy.md
DG426772,near_duplicate_ge_0.80,426772,PineScript,A,REJECTED,2,1,1,440321,0.923,,唐奇安通道突破策略Donchian-Channel-Breakout-Strategy.md
DG426772,near_duplicate_ge_0.80,440321,PineScript,B,REJECTED,2,1,1,426772,0.923,,唐奇安通道突破趋势跟踪策略Donchian-Channel-Breakout-Strategy.md
DG426838,near_duplicate_ge_0.80,426838,PineScript,A,PORT_CANDIDATE,2,1,1,439763,0.931,,组合简单移动平均线与自适应移动平均线的策略Combining-Simple-Moving-Average-and-Adaptive-Moving-Average-Strategy.md
DG426838,near_duplicate_ge_0.80,439763,PineScript,B,DUPLICATE,2,1,1,426838,0.931,,并联移动平均线与无限脉冲响应均线策略Combined-Moving-Average-and-Infinite-Impulse-Response-Line-Strategy.md
DG426842,near_duplicate_ge_0.80,426842,PineScript,A,PORT_CANDIDATE,3,3,0,437555,0.840,,多指标组合的短线量化交易策略Multi-Indicator-Short-Term-Algorithmic-Trading-Strategy.md
DG426842,near_duplicate_ge_0.80,437555,PineScript,A,DUPLICATE,3,3,0,437763,0.853,,均线叉趋势追踪策略Crossing-Moving-Average-Trend-Tracking-Strategy.md
DG426842,near_duplicate_ge_0.80,437763,PineScript,A,REJECTED,3,3,0,437555,0.853,,Ichimoku云带量化交易策略Ichimoku-Cloud-Quantitative-Trading-Strategy.md
DG426889,near_duplicate_ge_0.80,426889,PineScript,A,PORT_CANDIDATE,2,2,0,431957,0.918,,基于多指标的数字货币量化策略Multi-Indicator-Quantitative-Strategy-for-Cryptocurrencies.md
DG426889,near_duplicate_ge_0.80,431957,PineScript,A,DUPLICATE,2,2,0,426889,0.918,,动量价格趋势跟踪策略Momentum-Price-Trend-Tracking-Strategy.md
DG427062,near_duplicate_ge_0.80,427062,PineScript,A,REJECTED,5,5,0,435465,0.912,,朗格安德逆转策略Langande-Reversal-Strategy.md
DG427062,near_duplicate_ge_0.80,427377,PineScript,A,REJECTED,5,5,0,427062,0.858,,基于支点反转的交易策略Pivot-Point-Reversal-Trading-Strategy.md
DG427062,near_duplicate_ge_0.80,427907,PineScript,A,REJECTED,5,5,0,427062,0.825,,轴心支撑压力反转策略Pivot-Reversal-Strategy.md
DG427062,near_duplicate_ge_0.80,432366,PineScript,A,REJECTED,5,5,0,435465,0.923,,双向突破反转策略Bidirectional-Breakout-Reversal-Strategy.md
DG427062,near_duplicate_ge_0.80,435465,PineScript,A,REJECTED,5,5,0,432366,0.923,,枢轴反转K线策略Pivot-Reversal-Candlestick-Strategy.md
DG427066,near_duplicate_ge_0.80,427066,PineScript,A,PORT_CANDIDATE,2,2,0,428082,1.000,,日线收盘价对比策略Daily-Close-Price-Comparison-Strategy.md
DG427066,near_duplicate_ge_0.80,428082,PineScript,A,DUPLICATE,2,2,0,427066,1.000,,基于收盘价差异的短线交易策略Closing-Price-Difference-Based-Short-term-Trading-Strategy.md
DG427120,near_duplicate_ge_0.80,427120,PineScript,A,PORT_CANDIDATE,3,3,0,435898,0.892,,Noro波带趋势跟踪策略Noro-Bands-Trend-Following-Strategy.md
DG427120,near_duplicate_ge_0.80,435898,PineScript,A,DUPLICATE,3,3,0,427120,0.892,,双轨快速量化反转交易策略Dual-Track-Fast-Quantitative-Reversal-Trading-Strategy.md
DG427120,near_duplicate_ge_0.80,438037,PineScript,A,DUPLICATE,3,3,0,435898,0.847,,双重均线震荡突破策略Dual-Moving-Average-Oscillation-Breakout-Strategy.md
DG427123,near_duplicate_ge_0.80,427123,PineScript,A,PORT_CANDIDATE,2,1,1,444357,0.885,,动量震荡带RSI交易策略Momentum-Oscillator-Bollinger-Band-RSI-Trading-Strategy.md
DG427123,near_duplicate_ge_0.80,444357,PineScript,B,DUPLICATE,2,1,1,427123,0.885,,基于布林带和RSI的多头摆动交易策略Bullish-Swing-Trading-Strategy-Based-on-Bollinger-Bands-and-RSI.md
DG427142,near_duplicate_ge_0.80,427142,PineScript,A,PORT_CANDIDATE,2,2,0,434978,0.952,,移动均线布林带融合交易策略Moving-Average-Bollinger-Band-Fusion-Trading-Strategy.md
DG427142,near_duplicate_ge_0.80,434978,PineScript,A,DUPLICATE,2,2,0,427142,0.952,,均线双边振荡交易策略Oscillation-Trading-Strategy-Between-Moving-Averages.md
DG427164,near_duplicate_ge_0.80,427164,PineScript,A,PORT_CANDIDATE,2,2,0,437546,0.971,,移动均线交叉策略Moving-Average-Crossover-Strategy.md
DG427164,near_duplicate_ge_0.80,437546,PineScript,A,DUPLICATE,2,2,0,427164,0.971,,移动平均交叉系统Moving-Average-Crossover-System.md
DG427183,near_duplicate_ge_0.80,427183,PineScript,A,HELD_NEEDS_VOLUME,2,2,0,436111,0.901,,正成交量指数策略Positive-Volume-Index-Strategy.md
DG427183,near_duplicate_ge_0.80,436111,PineScript,A,DUPLICATE,2,2,0,427183,0.901,,量化策略之负量指标反转策略Quantitative-Strategy-of-Negative-Volume-Index-Reversal.md
DG427185,near_duplicate_ge_0.80,427185,PineScript,A,PORT_CANDIDATE,2,2,0,439225,0.858,,动量指标破位交易策略Momentum-Breakout-Trading-Strategy.md
DG427185,near_duplicate_ge_0.80,439225,PineScript,A,DUPLICATE,2,2,0,427185,0.858,,单边趋势震荡突破策略Single-Side-Trend-Shock-Breakout-Strategy.md
DG427260,near_duplicate_ge_0.80,427260,PineScript,A,PORT_CANDIDATE,2,2,0,430051,0.940,,基于自适应移动平均线和趋势突破的交易策略Trend-Breakout-Strategy-Based-on-Adaptive-MA-and-Trendlines.md
DG427260,near_duplicate_ge_0.80,430051,PineScript,A,DUPLICATE,2,2,0,427260,0.940,,月度趋势突破策略Monthly-Trend-Breakout-Strategy.md
DG427290,near_duplicate_ge_0.80,427290,PineScript,A,PORT_CANDIDATE,2,2,0,430132,1.000,,双EMA跨度交易策略Dual-EMA-Crossover-Trading-Strategy.md
DG427290,near_duplicate_ge_0.80,430132,PineScript,A,DUPLICATE,2,2,0,427290,1.000,,双EMA跨度突破策略Dual-EMA-Spread-Breakout-Strategy.md
DG427353,near_duplicate_ge_0.80,427353,PineScript,A,REJECTED,2,2,0,429463,0.881,,基于9日EMA的突破回调交易策略9-day-EMA-Breakout-Pullback-Trading-Strategy.md
DG427353,near_duplicate_ge_0.80,429463,PineScript,A,REJECTED,2,2,0,427353,0.881,,威廉姆斯9日趋势突破策略Williams-9-Days-Breakout-Strategy.md
DG427467,near_duplicate_ge_0.80,427467,PineScript,A,PORT_CANDIDATE,2,2,0,427880,0.800,,平滑RSI回测策略V2Smoothed-RSI-Backtesting-Strategy-V2.md
DG427467,near_duplicate_ge_0.80,427880,PineScript,A,DUPLICATE,2,2,0,427467,0.800,,基于较平滑RSI指标的交易策略Smoothed-RSI-Trading-Strategy-Based-on-Improved-RSI-Indicator.md
DG427511,near_duplicate_ge_0.80,427511,PineScript,A,REJECTED,2,2,0,436487,1.000,,RSI-的-MACD-交易策略MACD-of-RSI-Trading-Strategy.md
DG427511,near_duplicate_ge_0.80,436487,PineScript,A,REJECTED,2,2,0,427511,1.000,,MACD-histogram策略MACD-Histogram-Strategy-of-RSI.md
DG427731,near_duplicate_ge_0.80,427731,PineScript,A,REJECTED,2,2,0,433095,0.949,,多重指标辅助策略Multi-indicator-Assisted-Strategy.md
DG427731,near_duplicate_ge_0.80,433095,PineScript,A,REJECTED,2,2,0,427731,0.949,,均线三剑客量化交易策略Triple-Moving-Average-Quantitative-Trading-Strategy.md
DG427732,near_duplicate_ge_0.80,427732,PineScript,A,REJECTED,2,2,0,430038,0.919,,超级趋势追踪策略SuperTrend-Trend-Following-Strategy.md
DG427732,near_duplicate_ge_0.80,430038,PineScript,A,REJECTED,2,2,0,427732,0.919,,跟踪超趋势策略Following-the-Supertrend-Strategy.md
DG427877,near_duplicate_ge_0.80,427877,PineScript,A,REJECTED,2,2,0,432349,0.808,,动量策略Momentum-Strategy.md
DG427877,near_duplicate_ge_0.80,432349,PineScript,A,REJECTED,2,2,0,427877,0.808,,双动量指标突破策略Dual-Momentum-Breakout-Strategy.md
DG427892,near_duplicate_ge_0.80,427892,PineScript,A,REJECTED,2,2,0,436250,0.931,,超跌RSI追涨策略Oversold-RSI-Breakout-Strategy.md
DG427892,near_duplicate_ge_0.80,436250,PineScript,A,REJECTED,2,2,0,427892,0.931,,反转突破RSI超卖策略Reversal-Breakout-Oversold-RSI-Strategy.md
DG427925,near_duplicate_ge_0.80,427925,PineScript,A,PORT_CANDIDATE,3,2,1,442844,0.899,,ATR跟踪止损策略ATR-Trailing-Stop-Strategy.md
DG427925,near_duplicate_ge_0.80,428064,PineScript,A,DUPLICATE,3,2,1,427925,0.869,,ATR趋势追踪策略ATR-Trend-Following-Strategy.md
DG427925,near_duplicate_ge_0.80,442844,PineScript,B,DUPLICATE,3,2,1,427925,0.899,,均线黄金分割放大ATR突破策略Average-True-Range-Breakout-Strategy-with-Golden-Ratio.md
DG428058,near_duplicate_ge_0.80,428058,PineScript,A,HELD_NEEDS_VOLUME,2,2,0,431222,0.817,,九日均线和二十日均线交叉策略Nine-and-Twenty-Moving-Average-Crossover-Strategy.md
DG428058,near_duplicate_ge_0.80,431222,PineScript,A,DUPLICATE,2,2,0,428058,0.817,,双均线交叉多空策略Dual-Moving-Average-Crossover-Trend-Trading-Strategy.md
DG428084,near_duplicate_ge_0.80,428084,PineScript,A,PORT_CANDIDATE,2,2,0,433446,1.000,,移动平均线穿越策略Moving-Average-Crossover-Strategy.md
DG428084,near_duplicate_ge_0.80,433446,PineScript,A,DUPLICATE,2,2,0,428084,1.000,,移动平均线交叉交易策略Moving-Average-Crossover-Trading-Strategy.md
DG428088,near_duplicate_ge_0.80,428088,PineScript,A,PORT_CANDIDATE,3,3,0,428627,0.981,,Williams-VIX修复策略Williams-VIX-Fix-Strategy.md
DG428088,near_duplicate_ge_0.80,428627,PineScript,A,DUPLICATE,3,3,0,428088,0.981,,双重策略RSI与随机指标组合策略Dual-Strategy-Combining-RSI-and-Stochastic-Oscillator.md
DG428088,near_duplicate_ge_0.80,434524,PineScript,A,DUPLICATE,3,3,0,428627,0.908,,双重指标买入过滤买入信号策略Dual-Indicator-Filtered-Buy-Signal-Strategy.md
DG428098,near_duplicate_ge_0.80,428098,PineScript,A,REJECTED,2,2,0,434612,0.823,,基于CCI零位的趋势追踪策略CCI-Zero-Crossing-Trend-Following-Strategy.md
DG428098,near_duplicate_ge_0.80,434612,PineScript,A,REJECTED,2,2,0,428098,0.823,,CCI零点反转交易策略CCI-Zero-Cross-Trading-Strategy.md
DG428578,near_duplicate_ge_0.80,428578,PineScript,A,PORT_CANDIDATE,4,4,0,428613,0.882,,EMA增强超级趋势策略EMA-Enhanced-SuperTrend-Strategy.md
DG428578,near_duplicate_ge_0.80,428613,PineScript,A,DUPLICATE,4,4,0,432355,1.000,,双移动均线策略Dual-Moving-Average-Crossover-Strategy.md
DG428578,near_duplicate_ge_0.80,432355,PineScript,A,DUPLICATE,4,4,0,428613,1.000,,双向MA追踪止损策略Dual-Moving-Average-Tracking-Stop-Loss-Strategy.md
DG428578,near_duplicate_ge_0.80,433944,PineScript,A,DUPLICATE,4,4,0,428613,0.949,,超趋势均线BOLL指标策略Supertrend-Bollinger-Bands-Strategy.md
DG428581,near_duplicate_ge_0.80,428581,PineScript,A,PORT_CANDIDATE,2,2,0,431501,0.855,,MACD真级别策略MACD-TrueLevel-Strategy.md
DG428581,near_duplicate_ge_0.80,431501,PineScript,A,DUPLICATE,2,2,0,428581,0.855,,RSI真实区域突破策略RSI-True-Level-Breakout-Strategy.md
DG428630,near_duplicate_ge_0.80,428630,PineScript,A,PORT_CANDIDATE,3,2,1,433007,0.913,,双随机动能指标筛选策略Stochastic-Momentum-Dual-Indicators-Strategy.md
DG428630,near_duplicate_ge_0.80,433007,PineScript,A,DUPLICATE,3,2,1,439602,0.964,,个性化动量交易策略Personalized-Momentum-Trading-Strategy.md
DG428630,near_duplicate_ge_0.80,439602,PineScript,B,DUPLICATE,3,2,1,433007,0.964,,相对强弱指标的量化交易策略Stochastic-Momentum-Strategy.md
DG428681,near_duplicate_ge_0.80,428681,PineScript,A,PORT_CANDIDATE,2,2,0,428682,0.901,,SMA-和-RSI-组合交易策略SMA-and-RSI-Combination-Trading-Strategy.md
DG428681,near_duplicate_ge_0.80,428682,PineScript,A,DUPLICATE,2,2,0,428681,0.901,,基于SMA和RSI的短线双重过滤策略SMA-RSI-Double-Filter-Short-term-Trading-Strategy.md
DG428695,near_duplicate_ge_0.80,428695,PineScript,A,REJECTED,2,2,0,431225,0.979,,追踪昨日高点策略Yesterdays-High-Breakout-Trend-Following-Strategy.md
DG428695,near_duplicate_ge_0.80,431225,PineScript,A,REJECTED,2,2,0,428695,0.979,,突破昨日最高价策略Yesterdays-High-Breakout-Strategy.md
DG428756,near_duplicate_ge_0.80,428756,PineScript,A,PORT_CANDIDATE,2,2,0,433071,0.828,,blackcat-L1-MartinGale-Scalping-Strategy.md
DG428756,near_duplicate_ge_0.80,433071,PineScript,A,DUPLICATE,2,2,0,428756,0.828,,动态均线回撤马丁策略Dynamic-Moving-Average-Retracement-Martin-Strategy.md
DG428790,near_duplicate_ge_0.80,428790,PineScript,A,PORT_CANDIDATE,3,3,0,437664,0.970,,动量顺势突破策略A-Momentum-Breakout-Strategy.md
DG428790,near_duplicate_ge_0.80,430054,PineScript,A,DUPLICATE,3,3,0,428790,0.842,,基于卡马利拉通道的突破策略Breakout-Strategy-Based-on-Camarilla-Channels.md
DG428790,near_duplicate_ge_0.80,437664,PineScript,A,DUPLICATE,3,3,0,428790,0.970,,Camarilla支撑阻力层突破策略Camarilla-Pivot-Breakout-Strategy.md
DG428799,near_duplicate_ge_0.80,428799,PineScript,A,REJECTED,2,2,0,437631,0.907,,RSI与SMA组合交易策略RSI-and-SMA-Combination-Trading-Strategy.md
DG428799,near_duplicate_ge_0.80,437631,PineScript,A,REJECTED,2,2,0,428799,0.907,,RSI和SMA交叉策略RSI-and-SMA-Crossover-Strategy.md
DG428811,near_duplicate_ge_0.80,428811,PineScript,A,PORT_CANDIDATE,2,1,1,440083,0.941,,双重均线与MACD组合短线策略Dual-Moving-Average-and-MACD-Combination-Short-term-Trading-Strategy.md
DG428811,near_duplicate_ge_0.80,440083,PineScript,B,DUPLICATE,2,1,1,428811,0.941,,平滑移动平均策略组合优化Price-EMA-with-stochastic-optimization-based-on-machine-learning.md
DG428854,near_duplicate_ge_0.80,428854,PineScript,A,PORT_CANDIDATE,2,2,0,430128,0.982,,趋势跟踪移动止损均线策略Trend-Following-Moving-Stop-Loss-MA-Strategy.md
DG428854,near_duplicate_ge_0.80,430128,PineScript,A,DUPLICATE,2,2,0,428854,0.982,,RSI双轨震荡线长短双向交易策略RSI-Dual-rail-Oscillation-Line-Long-and-Short-Bi-directional-Trading-Strategy.md
DG428985,near_duplicate_ge_0.80,428985,PineScript,A,PORT_CANDIDATE,2,2,0,433915,0.839,,摆动交易策略Swing-Trading-Strategy.md
DG428985,near_duplicate_ge_0.80,433915,PineScript,A,DUPLICATE,2,2,0,428985,0.839,,趋势过滤移动均线交叉量化策略-Trend-Filter-Moving-Average-Crossover-Quantitative-Strategy.md
DG429163,near_duplicate_ge_0.80,429163,PineScript,A,PORT_CANDIDATE,10,3,7,439698,0.963,,海洋理论网格交易策略Ocean-Theory-Grid-Trading-Strategy.md
DG429163,near_duplicate_ge_0.80,438937,PineScript,A,DUPLICATE,10,3,7,439343,1.000,,自适应智能网格交易策略Adaptive-Intelligent-Grid-Trading-Strategy.md
DG429163,near_duplicate_ge_0.80,439343,PineScript,A,DUPLICATE,10,3,7,438937,1.000,,基于网格交易的自适应加密货币套利策略Adaptive-Cryptocurrency-Grid-Trading-Strategy-Based-on-Arbitrage.md
DG429163,near_duplicate_ge_0.80,439698,PineScript,B,DUPLICATE,10,3,7,440879,1.000,,基于动态网格交易策略Dynamic-Grid-Trading-Strategy.md
DG429163,near_duplicate_ge_0.80,440716,PineScript,B,DUPLICATE,10,3,7,442332,1.000,,双向网格K线追踪交易策略Grid-Trading-Strategy-Based-on-Real-time-K-line-Tracking.md
DG429163,near_duplicate_ge_0.80,440879,PineScript,B,DUPLICATE,10,3,7,439698,1.000,,主动自适应量化网格交易策略Self-adaptive-Quant-Grid-Trading-Strategy.md
DG429163,near_duplicate_ge_0.80,442332,PineScript,B,DUPLICATE,10,3,7,440716,1.000,,基于量化交易平台的自适应网格交易策略Adaptive-Grid-Trading-Strategy-Based-on-Quantitative-Trading-Platform.md
DG429163,near_duplicate_ge_0.80,445440,PineScript,B,DUPLICATE,10,3,7,438937,0.919,,基于多空自适应动态网格策略A-Long-Short-Adaptive-Dynamic-Grid-Strategy-Based.md
DG429163,near_duplicate_ge_0.80,445838,PineScript,B,DUPLICATE,10,3,7,439698,1.000,,动态网格趋势追踪量化交易策略Dynamic-Grid-Trend-Following-Quantitative-Trading-Strategy.md
DG429163,near_duplicate_ge_0.80,446336,PineScript,B,DUPLICATE,10,3,7,438937,1.000,,网格交易风险对冲策略Grid-Trading-Risk-Hedging-Strategy.md
DG429688,near_duplicate_ge_0.80,429688,PineScript,A,REJECTED,2,2,0,438932,0.888,,多时间框架交替Parabolic-SAR策略Alternating-Timeframe-Parabolic-SAR-Strategy.md
DG429688,near_duplicate_ge_0.80,438932,PineScript,A,REJECTED,2,2,0,429688,0.888,,SAR交替时间框架交易策略SAR-Alternating-Timeframe-Trading-Strategy.md
DG429948,near_duplicate_ge_0.80,429948,PineScript,A,PORT_CANDIDATE,2,2,0,431275,0.803,,多因子动量和反转组合策略Momentum-Reversal-Combo-Strategy.md
DG429948,near_duplicate_ge_0.80,431275,PineScript,A,DUPLICATE,2,2,0,429948,0.803,,双向反转与动量均线策略Bidirectional-Reversal-and-Momentum-Moving-Average-Strategy.md
DG429969,near_duplicate_ge_0.80,429969,PineScript,A,PORT_CANDIDATE,3,1,2,443240,0.885,,三重模式震荡交易策略Triple-Pattern-Oscillation-Trading-Strategy.md
DG429969,near_duplicate_ge_0.80,440092,PineScript,B,DUPLICATE,3,1,2,443240,0.848,,坚如磐石的趋势追踪策略Solid-Trend-Following-Strategy.md
DG429969,near_duplicate_ge_0.80,443240,PineScript,B,DUPLICATE,3,1,2,429969,0.885,,双向追踪止损移动平均趋势策略Dual-directional-Trailing-Stop-Moving-Average-Trend-Strategy.md
DG430011,near_duplicate_ge_0.80,430011,PineScript,A,PORT_CANDIDATE,4,2,2,435941,0.935,,均线穿越多空策略Trend-Following-Strategy-Based-on-Moving-Average-Crossover.md
DG430011,near_duplicate_ge_0.80,435941,PineScript,A,DUPLICATE,4,2,2,440693,1.000,,多种技术指标相结合策略Universal-Sniper-Strategy.md
DG430011,near_duplicate_ge_0.80,440311,PineScript,B,DUPLICATE,4,2,2,430011,0.935,,开箱即用的机器学习交易策略Out-of-the-box-Machine-Learning-Trading-Strategy.md
DG430011,near_duplicate_ge_0.80,440693,PineScript,B,DUPLICATE,4,2,2,435941,1.000,,耐心剖析K线蕴含宝贵信息的三重均线波段策略The-Triple-Moving-Average-Channel-Strategy-for-Patiently-Mining-Valuable-Information-from-Candlestick-Lines.md
DG430040,near_duplicate_ge_0.80,430040,PineScript,A,PORT_CANDIDATE,2,2,0,430121,1.000,,追踪移动均线交易策略Moving-Average-Tracking-Trading-Strategy.md
DG430040,near_duplicate_ge_0.80,430121,PineScript,A,DUPLICATE,2,2,0,430040,1.000,,均线交叉和MACD过滤的海因阿修蜡烛策略V3Heiken-Ashi-Moving-Average-Crossover-Strategy-with-MACD-Filter-V3.md
DG430044,near_duplicate_ge_0.80,430044,PineScript,A,PORT_CANDIDATE,2,2,0,435127,0.931,,基于RSI极值与SMA均线过滤的趋势跟踪策略A-Trend-Following-Strategy.md
DG430044,near_duplicate_ge_0.80,435127,PineScript,A,DUPLICATE,2,2,0,430044,0.931,,基于RSI指标和200日SMA滤波器的间接强度指数策略Indirect-Strength-Index-Strategy-Based-on-RSI-Indicator-and-200-day-SMA-Filter.md
DG430130,near_duplicate_ge_0.80,430130,PineScript,A,REJECTED,2,2,0,432806,0.834,,反向突破交易策略Contrarian-Breakout-Trading-Strategy.md
DG430130,near_duplicate_ge_0.80,432806,PineScript,A,REJECTED,2,2,0,430130,0.834,,反向K线突破短线交易策略Reversal-Short-term-Breakout-Trading-Strategy.md
DG430383,near_duplicate_ge_0.80,430383,PineScript,A,PORT_CANDIDATE,3,2,1,436600,0.817,,多时间框架买入价格下跌策略Multi-Timeframe-Buy-the-Dip-Strategy.md
DG430383,near_duplicate_ge_0.80,436600,PineScript,A,DUPLICATE,3,2,1,440446,0.834,,简单低买高卖策略Simple-Buy-Low-Sell-High-Strategy.md
DG430383,near_duplicate_ge_0.80,440446,PineScript,B,DUPLICATE,3,2,1,436600,0.834,,牛市回调短线策略Scalping-Dips-in-Bull-Market-Strategy.md
DG430555,near_duplicate_ge_0.80,430555,PineScript,A,PORT_CANDIDATE,2,1,1,440511,0.847,,动量反转组合策略Momentum-Reversal-Combo-Strategy.md
DG430555,near_duplicate_ge_0.80,440511,PineScript,B,DUPLICATE,2,1,1,430555,0.847,,双机制动态趋势追踪策略Dual-Mechanism-Dynamic-Trend-Tracking-Strategy.md
DG430585,near_duplicate_ge_0.80,430585,PineScript,A,PORT_CANDIDATE,4,2,2,436541,0.836,,特斯拉超趋势策略Tesla-Supertrend-Strategy.md
DG430585,near_duplicate_ge_0.80,436541,PineScript,A,DUPLICATE,4,2,2,440876,1.000,,基于双均线追踪策略Dual-Moving-Average-Tracking-Strategy.md
DG430585,near_duplicate_ge_0.80,439762,PineScript,B,DUPLICATE,4,2,2,436541,0.891,,基于超趋势指标的多空自动交易策略Supertrend-Tracking-Strategy.md
DG430585,near_duplicate_ge_0.80,440876,PineScript,B,DUPLICATE,4,2,2,436541,1.000,,Supertrend-Bitcoin长线策略Supertrend-Bitcoin-Long-Line-Strategy.md
DG430693,near_duplicate_ge_0.80,430693,PineScript,A,REJECTED,2,2,0,437799,1.000,,价格通道趋势跟踪策略trend-following-strategy-based-on-Donchian-Channels.md
DG430693,near_duplicate_ge_0.80,437799,PineScript,A,REJECTED,2,2,0,430693,1.000,,双通道突破Turtle策略Double-Channel-Breakthrough-Turtle-Strategy.md
DG430740,near_duplicate_ge_0.80,430740,PineScript,A,PORT_CANDIDATE,2,2,0,432119,0.915,,超越指标动量系统交易策略SMI-Ergodic-Oscillator-Momentum-Trading-Strategy.md
DG430740,near_duplicate_ge_0.80,432119,PineScript,A,DUPLICATE,2,2,0,430740,0.915,,双移动均线趋势跟踪策略Dual-Moving-Average-Trend-Following-Strategy.md
DG430757,near_duplicate_ge_0.80,430757,PineScript,A,PORT_CANDIDATE,2,1,1,440703,0.838,,动量跟随的Schaff趋势循环策略Schaff-Trend-Cycle-Momentum-Following-Strategy.md
DG430757,near_duplicate_ge_0.80,440703,PineScript,B,DUPLICATE,2,1,1,430757,0.838,,基于MACD与随机指标的加密货币交易策略Cryptocurrency-Trading-Strategy-Based-on-MACD-and-Stochastic-Indicators.md
DG430773,near_duplicate_ge_0.80,430773,PineScript,A,REJECTED,2,2,0,435513,0.914,,黄金交叉追涨杀跌策略Golden-Cross-Trend-Following-Strategy.md
DG430773,near_duplicate_ge_0.80,435513,PineScript,A,REJECTED,2,2,0,430773,0.914,,金叉死叉趋势追踪策略Golden-Dead-Cross-Trend-Tracking-Strategy.md
DG430876,near_duplicate_ge_0.80,430876,PineScript,A,PORT_CANDIDATE,2,2,0,435475,0.948,,海因阿修与超级趋势策略Heiken-Ashi-and-Super-Trend-Strategy.md
DG430876,near_duplicate_ge_0.80,435475,PineScript,A,DUPLICATE,2,2,0,430876,0.948,,Heiken-Ashi与超级趋势组合策略Heiken-Ashi-and-Super-Trend-Combination-Strategy.md
DG430887,near_duplicate_ge_0.80,430887,PineScript,A,PORT_CANDIDATE,2,1,1,439996,0.816,,反转复活振荡指标组合策略Combo-Strategy-of-123-Reversal-and-Fractal-Chaos-Oscillator.md
DG430887,near_duplicate_ge_0.80,439996,PineScript,B,DUPLICATE,2,1,1,430887,0.816,,双重反转震荡带趋势跟踪策略Dual-Reversal-Oscillating-Band-Trend-Following-Strategy.md
DG430984,near_duplicate_ge_0.80,430984,PineScript,A,PORT_CANDIDATE,2,2,0,432798,0.885,,斐波那契回撤交易策略脚本.md
DG430984,near_duplicate_ge_0.80,432798,PineScript,A,DUPLICATE,2,2,0,430984,0.885,,基于斐波那契回撤的量化交易策略Fibonacci-Retracement-Quantitative-Trading-Strategy.md
DG431212,near_duplicate_ge_0.80,431212,PineScript,A,REJECTED,2,2,0,435470,0.956,,动量突破趋势追踪策略Trend-Tracking-Strategy-Based-on-Momentum-Breakout.md
DG431212,near_duplicate_ge_0.80,435470,PineScript,A,REJECTED,2,2,0,431212,0.956,,动量震荡交易策略Dynamic-Momentum-Oscillator-Trading-Strategy.md
DG431249,near_duplicate_ge_0.80,431249,PineScript,A,PORT_CANDIDATE,2,2,0,434986,0.918,,指标积分策略Momentum-Integral-Indicator-Strategy.md
DG431249,near_duplicate_ge_0.80,434986,PineScript,A,DUPLICATE,2,2,0,431249,0.918,,均线趋势跟踪交易策略Moving-Average-Trend-Following-Trading-Strategy.md
DG431272,near_duplicate_ge_0.80,431272,PineScript,A,PORT_CANDIDATE,2,2,0,433073,0.991,,多重MA带动量交易策略Multi-Timeframe-Moving-Average-Momentum-Trading-Strategy.md
DG431272,near_duplicate_ge_0.80,433073,PineScript,A,DUPLICATE,2,2,0,431272,0.991,,动量反转均线组合策略Momentum-Reversal-Moving-Average-Combination-Strategy.md
DG431395,near_duplicate_ge_0.80,431395,PineScript,A,REJECTED,2,2,0,434560,0.967,,EMAC指数移动平均线交叉优化策略EMAC-Exponential-Moving-Average-Cross-Optimized-Strategy.md
DG431395,near_duplicate_ge_0.80,434560,PineScript,A,REJECTED,2,2,0,431395,0.967,,双轨突破均线交叉策略Double-Rail-Breakthrough-Moving-Average-Crossover-Strategy.md
DG431431,near_duplicate_ge_0.80,431431,PineScript,A,PORT_CANDIDATE,3,2,1,442400,0.829,,基于T3移动平均线和ATR的交易策略Volatility-Adjusted-Moving-Average-Trading-Strategy.md
DG431431,near_duplicate_ge_0.80,437504,PineScript,A,DUPLICATE,3,2,1,442400,0.959,,基于-T3-和-ATR-的自动跟踪趋势策略Automatic-Tracking-Trend-Strategy-Based-on-T3-and-ATR.md
DG431431,near_duplicate_ge_0.80,442400,PineScript,B,DUPLICATE,3,2,1,437504,0.959,,自适应移动止损均线交易策略Adaptive-Moving-Stop-Line-Trading-Strategy.md
DG431672,near_duplicate_ge_0.80,431672,PineScript,A,REJECTED,2,1,1,440370,0.957,,动量追踪策略Momentum-Tracking-Strategy.md
DG431672,near_duplicate_ge_0.80,440370,PineScript,B,REJECTED,2,1,1,431672,0.957,,动量指标和趋势跟踪趋势策略Momentum-Trend-Strategy.md
DG431889,near_duplicate_ge_0.80,431889,PineScript,A,PORT_CANDIDATE,2,1,1,439598,1.000,,RSI回调突破策略RSI-Pullback-Breakout-Strategy.md
DG431889,near_duplicate_ge_0.80,439598,PineScript,B,DUPLICATE,2,1,1,431889,1.000,,基于RSI指标的短线交易策略RSI-5-Momentum-Trading-Strategy.md
DG431895,near_duplicate_ge_0.80,431895,PineScript,A,REJECTED,2,1,1,442870,0.882,,动态通道指标突破策略Dynamic-Channel-Breakout-Strategy.md
DG431895,near_duplicate_ge_0.80,442870,PineScript,B,REJECTED,2,1,1,431895,0.882,,唐奇安通道骑势策略Donchian-Channel-Trend-Riding-Strategy.md
DG432078,near_duplicate_ge_0.80,432078,PineScript,A,PORT_CANDIDATE,2,2,0,432304,0.938,,周末交易策略Weekend-Trading-Strategy.md
DG432078,near_duplicate_ge_0.80,432304,PineScript,A,DUPLICATE,2,2,0,432078,0.938,,周末波动交易策略Weekend-Volatility-Trading-Strategy.md
DG432212,near_duplicate_ge_0.80,432212,PineScript,A,HELD_NEEDS_VOLUME,2,2,0,434548,0.866,,双EMA均线与ATR指标配合过滤的趋势跟随策略Dual-EMA-Crossover-Trend-Following-Strategy-with-ATR-and-ADX-Filters.md
DG432212,near_duplicate_ge_0.80,434548,PineScript,A,DUPLICATE,2,2,0,432212,0.866,,双EMA黄金交叉交易策略Dual-EMA-Golden-Cross-Trading-Strategy.md
DG432217,near_duplicate_ge_0.80,432217,PineScript,A,PORT_CANDIDATE,2,2,0,432792,0.944,,多均线裂缝双向交易策略Williams-Fractals-Dual-Direction-Trading-Strategy.md
DG432217,near_duplicate_ge_0.80,432792,PineScript,A,DUPLICATE,2,2,0,432217,0.944,,趋势跟踪双EMA-Williams指标策略Dual-EMA-Williams-Indicator-Trend-Tracking-Strategy.md
DG432330,near_duplicate_ge_0.80,432330,PineScript,A,PORT_CANDIDATE,2,2,0,436501,0.910,,RSI趋势跟踪策略RSI-Trend-Following-Strategy.md
DG432330,near_duplicate_ge_0.80,436501,PineScript,A,DUPLICATE,2,2,0,432330,0.910,,基于RSI和加权移动平均线的趋势跟踪策略Trend-Following-Strategy-Based-on-RSI-and-Weighted-Moving-Average.md
DG432340,near_duplicate_ge_0.80,432340,PineScript,A,PORT_CANDIDATE,2,2,0,436249,0.823,,趋势区间突破策略Trend-Breakout-Strategy-Based-on-Bollinger-Bands.md
DG432340,near_duplicate_ge_0.80,436249,PineScript,A,DUPLICATE,2,2,0,432340,0.823,,双重均线布林带趋势追踪策略Dual-Moving-Average-Bollinger-Band-Trend-Tracking-Strategy.md
DG432361,near_duplicate_ge_0.80,432361,PineScript,A,PORT_CANDIDATE,3,3,0,438452,0.969,,基于MACD指标的趋势跟踪策略MACD-Trend-Following-Strategy.md
DG432361,near_duplicate_ge_0.80,435768,PineScript,A,DUPLICATE,3,3,0,432361,0.900,,MACD机器人交易策略MACD-Robot-Trading-Strategy.md
DG432361,near_duplicate_ge_0.80,438452,PineScript,A,DUPLICATE,3,3,0,432361,0.969,,基于MACD的长线策略MACD-Long-Only-Strategy.md
DG432418,near_duplicate_ge_0.80,432418,PineScript,A,REJECTED,2,2,0,438778,0.842,,双均线反转策略Dual-Moving-Average-Reversion-Strategy.md
DG432418,near_duplicate_ge_0.80,438778,PineScript,A,REJECTED,2,2,0,432418,0.842,,双向均线回归交易策略Bidirectional-Moving-Average-Reversion-Trading-Strategy.md
DG432657,near_duplicate_ge_0.80,432657,PineScript,A,PORT_CANDIDATE,2,1,1,439758,1.000,,双重强力指标策略Double-Strong-Indicators-Strategy.md
DG432657,near_duplicate_ge_0.80,439758,PineScript,B,DUPLICATE,2,1,1,432657,1.000,,基于MACD与RSI交叉策略MACD-and-RSI-Crossover-Strategy.md
DG432766,near_duplicate_ge_0.80,432766,PineScript,A,PORT_CANDIDATE,2,1,1,441051,1.000,,双向波动吞噬策略Dual-direction-Volatility-Swallowing-Strategy.md
DG432766,near_duplicate_ge_0.80,441051,PineScript,B,DUPLICATE,2,1,1,432766,1.000,,基于动量震荡交易策略Momentum-Swing-Trading-Strategy.md
DG432767,near_duplicate_ge_0.80,432767,PineScript,A,REJECTED,2,2,0,435287,0.910,,双均线交叉与RSI指标结合的量化交易策略Dual-Moving-Average-Crossover-Combined-with-RSI-Indicator-Quantitative-Trading-Strategy.md
DG432767,near_duplicate_ge_0.80,435287,PineScript,A,REJECTED,2,2,0,432767,0.910,,基于RSI和移动平均线的趋势追踪策略RSI-and-Moving-Average-Crossover-Trend-Following-Strategy.md
DG432874,near_duplicate_ge_0.80,432874,PineScript,A,PORT_CANDIDATE,2,1,1,441008,0.925,,多重均线突破策略Multi-Moving-Average-Breakout-Strategy.md
DG432874,near_duplicate_ge_0.80,441008,PineScript,B,DUPLICATE,2,1,1,432874,0.925,,多时间框架均线交叉趋势跟随策略Crossover-Strategy-between-Multiple-Moving-Averages.md
DG432892,near_duplicate_ge_0.80,432892,PineScript,A,REJECTED,2,2,0,439065,1.000,,双轨系统动量交易策略Dual-track-System-Momentum-Trading-Strategy.md
DG432892,near_duplicate_ge_0.80,439065,PineScript,A,REJECTED,2,2,0,432892,1.000,,多因子驱动趋势追踪策略Multifactor-Driven-Trend-Trading-Strategy.md
DG432909,near_duplicate_ge_0.80,432909,PineScript,A,HELD_NEEDS_VOLUME,3,3,0,433407,0.851,,彩云策略Kairou-Strategy.md
DG432909,near_duplicate_ge_0.80,433407,PineScript,A,DUPLICATE,3,3,0,439352,0.981,,Ichimoku混合Macd和Tsi综合策略Ichimoku-Mixed-Equilibrium-Table-Macd-and-Tsi-Combined-Strategy.md
DG432909,near_duplicate_ge_0.80,439352,PineScript,A,DUPLICATE,3,3,0,433407,0.981,,Ichimoku云带策略优化A-Trend-Strategy-Optimization-Based-On-Ichimoku-Cloud-Chart.md
DG432969,near_duplicate_ge_0.80,432969,PineScript,A,PORT_CANDIDATE,2,2,0,434569,0.849,,布林带趋势震荡交易策略Bollinger-Trend-Shock-Trading-Strategy.md
DG432969,near_duplicate_ge_0.80,434569,PineScript,A,DUPLICATE,2,2,0,432969,0.849,,布林带反转趋势策略Bollinger-Bands-Reversal-Trend-Strategy.md
DG433010,near_duplicate_ge_0.80,433010,PineScript,A,PORT_CANDIDATE,2,1,1,442933,0.948,,基于价格的止损止盈策略Price-based-Stop-Loss-and-Take-Profit-Strategy.md
DG433010,near_duplicate_ge_0.80,442933,PineScript,B,DUPLICATE,2,1,1,433010,0.948,,基于双均线跟随策略Dual-Moving-Average-Following-Strategy.md
DG433108,near_duplicate_ge_0.80,433108,PineScript,A,PORT_CANDIDATE,2,2,0,435273,0.916,,高级布林带均线网格趋势追踪策略Advanced-Bollinger-Band-Moving-Average-Grid-Trend-Tracking-Strategy.md
DG433108,near_duplicate_ge_0.80,435273,PineScript,A,DUPLICATE,2,2,0,433108,0.916,,布林波段双均线追踪网格策略Bollinger-Fibonacci-Grid-Tracking-Trend-Strategy.md
DG433452,near_duplicate_ge_0.80,433452,PineScript,A,PORT_CANDIDATE,3,2,1,442121,0.982,,蜡烛形态策略-Candlestick-Pattern-Strategy.md
DG433452,near_duplicate_ge_0.80,439228,PineScript,A,DUPLICATE,3,2,1,442121,0.842,,K线形态策略Candlestick-Patterns-Strategy.md
DG433452,near_duplicate_ge_0.80,442121,PineScript,B,DUPLICATE,3,2,1,433452,0.982,,基于卡片形态策略Candle-Patterns-Trading-Strategy.md
DG433901,near_duplicate_ge_0.80,433901,PineScript,A,PORT_CANDIDATE,2,2,0,434178,0.836,,快速RSI反转策略Fast-RSI-Reversal-Strategy.md
DG433901,near_duplicate_ge_0.80,434178,PineScript,A,DUPLICATE,2,2,0,433901,0.836,,快速RSI策略分析Fast-RSI-Strategy-Analysis.md
DG433910,near_duplicate_ge_0.80,433910,PineScript,A,PORT_CANDIDATE,2,2,0,438821,0.974,,基于布林带突破的FiboBuLL波浪策略FiboBuLL-Wave-Strategy-Based-on-Bollinger-Bands-Breakout.md
DG433910,near_duplicate_ge_0.80,438821,PineScript,A,DUPLICATE,2,2,0,433910,0.974,,玻尔波带波动信号策略Bollinger-Wave-Strategy.md
DG434166,near_duplicate_ge_0.80,434166,PineScript,A,PORT_CANDIDATE,3,2,1,439975,0.937,,Fisher变换指标回测策略Fisher-Transform-Backtest-Strategy.md
DG434166,near_duplicate_ge_0.80,438062,PineScript,A,DUPLICATE,3,2,1,434166,0.911,,基于费雪转换的Ehlers交易策略Ehlers-Fisher-Transform-Trading-Strategy.md
DG434166,near_duplicate_ge_0.80,439975,PineScript,B,DUPLICATE,3,2,1,434166,0.937,,Fisher变换指标回测策略Backtesting-Strategy-Based-on-Fisher-Transform-Indicator.md
DG434293,near_duplicate_ge_0.80,434293,PineScript,A,PORT_CANDIDATE,2,2,0,439229,1.000,,双均线突破策略Dual-Moving-Average-Breakthrough-Strategy.md
DG434293,near_duplicate_ge_0.80,439229,PineScript,A,DUPLICATE,2,2,0,434293,1.000,,低买高卖的动量交易策略-Momentum-Breakout-Strategy.md
DG434326,near_duplicate_ge_0.80,365882,PineScript,A,REJECTED,2,2,0,434326,0.965,,FTSMA-Trend-is-your-frend.md
DG434326,near_duplicate_ge_0.80,434326,PineScript,A,PORT_CANDIDATE,2,2,0,365882,0.965,,低频傅里叶变换趋势跟踪移动平均线策略Low-Frequency-Fourier-Transform-Trend-Following-Moving-Average-Strategy.md
DG434428,near_duplicate_ge_0.80,434428,PineScript,A,PORT_CANDIDATE,2,2,0,435515,0.963,,Reversal-Bollinger-Bands-Strategy反转波动带策略.md
DG434428,near_duplicate_ge_0.80,435515,PineScript,A,DUPLICATE,2,2,0,434428,0.963,,布林带突破股票策略Bollinger-Breakout-Stock-Strategy.md
DG434447,near_duplicate_ge_0.80,434447,PineScript,A,REJECTED,2,2,0,439096,1.000,,MACD多层次布林通道海龟策略MACD-Bollinger-Turtle-Trading-Strategy.md
DG434447,near_duplicate_ge_0.80,439096,PineScript,A,REJECTED,2,2,0,434447,1.000,,三重移动平均均线与MACD组合量化策略Triple-Moving-Average-Combined-with-MACD-Quantitative-Strategy.md
DG434488,near_duplicate_ge_0.80,434488,PineScript,A,REJECTED,2,1,1,442366,0.981,,双EMA均线交叉策略Dual-EMA-Crossover-Strategy.md
DG434488,near_duplicate_ge_0.80,442366,PineScript,B,REJECTED,2,1,1,434488,0.981,,DEMA交叉趋势追踪策略DEMA-Crossover-Trend-Following-Strategy.md
DG434585,near_duplicate_ge_0.80,434585,PineScript,A,PORT_CANDIDATE,2,2,0,439076,0.872,,唐奇安通道带跟踪止损策略Donchian-Channel-With-Trailing-Stop-Loss-Strategy.md
DG434585,near_duplicate_ge_0.80,439076,PineScript,A,DUPLICATE,2,2,0,434585,0.872,,一种趋势跟踪动态通道突破策略Dynamic-Channel-Breakout-Strategy.md
DG434610,near_duplicate_ge_0.80,434610,PineScript,A,PORT_CANDIDATE,4,3,1,435128,1.000,,移动平均回拉交易策略Moving-Average-Pullback-Trading-Strategy.md
DG434610,near_duplicate_ge_0.80,435128,PineScript,A,DUPLICATE,4,3,1,434610,1.000,,跟踪长期趋势的简单拉回策略Simple-Pullback-Strategy-Tracking-Long-Term-Trends.md
DG434610,near_duplicate_ge_0.80,439187,PineScript,A,DUPLICATE,4,3,1,434610,1.000,,动量反转短线交易策略-Momentum-Reversal-Trading-Strategy.md
DG434610,near_duplicate_ge_0.80,442514,PineScript,B,DUPLICATE,4,3,1,434610,0.912,,双均线压力回调策略Dual-Moving-Average-Pressure-Rebound-Strategy.md
DG434678,near_duplicate_ge_0.80,434678,PineScript,A,PORT_CANDIDATE,2,2,0,439113,0.807,,双重反转动点指数均线策略Reversal-Dynamic-Pivot-Points-Exponential-Moving-Average-Strategy.md
DG434678,near_duplicate_ge_0.80,439113,PineScript,A,DUPLICATE,2,2,0,434678,0.807,,双重确认反转趋势追踪策略Dual-Confirmation-Reversal-Trend-Tracking-Strategy.md
DG434966,near_duplicate_ge_0.80,434966,PineScript,A,PORT_CANDIDATE,2,1,1,442566,0.852,,基于趋势交易者平均线的布林带回测策略Trend-Trader-Bands-Backtest-Strategy-Based-on-Trend-Trader-Moving-Average.md
DG434966,near_duplicate_ge_0.80,442566,PineScript,B,DUPLICATE,2,1,1,434966,0.852,,基于动态趋势追踪策略Trading-Dynamic-Trend-Tracking-Strategy.md
DG434976,near_duplicate_ge_0.80,434976,PineScript,A,PORT_CANDIDATE,2,1,1,440561,0.852,,动态ATR追踪止损策略Dynamic-ATR-Trailing-Stop-Loss-Strategy.md
DG434976,near_duplicate_ge_0.80,440561,PineScript,B,DUPLICATE,2,1,1,434976,0.852,,双ATR尾随止损策略Dual-ATR-Trailing-Stop-Strategy.md
DG435250,near_duplicate_ge_0.80,435250,PineScript,A,PORT_CANDIDATE,2,2,0,435716,0.901,,基于加速振荡器的趋势反转策略Trend-Reversal-Strategy-Based-on-Accelerator-Oscillator.md
DG435250,near_duplicate_ge_0.80,435716,PineScript,A,DUPLICATE,2,2,0,435250,0.901,,威廉指标的精妙震荡器AC回测策略AC-Backtest-Strategy-of-Williams-Indicator.md
DG435270,near_duplicate_ge_0.80,435270,PineScript,A,HELD_NEEDS_VOLUME,2,1,1,446331,0.977,,动态意识形态趋势反转策略Dynamic-Pattern-Trend-Reversal-Strategy.md
DG435270,near_duplicate_ge_0.80,446331,PineScript,B,DUPLICATE,2,1,1,435270,0.977,,多空线性交叉策略Long-Short-Linear-Regression-Crossover-Strategy.md
DG435271,near_duplicate_ge_0.80,435271,PineScript,A,PORT_CANDIDATE,2,2,0,438464,0.826,,MACD配信交叉策略MACD-Crossover-with-Signal-Strategy.md
DG435271,near_duplicate_ge_0.80,438464,PineScript,A,DUPLICATE,2,2,0,435271,0.826,,基于MACD的多时框架交易策略Multi-Timeframe-Trading-Strategy-Based-on-MACD.md
DG435464,near_duplicate_ge_0.80,435464,PineScript,A,PORT_CANDIDATE,3,2,1,442222,0.941,,跨趋势跟随套利181策略Valeria-181-Robot-Strategy-Improved-24.md
DG435464,near_duplicate_ge_0.80,435968,PineScript,A,DUPLICATE,3,2,1,435464,0.896,,基于简单双均线反转策略Double-Moving-Average-Reversal-Strategy.md
DG435464,near_duplicate_ge_0.80,442222,PineScript,B,DUPLICATE,3,2,1,435464,0.941,,跨均线反转策略Cross-Moving-Average-Reversal-Strategy.md
DG435477,near_duplicate_ge_0.80,435477,PineScript,A,PORT_CANDIDATE,2,2,0,438484,0.843,,EMA黄金交叉短线交易策略EMA-Golden-Cross-Short-term-Trading-Strategy.md
DG435477,near_duplicate_ge_0.80,438484,PineScript,A,DUPLICATE,2,2,0,435477,0.843,,双EMA黄金交叉止盈策略Dual-EMA-Golden-Cross-Profit-Taking-Strategy.md
DG435718,near_duplicate_ge_0.80,435718,PineScript,A,REJECTED,2,1,1,439749,0.949,,积极通道EMA追踪止损策略Positive-Channel-EMA-Trailing-Stop-Strategy.md
DG435718,near_duplicate_ge_0.80,439749,PineScript,B,REJECTED,2,1,1,435718,0.949,,基于均线和周期判断的动量突破策略Momentum-Breakout-Strategy-Based-on-Cycle-Judgment-with-Moving-Averages.md
DG435721,near_duplicate_ge_0.80,435721,PineScript,A,PORT_CANDIDATE,2,2,0,438050,0.818,,多重时间框架魔改加强的史托克指标与SMA组合趋势跟踪策略X48-DayLight-Hunter-Strategy-Optimization-and-Adaptation.md
DG435721,near_duplicate_ge_0.80,438050,PineScript,A,REJECTED,2,2,0,435721,0.818,,基于随机停损盈利的双向开仓量化策略Quant-Strategy-with-Stochastic-Signal-SMA-Filter-and-Random-Stop-loss-take-profit.md
DG435963,near_duplicate_ge_0.80,435963,PineScript,A,PORT_CANDIDATE,2,1,1,439648,1.000,,基于两条不同参数渐变均线交易策略Meticulous-EMA-Crossover-Strategy.md
DG435963,near_duplicate_ge_0.80,439648,PineScript,B,DUPLICATE,2,1,1,435963,1.000,,基于均线的趋势跟踪策略Trend-Following-Strategy-Based-on-Moving-Average.md
DG435986,near_duplicate_ge_0.80,435986,PineScript,A,PORT_CANDIDATE,2,2,0,436529,1.000,,多重加权移动平均线趋势策略Multiple-Weighted-Moving-Averages-Trend-Strategy.md
DG435986,near_duplicate_ge_0.80,436529,PineScript,A,DUPLICATE,2,2,0,435986,1.000,,基于加权移动平均线策略Based-on-Weighted-Moving-Average-Strategy.md
DG435995,near_duplicate_ge_0.80,435995,PineScript,A,PORT_CANDIDATE,3,3,0,436775,0.934,,双EMA黄金交叉突破策略Dual-EMA-Golden-Cross-Breakthrough-Strategy.md
DG435995,near_duplicate_ge_0.80,436775,PineScript,A,DUPLICATE,3,3,0,435995,0.934,,基于双均线穿越交易策略Double-Moving-Average-Crossover-Trading-Strategy.md
DG435995,near_duplicate_ge_0.80,437017,PineScript,A,DUPLICATE,3,3,0,435995,0.856,,双EMA金叉死叉趋势策略Dual-EMA-Crossover-Trend-Strategy.md
DG436137,near_duplicate_ge_0.80,436137,PineScript,A,PORT_CANDIDATE,3,2,1,439203,0.948,,均线回转反转策略Mean-Reversion-Reverse-Strategy-Based-on-Moving-Average.md
DG436137,near_duplicate_ge_0.80,439203,PineScript,A,DUPLICATE,3,2,1,436137,0.948,,基于均线的趋势追踪策略-Trend-Following-Strategy-Based-on-Moving-Averages.md
DG436137,near_duplicate_ge_0.80,442249,PineScript,B,DUPLICATE,3,2,1,436137,0.809,,均线交叉长线并量化策略EMA-Crossover-for-Long-Line-Quant-Strategy.md
DG436232,near_duplicate_ge_0.80,436232,PineScript,A,PORT_CANDIDATE,2,2,0,439073,1.000,,基于简单移动平均线的量化交易策略The-moving-average-crossover-strategy-is-a-quantitative-trading-strategy.md
DG436232,near_duplicate_ge_0.80,439073,PineScript,A,DUPLICATE,2,2,0,436232,1.000,,Dual-SMA-Momentum-Strategy双SMA动量策略.md
DG436261,near_duplicate_ge_0.80,436261,PineScript,A,PORT_CANDIDATE,2,2,0,438806,0.955,,基于双均线和FRAMA指标的多空交叉交易策略FRAMA-and-Moving-Average-Crossover-Trading-Strategy-Based-on-Dual-Moving-Average.md
DG436261,near_duplicate_ge_0.80,438806,PineScript,A,DUPLICATE,2,2,0,436261,0.955,,基于FRAMA指标的MA均线交叉策略FraMA-and-MA-Crossover-Trading-Strategy-Based-on-FRAMA-Indicator.md
DG436515,near_duplicate_ge_0.80,436515,PineScript,A,PORT_CANDIDATE,2,1,1,442087,0.895,,50资金50仓位动态平衡量化策略Dynamic-Balancing-Strategy-with-50-Funds-and-50-Positions.md
DG436515,near_duplicate_ge_0.80,442087,PineScript,B,DUPLICATE,2,1,1,436515,0.895,,动态平衡双向跟踪槓桿ETF投资策略Dynamic-Balancing-Leveraged-ETF-Investment-Strategy.md
DG436783,near_duplicate_ge_0.80,436783,PineScript,A,PORT_CANDIDATE,2,1,1,442232,0.806,,基于SMA均线和RSI指标的白银价格短期交易策略Short-Term-Silver-Trading-Strategy-Based-on-SMA-and-RSI-Indicators.md
DG436783,near_duplicate_ge_0.80,442232,PineScript,B,DUPLICATE,2,1,1,436783,0.806,,基于EMARSI和MACD的多时间框架交易策略EMA-RSI-and-MACD-Based-Multi-Timeframe-Trading-Strategy.md
DG436903,near_duplicate_ge_0.80,436903,PineScript,A,PORT_CANDIDATE,2,1,1,441988,0.959,,多重指标量化交易策略Comprehensive-Quantitative-Trading-Strategy-Based-on-Multiple-Indicators.md
DG436903,near_duplicate_ge_0.80,441988,PineScript,B,DUPLICATE,2,1,1,436903,0.959,,综合多空自动期货交易策略Comprehensive-Futures-Automated-Trading-Strategy-for-Both-Long-and-Short.md
DG437003,near_duplicate_ge_0.80,437003,PineScript,A,HELD_NEEDS_VOLUME,2,1,1,443128,0.808,,基于RSI指标的跨时间框架策略VWAP-RSI-Oversold-Crossunder-BTC-Short-Strategy.md
DG437003,near_duplicate_ge_0.80,443128,PineScript,B,DUPLICATE,2,1,1,437003,0.808,,基于RSI指标的多空自动交易策略RSI-based-Auto-Trading-Strategy.md
DG437034,near_duplicate_ge_0.80,437034,PineScript,A,PORT_CANDIDATE,2,1,1,439638,0.989,,基于QQE和MA的趋势跟踪策略Trend-Following-Strategy-Based-on-QQE-and-MA.md
DG437034,near_duplicate_ge_0.80,439638,PineScript,B,DUPLICATE,2,1,1,437034,0.989,,基于QQE指标的动量交易策略QQE-Momentum-Trading-Strategy.md
DG437048,near_duplicate_ge_0.80,437048,PineScript,A,PORT_CANDIDATE,2,1,1,440531,1.000,,动态趋势突破策略Dynamic-Breakout-Trend-Following-Strategy.md
DG437048,near_duplicate_ge_0.80,440531,PineScript,B,DUPLICATE,2,1,1,437048,1.000,,基于动量指标的趋势跟踪突破交易策略Momentum-Breakout-Trading-Strategy.md
DG437565,near_duplicate_ge_0.80,437565,PineScript,A,PORT_CANDIDATE,2,1,1,440308,0.895,,宽带突破策略Bollinger-Band-Breakout-Strategy.md
DG437565,near_duplicate_ge_0.80,440308,PineScript,B,DUPLICATE,2,1,1,437565,0.895,,一种只做多头的布林带突破追踪策略The-Bollinger-Band-breakout-strategy-is-a-long-only-momentum-chasing-strategy.md
DG437685,near_duplicate_ge_0.80,437685,PineScript,A,PORT_CANDIDATE,2,2,0,439194,0.844,,阻力与支撑带动的拉里金叉RSI策略RSIndex-and-Moving-Average-Combination-Strategy.md
DG437685,near_duplicate_ge_0.80,439194,PineScript,A,DUPLICATE,2,2,0,437685,0.844,,RSIBollinger双轨低位区间突破策略RSIBollinger-Bands-Breakout-Strategy-at-Lower-Area.md
DG437746,near_duplicate_ge_0.80,426597,PineScript,A,REJECTED,2,2,0,437746,0.801,,高点低点突破趋势追踪策略High-Low-Breakout-Trend-Following-Strategy.md
DG437746,near_duplicate_ge_0.80,437746,PineScript,A,PORT_CANDIDATE,2,2,0,426597,0.801,,突破追踪策略Breakthrough-Tracking-Strategy.md
DG438033,near_duplicate_ge_0.80,435834,PineScript,A,REJECTED,2,2,0,438033,0.949,,多重指标组合自适应趋势策略Multi-indicator-Combination-Adaptive-Trend-Strategy.md
DG438033,near_duplicate_ge_0.80,438033,PineScript,A,PORT_CANDIDATE,2,2,0,435834,0.949,,多重交叉海龟与加权移动平均线与MACD与TSI组合策略Multiple-Crossovers-Turtle-and-Weighted-Moving-Average-and-MACD-and-TSI-Combination-Strategy.md
DG438769,near_duplicate_ge_0.80,438769,PineScript,A,PORT_CANDIDATE,2,1,1,442096,0.971,,多时间框架超级趋势追踪策略Multi-timeframe-Super-Trend-Tracking-Strategy.md
DG438769,near_duplicate_ge_0.80,442096,PineScript,B,DUPLICATE,2,1,1,438769,0.971,,超级ATR趋势跟踪策略Super-ATR-Trend-Following-Strategy.md
DG438777,near_duplicate_ge_0.80,438777,PineScript,A,PORT_CANDIDATE,3,1,2,439702,0.870,,RSI多空分歧指标交易策略RSI-Bullish-and-Bearish-Divergence-Trading-Strategy.md
DG438777,near_duplicate_ge_0.80,439616,PineScript,B,DUPLICATE,3,1,2,439702,0.976,,RSI-异常背离交易策略RSI-Divergence-Trading-Strategy.md
DG438777,near_duplicate_ge_0.80,439702,PineScript,B,DUPLICATE,3,1,2,439616,0.976,,RSI指标分歧交易策略RSI-Divergence-Trading-Strategy.md
DG438794,near_duplicate_ge_0.80,438794,PineScript,A,PORT_CANDIDATE,5,1,4,442417,0.849,,基于双移动平均线交叉的回调入场策略EintSimple-Pullback-Strategy.md
DG438794,near_duplicate_ge_0.80,439757,PineScript,B,DUPLICATE,5,1,4,446459,1.000,,基于动量回踩策略Momentum-Pullback-Strategy.md
DG438794,near_duplicate_ge_0.80,442417,PineScript,B,DUPLICATE,5,1,4,439757,0.930,,基于均线的回撤交易策略Trend-Reversal-Strategy-Based-on-Moving-Averages.md
DG438794,near_duplicate_ge_0.80,443098,PineScript,B,DUPLICATE,5,1,4,442417,0.889,,多时间框架均线回调交易策略Multi-Timeframe-Moving-Average-Pullback-Trading-Strategy.md
DG438794,near_duplicate_ge_0.80,446459,PineScript,B,DUPLICATE,5,1,4,439757,1.000,,移动平均回调追踪策略-Moving-Average-Pullback-Tracking-Strategy.md
DG438826,near_duplicate_ge_0.80,438826,PineScript,A,PORT_CANDIDATE,2,2,0,438952,1.000,,ADX动态平均趋势指标策略ADX-Dynamic-Trend-Strategy.md
DG438826,near_duplicate_ge_0.80,438952,PineScript,A,DUPLICATE,2,2,0,438826,1.000,,ADX动量趋势策略ADX-Momentum-Trend-Strategy.md
DG438931,near_duplicate_ge_0.80,438931,PineScript,A,PORT_CANDIDATE,2,1,1,439612,0.963,,基于EMA-MA交叉的交易策略EMA-MA-Crossover-Options-Trading-Strategy.md
DG438931,near_duplicate_ge_0.80,439612,PineScript,B,DUPLICATE,2,1,1,438931,0.963,,双EMA黄金交叉算法策略Dual-EMA-Golden-Cross-Strategy.md
DG438938,near_duplicate_ge_0.80,438938,PineScript,A,PORT_CANDIDATE,2,1,1,442634,0.819,,超级趋势指标DEMA双重趋势追踪策略Dual-Trend-Tracking-Strategy.md
DG438938,near_duplicate_ge_0.80,442634,PineScript,B,DUPLICATE,2,1,1,438938,0.819,,超趋势Bollinger带双指数移动平均线交易策略SuperTrend-Bollinger-Bands-Dual-Moving-Average-Trading-Strategy.md
DG438950,near_duplicate_ge_0.80,438950,PineScript,A,PORT_CANDIDATE,2,1,1,440699,1.000,,移动平均线与随机RSI组合交易策略Moving-Average-and-Stochastic-RSI-Combination-Trading-Strategy.md
DG438950,near_duplicate_ge_0.80,440699,PineScript,B,DUPLICATE,2,1,1,438950,1.000,,移动平均线和随机相对强弱指标策略Moving-Average-and-Stochastic-RSI-Strategy.md
DG439039,near_duplicate_ge_0.80,439039,PineScript,A,PORT_CANDIDATE,2,1,1,439642,0.860,,趋势追踪移动止损策略Trend-Tracking-Trailing-Stop-Strategy.md
DG439039,near_duplicate_ge_0.80,439642,PineScript,B,DUPLICATE,2,1,1,439039,0.860,,基于趋势追踪和ADX指标的短线交易策略Trend-Tracking-and-Short-term-Trading-Strategy-Based-on-ADX-Indicator.md
DG439077,near_duplicate_ge_0.80,439077,PineScript,A,PORT_CANDIDATE,2,1,1,440455,0.958,,基于ADX指标的自适应交易策略Adaptive-Trading-Strategy-Based-on-ADX-Indicator.md
DG439077,near_duplicate_ge_0.80,440455,PineScript,B,DUPLICATE,2,1,1,439077,0.958,,双向ADX交易策略Dual-directional-ADX-Trading-Strategy.md
DG439104,near_duplicate_ge_0.80,439104,PineScript,A,PORT_CANDIDATE,2,1,1,440295,0.846,,动量均线交叉交易策略Momentum-Moving-Average-Crossover-Trading-Strategy.md
DG439104,near_duplicate_ge_0.80,440295,PineScript,B,DUPLICATE,2,1,1,439104,0.846,,均线黄金交叉短线策略Crossover-EMA-Short-term-Trading-Strategy.md
DG439201,near_duplicate_ge_0.80,439201,PineScript,A,PORT_CANDIDATE,2,1,1,443089,1.000,,基于布林带的突破策略Bollinger-Bands-Breakout-Strategy.md
DG439201,near_duplicate_ge_0.80,443089,PineScript,B,DUPLICATE,2,1,1,439201,1.000,,基于布林带跟踪策略The-Bollinger-Bands-Tracking-Strategy.md
DG439275,near_duplicate_ge_0.80,439275,PineScript,A,PORT_CANDIDATE,2,1,1,439652,0.924,,基于供需区域与EMA滑动止损的交易策略Trading-Strategy-Based-on-Supply-and-Demand-Zones-with-EMA-and-Trailing-Stop.md
DG439275,near_duplicate_ge_0.80,439652,PineScript,B,DUPLICATE,2,1,1,439275,0.924,,动量指标辅助均线回转交易策略Supply-Demand-Momentum-Reversal-Trading-Strategy.md
DG439360,near_duplicate_ge_0.80,439360,PineScript,A,PORT_CANDIDATE,2,1,1,443137,0.889,,双止盈双止损移动止损量化策略Dual-Take-Profit-Dual-Stop-Loss-Trailing-Stop-Loss-Bitcoin-Quantitative-Strategy.md
DG439360,near_duplicate_ge_0.80,443137,PineScript,B,DUPLICATE,2,1,1,439360,0.889,,移动平均线双轨道交易策略Dual-Moving-Average-Channel-Trading-Strategy.md
DG439366,near_duplicate_ge_0.80,439366,PineScript,A,PORT_CANDIDATE,2,1,1,439759,0.912,,比特币和黄金5分钟震荡交易策略20Bitcoin-and-Gold-5-Minute-Scalping-Strategy-20.md
DG439366,near_duplicate_ge_0.80,439759,PineScript,B,DUPLICATE,2,1,1,439366,0.912,,比特币和黄金双跳空策略Bitcoin-and-Gold-Double-Gap-Strategy.md
DG439734,near_duplicate_ge_0.80,439734,PineScript,B,PORT_CANDIDATE,2,0,2,440297,0.819,,聚合多时间帧MACD-RSI-CCI-StochRSI-MA线性交易策略Aggregated-Multi-timeframe-MACD-RSI-CCI-StochRSI-MA-Linear-Trading-Strategy.md
DG439734,near_duplicate_ge_0.80,440297,PineScript,B,DUPLICATE,2,0,2,439734,0.819,,多指标融合交易策略Multi-indicator-Composite-Trading-Strategy.md
DG439830,near_duplicate_ge_0.80,439830,PineScript,B,PORT_CANDIDATE,2,0,2,440854,0.955,,基于动量均线交易策略Momentum-Moving-Average-Crossover-Trading-Strategy.md
DG439830,near_duplicate_ge_0.80,440854,PineScript,B,DUPLICATE,2,0,2,439830,0.955,,双EMA均线追踪策略Dual-Exponential-Moving-Average-Trend-Following-Strategy.md
DG439838,near_duplicate_ge_0.80,439838,PineScript,B,PORT_CANDIDATE,2,0,2,441059,0.921,,双向自适应范围滤波动量跟踪策略This-strategy-is-a-bidirectional-adaptive-range-filtering-momentum-tracking-strategy.md
DG439838,near_duplicate_ge_0.80,441059,PineScript,B,DUPLICATE,2,0,2,439838,0.921,,双范围过滤趋势跟踪策略Dual-Range-Filter-Trend-Tracking-Strategy.md
DG439866,near_duplicate_ge_0.80,439866,PineScript,B,REJECTED,2,0,2,441147,0.969,,RSI与布林带量化策略RSI-Bollinger-Bands-Trading-Strategy.md
DG439866,near_duplicate_ge_0.80,441147,PineScript,B,REJECTED,2,0,2,439866,0.969,,RSI与布林带融合的LTC交易策略RSI-and-Bollinger-Bands-Fusion-Trading-Strategy-for-LTC.md
DG439965,near_duplicate_ge_0.80,439965,PineScript,B,HELD_NEEDS_VOLUME,2,0,2,442210,1.000,,多因子量化交易策略Quantitative-Trading-Strategy-with-Multiple-Factors.md
DG439965,near_duplicate_ge_0.80,442210,PineScript,B,DUPLICATE,2,0,2,439965,1.000,,基于多个因子量化交易策略Multi-factor-Quantitative-Trading-Strategy.md
DG439972,near_duplicate_ge_0.80,439972,PineScript,B,PORT_CANDIDATE,2,0,2,440827,1.000,,基于卡尔曼滤波的趋势跟踪策略Kalman-Filter-Based-Trend-Tracking-Strategy.md
DG439972,near_duplicate_ge_0.80,440827,PineScript,B,DUPLICATE,2,0,2,439972,1.000,,双均线策略360Dual-Moving-Average-Strategy-360.md
DG440095,near_duplicate_ge_0.80,439706,PineScript,B,DUPLICATE,2,0,2,440095,0.805,,双均线黄金交叉算法Dual-Moving-Average-Golden-Cross-Algorithm.md
DG440095,near_duplicate_ge_0.80,440095,PineScript,B,PORT_CANDIDATE,2,0,2,439706,0.805,,移动平均差值零轴交叉策略Moving-Average-Difference-Zero-Cross-Strategy.md
DG440363,near_duplicate_ge_0.80,440363,PineScript,B,REJECTED,2,0,2,442565,0.906,,动量趋势追踪者策略Momentum-Trend-Tracker-Strategy.md
DG440363,near_duplicate_ge_0.80,442565,PineScript,B,REJECTED,2,0,2,440363,0.906,,MACD动量复合均线策略-MACD-Momentum-with-MA-Strategy.md
DG440371,near_duplicate_ge_0.80,440371,PineScript,B,REJECTED,2,0,2,443140,0.856,,基于海龟交易员策略的突破反转模型Breakout-Reversal-Model-Based-on-Turtle-Trading-Strategy.md
DG440371,near_duplicate_ge_0.80,443140,PineScript,B,REJECTED,2,0,2,440371,0.856,,游龟交易策略Turtle-Trend-Strategy.md
DG440467,near_duplicate_ge_0.80,440467,PineScript,B,PORT_CANDIDATE,2,0,2,440993,0.974,,基于多指标的趋势跟踪策略Trend-Following-Strategy-Based-on-Multiple-Indicators.md
DG440467,near_duplicate_ge_0.80,440993,PineScript,B,DUPLICATE,2,0,2,440467,0.974,,基于多因子模型的动量交易策略Momentum-Trading-Strategy-Based-on-Multi-factor-Model.md
DG440557,near_duplicate_ge_0.80,439623,PineScript,B,REJECTED,2,0,2,440557,0.899,,Donchian渠道趋势跟踪策略Donchian-Channel-Trend-Following-Strategy.md
DG440557,near_duplicate_ge_0.80,440557,PineScript,B,PORT_CANDIDATE,2,0,2,439623,0.899,,多尼昌趋势跟踪策略Donchian-Trend-Following-Strategy.md
DG440712,near_duplicate_ge_0.80,440712,PineScript,B,REJECTED,2,0,2,442501,0.888,,Ichimoku云图量化策略Ichimoku-Clouds-Quant-Strategy.md
DG440712,near_duplicate_ge_0.80,442501,PineScript,B,REJECTED,2,0,2,440712,0.888,,基于一目均衡表的云内涨跌趋势策略Cloud-based-Trend-Strategy-Using-Ichimoku-Cloud.md
DG440817,near_duplicate_ge_0.80,440817,PineScript,B,PORT_CANDIDATE,2,0,2,441989,1.000,,开仓高收盘低吃单交易策略Open-High-Close-Low-Breakout-Trading-Strategy.md
DG440817,near_duplicate_ge_0.80,441989,PineScript,B,DUPLICATE,2,0,2,440817,1.000,440817,开高低止损追踪策略Open-High-Low-Stop-Loss-Tracking-Strategy.md
DG440829,near_duplicate_ge_0.80,440829,PineScript,B,PORT_CANDIDATE,5,0,5,442336,1.000,,金叉死叉量化交易策略Gold-Cross-Dead-Cross-Quantitative-Trading-Strategy.md
DG440829,near_duplicate_ge_0.80,442336,PineScript,B,DUPLICATE,5,0,5,440829,1.000,440829,基于金叉死叉交易策略Golden-Cross-Dead-Cross-Trading-Strategy.md
DG440829,near_duplicate_ge_0.80,442541,PineScript,B,DUPLICATE,5,0,5,440829,1.000,,移动均线黄金交易策略Moving-Average-Crossover-Gold-Trading-Strategy.md
DG440829,near_duplicate_ge_0.80,442636,PineScript,B,DUPLICATE,5,0,5,440829,1.000,440829,基于均线交叉的RR策略Crossing-Moving-Average-RR-Strategy.md
DG440829,near_duplicate_ge_0.80,442824,PineScript,B,DUPLICATE,5,0,5,440829,1.000,440829,基于金本位量化交易策略Gold-Standard-Quantitative-Trading-Strategy.md
DG440982,near_duplicate_ge_0.80,440982,PineScript,B,PORT_CANDIDATE,2,0,2,441136,0.898,,Bollinger-Bands与RSI组合交易策略Bollinger-Bands-and-RSI-Combination-Trading-Strategy.md
DG440982,near_duplicate_ge_0.80,441136,PineScript,B,DUPLICATE,2,0,2,440982,0.898,,Bollinger-Bands和RSI组合策略Bollinger-Bands-and-RSI-Combination-Strategy.md
DG440992,near_duplicate_ge_0.80,440992,PineScript,B,PORT_CANDIDATE,2,0,2,441175,0.878,,双向自适应布林带趋势追踪策略-Adaptive-Bollinger-Bands-Trend-Tracking-Strategy.md
DG440992,near_duplicate_ge_0.80,441175,PineScript,B,DUPLICATE,2,0,2,440992,0.878,,基于纤程指标的移动止损限价策略Fibonacci-Retracement-Dynamic-Stop-Loss-Strategy.md
DG441013,near_duplicate_ge_0.80,441013,PineScript,B,PORT_CANDIDATE,2,0,2,441053,1.000,,黄金抛物线突破策略Golden-Parabola-Breakout-Strategy.md
DG441013,near_duplicate_ge_0.80,441053,PineScript,B,DUPLICATE,2,0,2,441013,1.000,,基于5日移动平均线带和GBS买卖点的量化交易策略Quantitative-Trading-Strategy-Based-on-5-day-Moving-Average-Band-and-GBS-Buy-Sell-Signals.md
DG441052,near_duplicate_ge_0.80,441052,PineScript,B,PORT_CANDIDATE,2,0,2,441134,0.913,,双平滑均线振荡器股票策略Dual-Moving-Average-Oscillator-Stock-Strategy.md
DG441052,near_duplicate_ge_0.80,441134,PineScript,B,DUPLICATE,2,0,2,441052,0.913,,动态双重指数平滑均线交易策略Dynamic-Dual-Exponential-Moving-Average-Trading-Strategy.md
DG441152,near_duplicate_ge_0.80,441152,PineScript,B,PORT_CANDIDATE,2,0,2,443251,0.918,,移动平均线交叉趋势跟踪策略Trend-Tracking-Strategy-Based-on-Moving-Average-Crossover.md
DG441152,near_duplicate_ge_0.80,443251,PineScript,B,DUPLICATE,2,0,2,441152,0.918,,基于多重EMA和RSI的趋势追踪策略Multi-EMA-and-RSI-Trend-Following-Strategy.md
DG441969,near_duplicate_ge_0.80,441969,PineScript,B,HELD_NEEDS_VOLUME,3,0,3,442853,1.000,,三均线震荡区间反转策略3-Moving-Average-Swing-Interval-Reversal-Strategy.md
DG441969,near_duplicate_ge_0.80,442002,PineScript,B,DUPLICATE,3,0,3,441969,0.810,,多时间周期MACD零轴交叉反转策略scillator-Profile-Reversal-Strategy-Based-on-Multi-Timeframe-MACD-Zero-crossing.md
DG441969,near_duplicate_ge_0.80,442853,PineScript,B,DUPLICATE,3,0,3,441969,1.000,,价格震荡辅助判断三因子模型Three-Factors-Model-for-Price-Oscillation-Detection.md
DG441991,near_duplicate_ge_0.80,441991,PineScript,B,PORT_CANDIDATE,2,0,2,442958,0.862,,基于双EMA指标的趋势跟随策略Dual-EMA-Indicator-Based-Trend-Following-Strategy.md
DG441991,near_duplicate_ge_0.80,442958,PineScript,B,DUPLICATE,2,0,2,441991,0.862,,基于均线交叉的趋势跟随策略EMA-Cross-Trend-Following-Strategy.md
DG442010,near_duplicate_ge_0.80,442010,PineScript,B,PORT_CANDIDATE,2,0,2,442114,1.000,,基于双均线智能追踪交易策略Dual-Moving-Average-Intelligent-Tracking-Trading-Strategy.md
DG442010,near_duplicate_ge_0.80,442114,PineScript,B,DUPLICATE,2,0,2,442010,1.000,,双动能均线交易策略Bugra-Trading-Strategy-Based-on-Dual-Kinetic-Moving-Average.md
DG442016,near_duplicate_ge_0.80,442016,PineScript,B,HELD_NEEDS_VOLUME,3,0,3,442866,0.955,,3-10震荡器轮廓标记策略3-10-Oscillator-Profile-Flagging-Strategy.md
DG442016,near_duplicate_ge_0.80,442274,PineScript,B,DUPLICATE,3,0,3,442866,0.886,,基于双均线反转跟踪策略Dual-Moving-Average-Reversal-Tracking-Strategy.md
DG442016,near_duplicate_ge_0.80,442866,PineScript,B,DUPLICATE,3,0,3,442016,0.955,,趋势反转型跨时间幅特异波动率交易策略Trend-Reversal-with-Intrabar-Volatility-Trading-Strategy.md
DG442077,near_duplicate_ge_0.80,442077,PineScript,B,PORT_CANDIDATE,2,0,2,442821,1.000,,基于EMA指标的趋势跟踪交易策略EMA-Crossover-Trend-Following-Trading-Strategy.md
DG442077,near_duplicate_ge_0.80,442821,PineScript,B,DUPLICATE,2,0,2,442077,1.000,,基于双EMA智能追踪策略Dual-EMA-Intelligent-Tracking-Strategy.md
DG442361,near_duplicate_ge_0.80,442361,PineScript,B,PORT_CANDIDATE,2,0,2,443138,1.000,,基于布林带突破和RSI指标的多时间框架趋势策略Multi-timeframe-Bollinger-Bands-Breakout-Strategy-Incorporating-RSI.md
DG442361,near_duplicate_ge_0.80,443138,PineScript,B,DUPLICATE,2,0,2,442361,1.000,,三重BB-bands闭合突破与RSI指标的组合交易策略Triple-BB-Bands-Breakout-with-RSI-Strategy.md
DG442556,near_duplicate_ge_0.80,442556,PineScript,B,PORT_CANDIDATE,2,0,2,444005,0.830,,双均线金叉死叉止盈止损策略Dual-Moving-Average-Crossover-Strategy-with-Stop-Loss-and-Take-Profit.md
DG442556,near_duplicate_ge_0.80,444005,PineScript,B,DUPLICATE,2,0,2,442556,0.830,,基于随机指标交叉的双向止盈止损策略Bidirectional-Stop-Loss-Take-Profit-Strategy-Based-on-Stochastic-Crossover.md
DG442817,near_duplicate_ge_0.80,436646,PineScript,A,REJECTED,2,1,1,442817,0.850,,双均线交叉黄金交叉量化策略Dual-Moving-Average-Golden-Cross-Quantitative-Strategy.md
DG442817,near_duplicate_ge_0.80,442817,PineScript,B,PORT_CANDIDATE,2,1,1,436646,0.850,,双移动平均-HullMA交叉趋势策略Dual-Moving-Average-HullMA-Crossover-Trend-Strategy.md
DG442928,near_duplicate_ge_0.80,442928,PineScript,B,PORT_CANDIDATE,2,0,2,444334,0.824,,基于-Stochastics-Momentum-Index-的趋势追踪策略Momentum-Surfer-Strategy-Based-on-Stochastics-Momentum-Index.md
DG442928,near_duplicate_ge_0.80,444334,PineScript,B,DUPLICATE,2,0,2,442928,0.824,,基于随机力矩指标的量化交易策略Quantitative-Trading-Strategy-Based-on-Stochastics-Momentum-Index.md
DG442929,near_duplicate_ge_0.80,442929,PineScript,B,PORT_CANDIDATE,2,0,2,449852,0.850,,动态均线回拉交易策略Pullback-Trading-Strategy-Based-on-Dynamic-Moving-Average.md
DG442929,near_duplicate_ge_0.80,449852,PineScript,B,DUPLICATE,2,0,2,442929,0.850,,多时间框架比特币币安币和以太坊交易回撤策略-Multi-Timeframe-Bitcoin-Binance-Coin-and-Ethereum-Pullback-Trading-Strategy.md
DG442979,near_duplicate_ge_0.80,442979,PineScript,B,PORT_CANDIDATE,2,0,2,443101,1.000,,布林带趋势突破交易策略Bollinger-Bands-Breakout-Trend-Trading-Strategy.md
DG442979,near_duplicate_ge_0.80,443101,PineScript,B,DUPLICATE,2,0,2,442979,1.000,,双重均线与加速指标组合交易策略Double-Moving-Average-and-MACD-Combination-Trading-Strategy.md
DG443108,near_duplicate_ge_0.80,443108,PineScript,B,PORT_CANDIDATE,2,0,2,443109,1.000,,基于移动平均线交叉和K线形态的比特币scalping策略Bitcoin-Scalping-Strategy-Based-on-Moving-Average-Crossover-and-Candlestick-Patterns.md
DG443108,near_duplicate_ge_0.80,443109,PineScript,B,DUPLICATE,2,0,2,443108,1.000,,基于移动平均线交叉与日内K线形态的量化交易策略Moving-Average-Crossover-Strategy-with-Intraday-Candlestick-Patterns.md
DG443119,near_duplicate_ge_0.80,443119,PineScript,B,PORT_CANDIDATE,2,0,2,443244,1.000,,基于EMA均线和RSI指标的量化交易策略EMA-and-RSI-Quantitative-Trading-Strategy.md
DG443119,near_duplicate_ge_0.80,443244,PineScript,B,DUPLICATE,2,0,2,443119,1.000,,趋势追踪移动平均策略Trend-Following-Moving-Average-Strategy.md
DG443643,near_duplicate_ge_0.80,443643,PineScript,B,PORT_CANDIDATE,2,0,2,444031,0.925,,连续K线反转突破策略Consecutive-Candlestick-Reversal-Breakout-Strategy.md
DG443643,near_duplicate_ge_0.80,444031,PineScript,B,DUPLICATE,2,0,2,443643,0.925,,连续阴跌-阳涨反转策略Consecutive-Downs-Ups-Reversal-Strategy.md
DG444034,near_duplicate_ge_0.80,435516,PineScript,A,DUPLICATE,2,1,1,444034,0.816,,双向价格突破均线选时交易策略Dual-Direction-Price-Breakthrough-Moving-Average-Timing-Trading-Strategy.md
DG444034,near_duplicate_ge_0.80,444034,PineScript,B,PORT_CANDIDATE,2,1,1,435516,0.816,,基于价格波动范围的买卖信号过滤策略Range-Filter-Buy-Sell-Signals-Strategy.md
DG444344,near_duplicate_ge_0.80,444344,PineScript,B,PORT_CANDIDATE,2,0,2,444361,1.000,,基于UT-Bot指标的ATR移动止损策略UT-Bot-Indicator-Based-ATR-Trailing-Stop-Strategy.md
DG444344,near_duplicate_ge_0.80,444361,PineScript,B,DUPLICATE,2,0,2,444344,1.000,444344,基于ATR与SMA的动态止损追踪策略Dynamic-Trailing-Stop-Strategy-Based-on-ATR-and-SMA.md
DG444363,near_duplicate_ge_0.80,444363,PineScript,B,PORT_CANDIDATE,2,0,2,458025,0.914,,基于双均线交叉策略The-Dual-Moving-Average-Crossover-Strategy.md
DG444363,near_duplicate_ge_0.80,458025,PineScript,B,DUPLICATE,2,0,2,444363,0.914,,自适应多均线交叉动态交易策略-Adaptive-Multi-Moving-Average-Crossover-Dynamic-Trading-Strategy.md
DG444988,near_duplicate_ge_0.80,444988,PineScript,B,PORT_CANDIDATE,2,0,2,445477,1.000,,高低点自动预测与交易策略High-Low-Automatic-Forecasting-and-Trading-Strategy.md
DG444988,near_duplicate_ge_0.80,445477,PineScript,B,DUPLICATE,2,0,2,444988,1.000,444988,基于915高低点自动预测的多空目标止损策略Automatic-Forecasting-Long-Short-Target-Stop-Loss-Strategy-Based-on-915-High-Low.md
DG446561,near_duplicate_ge_0.80,446561,PineScript,B,PORT_CANDIDATE,2,0,2,446566,0.857,,EMA双均线交叉趋势追踪策略EMA-Dual-Moving-Average-Crossover-Trend-Following-Strategy.md
DG446561,near_duplicate_ge_0.80,446566,PineScript,B,DUPLICATE,2,0,2,446561,0.857,,马库斯的趋势交易者箭头和警报策略-Marcus-Trend-Trader-with-Arrows-and-Alerts-Strategy.md
DG450868,near_duplicate_ge_0.80,450868,PineScript,B,PORT_CANDIDATE,2,0,2,451412,1.000,,基于三根连续阴线和均线的动态止盈止损交易策略-Dynamic-Take-Profit-and-Stop-Loss-Trading-Strategy-Based-on-Three-Consecutive-Bearish-Candles-and-Moving-Averages.md
DG450868,near_duplicate_ge_0.80,451412,PineScript,B,DUPLICATE,2,0,2,450868,1.000,,基于连续三根阴线和双均线的交易策略Trading-Strategy-Based-on-Three-Consecutive-Bearish-Candles-and-Dual-Moving-Averages.md
DG451072,near_duplicate_ge_0.80,451072,PineScript,B,PORT_CANDIDATE,3,0,3,453225,1.000,,Advanced-MACD-Strategy-with-Limited-Martingale-基于有限马丁格尔的高级MACD策略.md
DG451072,near_duplicate_ge_0.80,453225,PineScript,B,DUPLICATE,3,0,3,451072,1.000,,MACD与限制性马丁格尔相结合的高级策略-Advanced-MACD-Strategy-with-Limited-Martingale.md
DG451072,near_duplicate_ge_0.80,453649,PineScript,B,DUPLICATE,3,0,3,451072,0.833,,MACD与马丁策略结合的多头优化交易策略-MACD-and-Martingale-Combination-Strategy-for-Optimized-Long-Trading.md
DG452358,near_duplicate_ge_0.80,452358,PineScript,B,PORT_CANDIDATE,2,0,2,452696,0.917,,短线做空高流通货币对策略-Short-term-Short-Selling-Strategy-for-High-liquidity-Currency-Pairs.md
DG452358,near_duplicate_ge_0.80,452696,PineScript,B,DUPLICATE,2,0,2,452358,0.917,,动态头寸规模短线外汇交易策略Dynamic-Position-Sizing-Short-Term-Forex-Trading-Strategy.md
DG452616,near_duplicate_ge_0.80,452616,PineScript,B,REJECTED,2,0,2,452693,1.000,,多因子融合策略Multi-factor-Fusion-Strategy-Multi-factor-Fusion-Strategy.md
DG452616,near_duplicate_ge_0.80,452693,PineScript,B,REJECTED,2,0,2,452616,1.000,,十五分钟图表高级交易信号策略-Advanced-15-Minute-Chart-Trading-Signal-Strategy.md
DG452697,near_duplicate_ge_0.80,452697,PineScript,B,HELD_NEEDS_VOLUME,2,0,2,452745,0.831,,基于BTC15分钟图表的技术交易策略-Technical-Trading-Strategy-for-BTC-15-minute-Chart.md
DG452697,near_duplicate_ge_0.80,452745,PineScript,B,DUPLICATE,2,0,2,452697,0.831,,WaveTrend-Oscillator-Divergence-Strategy-波动趋势震荡指标背离策略.md
DG471673,near_duplicate_ge_0.80,471673,PineScript,B,PORT_CANDIDATE,2,0,2,473388,1.000,,RSI动态止损智能交易策略-RSI-Dynamic-Stop-Loss-Intelligent-Trading-Strategy.md
DG471673,near_duplicate_ge_0.80,473388,PineScript,B,DUPLICATE,2,0,2,471673,1.000,,动态ATR止损的RSI超卖弹性量化策略-Dynamic-ATR-Stop-Loss-RSI-Oversold-Rebound-Quantitative-Strategy.md
DG473122,near_duplicate_ge_0.80,473122,PineScript,B,PORT_CANDIDATE,2,0,2,473394,0.964,,基于玻林格带与蜡烛图形态的高级趋势交易策略-Advanced-Trend-Trading-Strategy-Based-on-Bollinger-Bands-and-Candlestick-Patterns.md
DG473122,near_duplicate_ge_0.80,473394,PineScript,B,DUPLICATE,2,0,2,473122,0.964,,基于布林带和蜡烛图形态的动态波动率交易策略-Dynamic-Volatility-Trading-Strategy-Based-on-Bollinger-Bands-and-Candlestick-Patterns.md
DG473134,near_duplicate_ge_0.80,473134,PineScript,B,PORT_CANDIDATE,2,0,2,474705,1.000,,基于动量震荡交易的自适应趋势跟踪策略-Adaptive-Trend-Following-Strategy-Based-on-Momentum-Oscillator.md
DG473134,near_duplicate_ge_0.80,474705,PineScript,B,DUPLICATE,2,0,2,473134,1.000,,基于Chande动量振荡器的自适应均值回归交易策略-Adaptive-Mean-Reversion-Trading-Strategy-Based-on-Chande-Momentum-Oscillator.md
DG474865,near_duplicate_ge_0.80,474865,PineScript,B,PORT_CANDIDATE,2,0,2,474872,1.000,,动态趋势跟踪ATR多周期交易策略-Dynamic-Trend-Following-ATR-Multi-Period-Trading-Strategy.md
DG474865,near_duplicate_ge_0.80,474872,PineScript,B,DUPLICATE,2,0,2,474865,1.000,474865,基于ATR的动态跟踪止损交易策略-Dynamic-ATR-based-Trailing-Stop-Trading-Strategy.md
DG475313,near_duplicate_ge_0.80,475313,PineScript,B,PORT_CANDIDATE,2,0,2,475632,0.912,,双重动量振荡器智能择时交易策略-Dual-Momentum-Oscillator-Smart-Timing-Trading-Strategy.md
DG475313,near_duplicate_ge_0.80,475632,PineScript,B,DUPLICATE,2,0,2,475313,0.912,,多重技术指标交叉趋势跟踪策略RSI与随机RSI协同交易系统-Multi-Technical-Indicator-Cross-Trend-Tracking-Strategy-RSI-and-Stochastic-RSI-Synergy-Trading-System.md
DG478733,near_duplicate_ge_0.80,478733,PineScript,B,PORT_CANDIDATE,2,0,2,478741,0.829,,动态趋势判定RSI指标交叉策略-Dynamic-Trend-RSI-Indicator-Crossing-Strategy.md
DG478733,near_duplicate_ge_0.80,478741,PineScript,B,DUPLICATE,2,0,2,478733,0.829,,多重技术指标交叉动量趋势跟踪策略-Multi-Technical-Indicator-Crossover-Momentum-Trend-Following-Strategy.md
DG482473,near_duplicate_ge_0.80,482473,PineScript,B,PORT_CANDIDATE,2,0,2,482797,0.859,,基于价格结构的高比例回报突破交易策略-High-Reward-to-Risk-Price-Structure-Breakout-Trading-Strategy.md
DG482473,near_duplicate_ge_0.80,482797,PineScript,B,DUPLICATE,2,0,2,482473,0.859,,量化价格行为突破动态风险收益比交易策略-Dynamic-Risk-Reward-Price-Action-Breakout-Trading-Strategy.md
DG482652,near_duplicate_ge_0.80,482652,PineScript,B,HELD_NEEDS_VOLUME,2,0,2,482834,0.953,,多周期趋势跟踪与成交量分析的自适应风险策略-Multi-Period-Trend-Following-and-Volume-Analysis-Adaptive-Risk-Strategy.md
DG482652,near_duplicate_ge_0.80,482834,PineScript,B,DUPLICATE,2,0,2,482652,0.953,,多周期趋势确认动态风控量化交易策略-Multi-Period-Trend-Confirmation-Dynamic-Risk-Control-Quantitative-Trading-Strategy.md
DG482795,near_duplicate_ge_0.80,482795,PineScript,B,HELD_NEEDS_VOLUME,2,0,2,482796,1.000,,多周期趋势跟踪与成交量确认策略-Multi-Period-Trend-Following-with-Volume-Confirmation-Strategy.md
DG482795,near_duplicate_ge_0.80,482796,PineScript,B,DUPLICATE,2,0,2,482795,1.000,,多均线趋势跟踪与交易量平衡策略-Multi-Moving-Average-Trend-Following-with-On-Balance-Volume-Strategy.md
DG482921,near_duplicate_ge_0.80,482921,PineScript,B,PORT_CANDIDATE,2,0,2,483019,1.000,,三线突破动量趋势跟踪策略结合ADX过滤器-Three-Line-Strike-Momentum-Trend-Following-Strategy-with-ADX-Filter.md
DG482921,near_duplicate_ge_0.80,483019,PineScript,B,DUPLICATE,2,0,2,482921,1.000,,基于ATR和ADX的动态三线突破交易策略-Dynamic-Three-Line-Strike-Trading-Strategy-with-ATR-and-ADX-Integration.md
DG486573,near_duplicate_ge_0.80,486573,PineScript,B,PORT_CANDIDATE,2,0,2,489201,1.000,,多指标趋势确认交易系统-均线融合RSI背离MACD信号策略-Multi-Indicator-Trend-Confirmation-Trading-System-EMA-Confluence-with-RSI-Divergence-and-MACD-Signal-Strategy.md
DG486573,near_duplicate_ge_0.80,489201,PineScript,B,DUPLICATE,2,0,2,486573,1.000,,多参数交叉趋势动量策略-Multi-Parameter-Crossover-Trend-Momentum-Strategy.md
DG488167,near_duplicate_ge_0.80,488167,PineScript,B,HELD_NEEDS_VOLUME,2,0,2,488237,1.000,,多指标共识交易策略流动性加权趋势信号系统-Multi-Indicator-Consensus-Trading-Strategy-Liquidity-Weighted-Trend-Signal-System.md
DG488167,near_duplicate_ge_0.80,488237,PineScript,B,DUPLICATE,2,0,2,488167,1.000,,多指标共识策略优化型趋势交易系统结合流动性加权超趋势趋势信号和增强型波浪指标-Multi-Indicator-Consensus-Trend-Trading-System-Combining-Liquidity-Weighted-Supertrend-Trend-Signals-and-Enhanced-Wavetrend-Oscillator.md
DG488267,near_duplicate_ge_0.80,488267,PineScript,B,REJECTED,2,0,2,489038,0.849,,Black-Scholes-Volatility-Adjusted-Dynamic-Breakout-Strategy-布莱克-斯科尔斯波动率调整动态突破策略.md
DG488267,near_duplicate_ge_0.80,489038,PineScript,B,REJECTED,2,0,2,488267,0.849,,基于布莱克-舒尔斯理论的突破交易量化策略与追踪止损优化系统-Black-Scholes-Volatility-Breakout-Trading-Strategy-with-Dynamic-Trailing-Stop-Optimization.md
DG488546,near_duplicate_ge_0.80,488546,PineScript,B,HELD_NEEDS_VOLUME,2,0,2,488846,1.000,,动态趋势动量突破策略-Dynamic-Trend-Momentum-Breakout-Strategy.md
DG488546,near_duplicate_ge_0.80,488846,PineScript,B,DUPLICATE,2,0,2,488546,1.000,,多指标联动趋势突破量化交易策略-Multi-Indicator-Momentum-Breakout-Quantitative-Trading-Strategy.md
DG489311,near_duplicate_ge_0.80,489311,PineScript,B,PORT_CANDIDATE,2,0,2,490075,1.000,,动态趋势识别策略与指数移动平均线和自适应波动阈值-Dynamic-Trend-Identification-Strategy-with-Exponential-Moving-Average-and-Adaptive-Volatility-Threshold.md
DG489311,near_duplicate_ge_0.80,490075,PineScript,B,DUPLICATE,2,0,2,489311,1.000,,动态指数移动平均趋势识别与ATR阈值策略-Dynamic-EMA-Trend-Detection-with-ATR-Threshold-Strategy.md
DG490570,near_duplicate_ge_0.80,490570,PineScript,B,PORT_CANDIDATE,2,0,2,490797,0.910,,智能波动跟踪型DCA策略与双轨止损系统-Intelligent-Volatility-Responsive-DCA-Strategy-with-Dual-Trailing-Stop-System.md
DG490570,near_duplicate_ge_0.80,490797,PineScript,B,DUPLICATE,2,0,2,490570,0.910,,指数移动平均交叉智能定投链式止损跟踪系统-EMA-Crossover-Smart-DCA-with-Dual-Trailing-Stop-System.md
DG490919,near_duplicate_ge_0.80,490919,PineScript,B,PORT_CANDIDATE,2,0,2,491034,1.000,,多层动态阈值RMA量化交易策略趋势与动量协同优化方法-Multi-Layer-Dynamic-Threshold-RMA-Trading-Strategy-Trend-and-Momentum-Synergy-Optimization.md
DG490919,near_duplicate_ge_0.80,491034,PineScript,B,DUPLICATE,2,0,2,490919,1.000,,动态阈值三重运行移动平均趋势交易策略-Dynamic-Threshold-Triple-Running-Moving-Average-Trend-Trading-Strategy.md
ND127691,similar_0.65_to_0.80,127691,MyLanguage,A,PORT_CANDIDATE,2,2,0,128126,0.730,,基于ATR波动率指标构建的通道策略Channel-strategy-based-on-ATR-volatility-indicator.md
ND127691,similar_0.65_to_0.80,128126,MyLanguage,A,PORT_CANDIDATE,2,2,0,127691,0.730,,基于ATR波动率指标构建的通道策略Channel-strategy-based-on-ATR.md
ND361567,similar_0.65_to_0.80,361567,PineScript,A,PORT_CANDIDATE,3,3,0,433011,0.711,,Optimized-Trend-Tracker.md
ND361567,similar_0.65_to_0.80,428705,PineScript,A,PORT_CANDIDATE,3,3,0,433011,0.661,,双OTT趋势跟踪策略Twin-Optimized-Trend-Tracker-Strategy.md
ND361567,similar_0.65_to_0.80,433011,PineScript,A,PORT_CANDIDATE,3,3,0,361567,0.711,,多重移动平均线动态趋势策略Multiple-Moving-Average-Dynamic-Trend-Strategy.md
ND361719,similar_0.65_to_0.80,361719,PineScript,A,PORT_CANDIDATE,2,2,0,368738,0.670,,Demark-Reversal-Points.md
ND361719,similar_0.65_to_0.80,368738,PineScript,A,PORT_CANDIDATE,2,2,0,361719,0.670,,Demark-Reversal-Points-CC.md
ND362178,similar_0.65_to_0.80,362178,PineScript,A,PORT_CANDIDATE,2,2,0,367476,0.704,,Diamond-Trend.md
ND362178,similar_0.65_to_0.80,367476,PineScript,A,PORT_CANDIDATE,2,2,0,362178,0.704,,Linear-trend.md
ND363797,similar_0.65_to_0.80,363797,PineScript,A,PORT_CANDIDATE,2,2,0,436984,0.794,,Backtesting-Indicator.md
ND363797,similar_0.65_to_0.80,436984,PineScript,A,PORT_CANDIDATE,2,2,0,363797,0.794,,动态追踪止损策略Dynamic-Trailing-Stop-Loss-Strategy.md
ND364540,similar_0.65_to_0.80,364540,PineScript,A,PORT_CANDIDATE,2,2,0,432356,0.770,,CM-MACD-Custom-Indicator-Multiple-Time-Frame-V2.md
ND364540,similar_0.65_to_0.80,432356,PineScript,A,PORT_CANDIDATE,2,2,0,364540,0.770,,双均线交叉动量策略Dual-Moving-Average-Crossover-Momentum-Strategy.md
ND365028,similar_0.65_to_0.80,365028,PineScript,A,PORT_CANDIDATE,2,2,0,376314,0.718,,QQE-signals.md
ND365028,similar_0.65_to_0.80,376314,PineScript,A,PORT_CANDIDATE,2,2,0,365028,0.718,,Bully-Signals.md
ND365691,similar_0.65_to_0.80,365691,PineScript,A,PORT_CANDIDATE,3,3,0,438816,0.711,,Profit-Maximizer-PMax.md
ND365691,similar_0.65_to_0.80,438816,PineScript,A,PORT_CANDIDATE,3,3,0,365691,0.711,,乘法移动平均线双向交易策略Multiplicative-Moving-Average-Dual-direction-Trading-Strategy.md
ND365691,similar_0.65_to_0.80,439094,PineScript,A,PORT_CANDIDATE,3,3,0,365691,0.670,,动量突破优化趋势跟踪策略Momentum-Breakout-Optimization.md
ND365711,similar_0.65_to_0.80,365711,PineScript,A,PORT_CANDIDATE,2,1,1,439751,0.688,,ZigZag-PA-Strategy-V41.md
ND365711,similar_0.65_to_0.80,439751,PineScript,B,PORT_CANDIDATE,2,1,1,365711,0.688,,基于ZigZag的多种形态识别短线交易策略ZigZag-Pattern-Recognition-Short-term-Trading-Strategy.md
ND365727,similar_0.65_to_0.80,365727,PineScript,A,PORT_CANDIDATE,2,2,0,436100,0.652,,Hull-Suite-Strategy.md
ND365727,similar_0.65_to_0.80,436100,PineScript,A,PORT_CANDIDATE,2,2,0,365727,0.652,,动态移动平均线交易策略Trend-Trading-Strategy-Based-on-Dynamic-Moving-Average.md
ND365858,similar_0.65_to_0.80,365858,PineScript,A,PORT_CANDIDATE,2,2,0,391341,0.703,,SSL-Channel.md
ND365858,similar_0.65_to_0.80,391341,PineScript,A,PORT_CANDIDATE,2,2,0,365858,0.703,,SSL-CHANNEL-STOCH-RSI.md
ND366941,similar_0.65_to_0.80,366941,PineScript,A,PORT_CANDIDATE,4,3,1,429963,0.742,,RSI-Divergence-Indicator.md
ND366941,similar_0.65_to_0.80,429963,PineScript,A,PORT_CANDIDATE,4,3,1,366941,0.742,,RSI趋势反转策略RSI-Trend-Reversal-Strategy.md
ND366941,similar_0.65_to_0.80,432315,PineScript,A,PORT_CANDIDATE,4,3,1,439954,0.790,,RSI离散分歧策略RSI-Divergence-Strategy.md
ND366941,similar_0.65_to_0.80,439954,PineScript,B,PORT_CANDIDATE,4,3,1,432315,0.790,,RSI多空分歧指标The-RSI-Divergence-Indicator-Strategy.md
ND368715,similar_0.65_to_0.80,368715,PineScript,A,PORT_CANDIDATE,2,2,0,435252,0.679,,TUE-ADX-MACD-Confluence-V10.md
ND368715,similar_0.65_to_0.80,435252,PineScript,A,PORT_CANDIDATE,2,2,0,368715,0.679,,基于ADX和MACD指标的交易策略ADX-and-MACD-Indicators-based-Trading-Strategy.md
ND368736,similar_0.65_to_0.80,368736,PineScript,A,PORT_CANDIDATE,2,1,1,439855,0.781,,Follow-Line-Indicator.md
ND368736,similar_0.65_to_0.80,439855,PineScript,B,PORT_CANDIDATE,2,1,1,368736,0.781,,趋势追踪止损止盈策略Trend-Tracking-Stop-Loss-Take-Profit-Strategy.md
ND379760,similar_0.65_to_0.80,379760,PineScript,A,PORT_CANDIDATE,2,1,1,442536,0.701,,RSI-ZIGZAG22.md
ND379760,similar_0.65_to_0.80,442536,PineScript,B,PORT_CANDIDATE,2,1,1,379760,0.701,,基于RSI指标和ZigZag指标趋势追踪策略Trend-Tracking-Strategy-Based-on-RSI-and-ZigZag-Indicators.md
ND422794,similar_0.65_to_0.80,422794,PineScript,A,PORT_CANDIDATE,2,2,0,429401,0.674,,布林带策略止盈和马丁格尔倍投.md
ND422794,similar_0.65_to_0.80,429401,PineScript,A,PORT_CANDIDATE,2,2,0,422794,0.674,,魔改布林带策略止盈和马丁格尔倍投.md
ND426322,similar_0.65_to_0.80,426322,PineScript,A,PORT_CANDIDATE,2,2,0,438498,0.694,,Combo-Backtest-123-Reversal-Relative-Volatility-Index.md
ND426322,similar_0.65_to_0.80,438498,PineScript,A,PORT_CANDIDATE,2,2,0,426322,0.694,,量化双因子反转惯性交易策略Quantitative-Dual-Factor-Reversal-Inertia-Trading-Strategy.md
ND426335,similar_0.65_to_0.80,426335,PineScript,A,PORT_CANDIDATE,2,2,0,426776,0.706,,SMA-Crossover-Trading-Strategy.md
ND426335,similar_0.65_to_0.80,426776,PineScript,A,PORT_CANDIDATE,2,2,0,426335,0.706,,移动平均线金叉死叉策略Moving-Average-Crossover-Strategy.md
ND426339,similar_0.65_to_0.80,426339,PineScript,A,PORT_CANDIDATE,2,2,0,437565,0.661,,Bollinger-Band-Breakout-strategy.md
ND426339,similar_0.65_to_0.80,437565,PineScript,A,PORT_CANDIDATE,2,2,0,426339,0.661,,宽带突破策略Bollinger-Band-Breakout-Strategy.md
ND426461,similar_0.65_to_0.80,426461,PineScript,A,PORT_CANDIDATE,3,2,1,436252,0.761,,Noros-Fast-RSI-Breakthrough-Strategy.md
ND426461,similar_0.65_to_0.80,436252,PineScript,A,PORT_CANDIDATE,3,2,1,426461,0.761,,Noro的快速RSI切换策略v17Fast-Scalping-RSI-Switching-Strategy-v17.md
ND426461,similar_0.65_to_0.80,443238,PineScript,B,PORT_CANDIDATE,3,2,1,426461,0.732,,快速RSI反转交易策略Fast-RSI-Reversal-Trading-Strategy.md
ND426509,similar_0.65_to_0.80,426509,PineScript,A,PORT_CANDIDATE,2,2,0,430017,0.656,,快速RSI指标突破交易策略Fast-RSI-Breakout-Trading-Strategy.md
ND426509,similar_0.65_to_0.80,430017,PineScript,A,PORT_CANDIDATE,2,2,0,426509,0.656,,鲍威尔指数快速突破策略Fast-RSI-Breakthrough-Strategy.md
ND426556,similar_0.65_to_0.80,426556,PineScript,A,PORT_CANDIDATE,2,2,0,432078,0.767,,周末区间震荡策略Weekend-Range-Trading-Strategy.md
ND426556,similar_0.65_to_0.80,432078,PineScript,A,PORT_CANDIDATE,2,2,0,426556,0.767,,周末交易策略Weekend-Trading-Strategy.md
ND426561,similar_0.65_to_0.80,426561,PineScript,A,PORT_CANDIDATE,2,2,0,426581,0.689,,多指标组合交易策略Multi-Indicator-Combo-Trading-Strategy.md
ND426561,similar_0.65_to_0.80,426581,PineScript,A,PORT_CANDIDATE,2,2,0,426561,0.689,,多因子量化交易策略Multi-factor-Quantitative-Trading-Strategy.md
ND426598,similar_0.65_to_0.80,426598,PineScript,A,PORT_CANDIDATE,2,2,0,426993,0.673,,基于ATR指标的抛物线止损策略Parabolic-SAR-Trailing-Stop-Strategy-Based-on-ATR-Indicator.md
ND426598,similar_0.65_to_0.80,426993,PineScript,A,PORT_CANDIDATE,2,2,0,426598,0.673,,Parabolic-SAR扇形跟踪止损策略Parabolic-SAR-Trailing-Stop-Loss-Strategy.md
ND426888,similar_0.65_to_0.80,426888,PineScript,A,PORT_CANDIDATE,31,27,4,440094,0.659,,基于多指标验证的量化交易策略Quantitative-Trading-Strategy-with-Multi-Indicator-Confirmation.md
ND426888,similar_0.65_to_0.80,427813,PineScript,A,PORT_CANDIDATE,31,27,4,432231,0.663,,多指标反转交易策略Dual-Indicator-Reversal-Trading-Strategy.md
ND426888,similar_0.65_to_0.80,427883,PineScript,A,PORT_CANDIDATE,31,27,4,440094,0.669,,双重反转RSI动量策略Double-Reversal-RSI-Momentum-Strategy.md
ND426888,similar_0.65_to_0.80,428582,PineScript,A,PORT_CANDIDATE,31,27,4,440094,0.657,,多重指标组合策略Combo-Strategy-with-Multiple-Indicators.md
ND426888,similar_0.65_to_0.80,428626,PineScript,A,PORT_CANDIDATE,31,27,4,440369,0.715,,反转趋势突破策略Reversal-Breakout-Trend-Strategy.md
ND426888,similar_0.65_to_0.80,428855,PineScript,A,PORT_CANDIDATE,31,27,4,432231,0.657,,反转预判与振荡器组合策略Reversal-Prediction-and-Oscillator-Combo-Strategy.md
ND426888,similar_0.65_to_0.80,429485,PineScript,A,PORT_CANDIDATE,31,27,4,432231,0.664,,搏浪者策略Surf-Rider-Strategy.md
ND426888,similar_0.65_to_0.80,429771,PineScript,A,PORT_CANDIDATE,31,27,4,438457,0.715,,反转均线包络策略123-Reversal-Moving-Average-Envelope-Strategy.md
ND426888,similar_0.65_to_0.80,430269,PineScript,A,PORT_CANDIDATE,31,27,4,440094,0.675,,双重Stochastic底部反转策略Combined-Stochastic-Oscillator-and-123-Reversal-Strategy.md
ND426888,similar_0.65_to_0.80,430555,PineScript,A,PORT_CANDIDATE,31,27,4,431408,0.661,,动量反转组合策略Momentum-Reversal-Combo-Strategy.md
ND426888,similar_0.65_to_0.80,431408,PineScript,A,PORT_CANDIDATE,31,27,4,432231,0.702,,趋势追踪反转与埃勒斯先导指标联合策略Trend-Reversal-and-Ehlers-Leading-Indicator-Combo-Strategy.md
ND426888,similar_0.65_to_0.80,432231,PineScript,A,PORT_CANDIDATE,31,27,4,437515,0.737,,回调后周期反转趋势跟随策略Cycle-Reversal-Trend-Following-Strategy-after-Pullback.md
ND426888,similar_0.65_to_0.80,432883,PineScript,A,PORT_CANDIDATE,31,27,4,432231,0.671,,双线性反转均线振荡器组合策略123-Reversal-Moving-Average-Convergence-Divergence-Combination-Strategy.md
ND426888,similar_0.65_to_0.80,432921,PineScript,A,PORT_CANDIDATE,31,27,4,435288,0.765,,双重反转追踪策略Dual-Reversal-Tracking-Strategy.md
ND426888,similar_0.65_to_0.80,433138,PineScript,A,PORT_CANDIDATE,31,27,4,432231,0.678,,双线交叉反转策略Dual-Moving-Average-Crossover-Reversal-Strategy.md
ND426888,similar_0.65_to_0.80,434484,PineScript,A,PORT_CANDIDATE,31,27,4,435701,0.650,,双重反转百分比变化柱形图量化策略Double-Reversal-Percentage-Change-Bar-Quantitative-Strategy.md
ND426888,similar_0.65_to_0.80,435288,PineScript,A,PORT_CANDIDATE,31,27,4,432921,0.765,,基于随机转向因子和关键反转信号的组合反转策略Combination-Reversal-Strategy-Based-on-Stochastic-Turnaround-Factor-and-Key-Reversal-Signal.md
ND426888,similar_0.65_to_0.80,435291,PineScript,A,PORT_CANDIDATE,31,27,4,440094,0.710,,双重反转趋势跟踪策略Dual-Reversal-Trend-Tracking-Strategy.md
ND426888,similar_0.65_to_0.80,435701,PineScript,A,PORT_CANDIDATE,31,27,4,427883,0.657,,双均线反转突破策略Dual-Moving-Average-Reversal-Breakout-Strategy.md
ND426888,similar_0.65_to_0.80,435837,PineScript,A,PORT_CANDIDATE,31,27,4,432231,0.659,,双因子反转追踪策略Dual-Factor-Mean-Reversion-Tracking-Strategy.md
ND426888,similar_0.65_to_0.80,436094,PineScript,A,PORT_CANDIDATE,31,27,4,440094,0.655,,双指标量化策略Dual-Indicator-Quantitative-Strategy.md
ND426888,similar_0.65_to_0.80,436215,PineScript,A,PORT_CANDIDATE,31,27,4,439087,0.712,,价格反转RSI组合策略Price-Reversal-RSI-Combo-Strategy.md
ND426888,similar_0.65_to_0.80,436770,PineScript,A,PORT_CANDIDATE,31,27,4,440094,0.712,,多因子反转量化交易策略Multi-factor-Quantitative-Trading-Strategy.md
ND426888,similar_0.65_to_0.80,437515,PineScript,A,PORT_CANDIDATE,31,27,4,432231,0.737,,双重反转高-低策略Dual-Reversal-High-Low-Strategy.md
ND426888,similar_0.65_to_0.80,437658,PineScript,A,PORT_CANDIDATE,31,27,4,437515,0.664,,双均线交叉反转趋势追踪策略Dual-Moving-Average-Crossover-Reverse-Trend-Tracking-Strategy.md
ND426888,similar_0.65_to_0.80,438457,PineScript,A,PORT_CANDIDATE,31,27,4,429771,0.715,,双均线策略与随机指标组合Dual-Moving-Average-Strategy-Combined-with-Stochastic-Indicator.md
ND426888,similar_0.65_to_0.80,439087,PineScript,A,PORT_CANDIDATE,31,27,4,436215,0.712,,反转交叉捕捉策略Price-Reversal-with-Crossover-Capturing-Strategy.md
ND426888,similar_0.65_to_0.80,440094,PineScript,B,PORT_CANDIDATE,31,27,4,436770,0.712,,双基指标跟随策略Multiple-Indicators-Follow-Strategy.md
ND426888,similar_0.65_to_0.80,440369,PineScript,B,PORT_CANDIDATE,31,27,4,428626,0.715,,坚果123反转与突破范围短线交易策略Peanut-123-Reversal-and-Breakout-Range-Short-term-Trading-Strategy.md
ND426888,similar_0.65_to_0.80,441961,PineScript,B,PORT_CANDIDATE,31,27,4,442823,0.652,,双自信价格震荡量化策略Doubly-Confident-Price-Oscillation-Quant-Strategy.md
ND426888,similar_0.65_to_0.80,442823,PineScript,B,PORT_CANDIDATE,31,27,4,428626,0.653,,基于双重反转策略The-Dual-Reversal-Strategy.md
ND426895,similar_0.65_to_0.80,426895,PineScript,A,PORT_CANDIDATE,2,1,1,442363,0.779,,突破追踪策略Breakout-Tracking-Strategy.md
ND426895,similar_0.65_to_0.80,442363,PineScript,B,PORT_CANDIDATE,2,1,1,426895,0.779,,突破交易系统策略Breakout-Trading-System.md
ND426991,similar_0.65_to_0.80,426991,PineScript,A,PORT_CANDIDATE,2,2,0,430011,0.680,,Hull-移动平均趋势跟踪策略Hull-Moving-Average-Trend-Following-Strategy.md
ND426991,similar_0.65_to_0.80,430011,PineScript,A,PORT_CANDIDATE,2,2,0,426991,0.680,,均线穿越多空策略Trend-Following-Strategy-Based-on-Moving-Average-Crossover.md
ND426995,similar_0.65_to_0.80,426995,PineScript,A,PORT_CANDIDATE,4,4,0,435019,0.744,,动态价格通道交易策略Dynamic-Price-Channel-Trading-Strategy.md
ND426995,similar_0.65_to_0.80,430007,PineScript,A,PORT_CANDIDATE,4,4,0,432340,0.688,,双重移动平均线反转策略Dual-Moving-Average-Reversal-Strategy.md
ND426995,similar_0.65_to_0.80,432340,PineScript,A,PORT_CANDIDATE,4,4,0,430007,0.688,,趋势区间突破策略Trend-Breakout-Strategy-Based-on-Bollinger-Bands.md
ND426995,similar_0.65_to_0.80,435019,PineScript,A,PORT_CANDIDATE,4,4,0,426995,0.744,,诺罗波动通道scalping策略Noros-Price-Channel-Scalping-Strategy.md
ND427066,similar_0.65_to_0.80,427066,PineScript,A,PORT_CANDIDATE,2,2,0,432782,0.756,,日线收盘价对比策略Daily-Close-Price-Comparison-Strategy.md
ND427066,similar_0.65_to_0.80,432782,PineScript,A,PORT_CANDIDATE,2,2,0,427066,0.756,,基于日线收盘价比较的量化交易策略Quantitative-Trading-Strategy-Based-on-Daily-Close-Price-Comparison.md
ND427090,similar_0.65_to_0.80,427090,PineScript,A,PORT_CANDIDATE,2,2,0,436514,0.789,,双均线金叉死叉策略Dual-Moving-Average-Crossover-Strategy.md
ND427090,similar_0.65_to_0.80,436514,PineScript,A,PORT_CANDIDATE,2,2,0,427090,0.789,,基于移动平均线的单边开仓策略Single-Side-Entry-Strategy-Based-on-Moving-Average.md
ND427136,similar_0.65_to_0.80,427136,PineScript,A,PORT_CANDIDATE,2,2,0,435123,0.743,,分形混沌震荡器交易策略Fractal-Chaos-Oscillator-Trading-Strategy.md
ND427136,similar_0.65_to_0.80,435123,PineScript,A,PORT_CANDIDATE,2,2,0,427136,0.743,,基于价格极值点的趋势性交易策略Trend-Trading-Strategy-Based-on-Price-Extremum.md
ND427161,similar_0.65_to_0.80,427161,PineScript,A,PORT_CANDIDATE,2,2,0,428066,0.714,,动态止损交易视图策略Dynamic-Stop-Loss-Alert-TradingView-Strategy.md
ND427161,similar_0.65_to_0.80,428066,PineScript,A,PORT_CANDIDATE,2,2,0,427161,0.714,,基于STOCH交易策略的自动交易-Auto-Trading-Strategy-Based-on-STOCH.md
ND427162,similar_0.65_to_0.80,427162,PineScript,A,PORT_CANDIDATE,2,2,0,429561,0.683,,双轨带趋势跟踪策略Dual-Rail-Trend-Tracking-Strategy.md
ND427162,similar_0.65_to_0.80,429561,PineScript,A,PORT_CANDIDATE,2,2,0,427162,0.683,,双线性BB口系统策略Dual-Moving-Average-Bollinger-Band-System-Strategy.md
ND427189,similar_0.65_to_0.80,427189,PineScript,A,PORT_CANDIDATE,2,1,1,440999,0.727,,双移动平均线趋势跟踪策略Dual-Moving-Average-Trend-Following-Strategy.md
ND427189,similar_0.65_to_0.80,440999,PineScript,B,PORT_CANDIDATE,2,1,1,427189,0.727,,双移动均线趋势跟踪策略Dual-Moving-Average-Trend-Tracking-Strategy.md
ND427239,similar_0.65_to_0.80,427239,PineScript,A,PORT_CANDIDATE,2,2,0,428795,0.732,,基于MACD的加密货币交易策略Crypto-Trading-Strategy-Based-on-MACD.md
ND427239,similar_0.65_to_0.80,428795,PineScript,A,PORT_CANDIDATE,2,2,0,427239,0.732,,基于MACD和RSI的长短双向交易策略MACD-and-RSI-Based-Long-Short-Trading-Strategy.md
ND427304,similar_0.65_to_0.80,427304,PineScript,A,PORT_CANDIDATE,3,3,0,429390,0.697,,中心引力通道趋势跟踪策略Center-of-Gravity-SSL-Channel-Trend-Following-Strategy.md
ND427304,similar_0.65_to_0.80,427383,PineScript,A,PORT_CANDIDATE,3,3,0,429390,0.676,,基于自适应ATR止损的MACD交易策略MACD-Trading-Strategy-with-Adaptive-ATR-Stop-Loss.md
ND427304,similar_0.65_to_0.80,429390,PineScript,A,PORT_CANDIDATE,3,3,0,427304,0.697,,动态ATR止损中心线策略Dynamic-ATR-Stop-Loss-Center-Line-Strategy.md
ND427308,similar_0.65_to_0.80,427308,PineScript,A,PORT_CANDIDATE,3,1,2,443123,0.790,,顿希安通道突破策略Donchian-Channel-Breakout-Strategy.md
ND427308,similar_0.65_to_0.80,442842,PineScript,B,PORT_CANDIDATE,3,1,2,443123,0.785,,多恩奇安通道突破策略Donchian-Channel-Breakout-Strategy.md
ND427308,similar_0.65_to_0.80,443123,PineScript,B,PORT_CANDIDATE,3,1,2,427308,0.790,,基于趋势追踪均线战略Trend-Following-Moving-Average-Strategy.md
ND427372,similar_0.65_to_0.80,427372,PineScript,A,PORT_CANDIDATE,2,1,1,439823,0.740,,基于Renko砖和TEMA指标的微利策略Renko-Boxes-and-TEMA-Indicator-Micro-Profit-Strategy.md
ND427372,similar_0.65_to_0.80,439823,PineScript,B,PORT_CANDIDATE,2,1,1,427372,0.740,,久期均线交叉Renko策略Long-term-Moving-Average-Crossover-Renko-Strategy.md
ND427399,similar_0.65_to_0.80,427399,PineScript,A,PORT_CANDIDATE,3,2,1,428578,0.709,,基于SuperTrend的长线交易策略Long-Term-Trading-Strategy-Based-on-SuperTrend.md
ND427399,similar_0.65_to_0.80,428578,PineScript,A,PORT_CANDIDATE,3,2,1,454742,0.713,,EMA增强超级趋势策略EMA-Enhanced-SuperTrend-Strategy.md
ND427399,similar_0.65_to_0.80,454742,PineScript,B,PORT_CANDIDATE,3,2,1,428578,0.713,,SuperTrend策略优化动态波动率跟踪与交易信号增强系统-SuperTrend-Strategy-Optimization-Dynamic-Volatility-Tracking-and-Enhanced-Trading-Signal-System.md
ND427479,similar_0.65_to_0.80,427479,PineScript,A,PORT_CANDIDATE,2,1,1,442834,0.756,,绝对价格振荡器趋势跟踪策略Absolute-Price-Oscillator-Trend-Following-Strategy.md
ND427479,similar_0.65_to_0.80,442834,PineScript,B,PORT_CANDIDATE,2,1,1,427479,0.756,,基于双EMA价格摆动策略The-Dual-EMA-Price-Swing-Strategy.md
ND427506,similar_0.65_to_0.80,427506,PineScript,A,PORT_CANDIDATE,4,2,2,438058,0.651,,趋势均线交易策略Trend-Moving-Average-Trading-Strategy.md
ND427506,similar_0.65_to_0.80,438058,PineScript,A,PORT_CANDIDATE,4,2,2,440559,0.779,,双MA顺势突破策略Dual-MA-Trend-Breakout-Strategy.md
ND427506,similar_0.65_to_0.80,439837,PineScript,B,PORT_CANDIDATE,4,2,2,440559,0.714,,双均线跟踪趋势策略Dual-Moving-Average-Trend-Tracking-Strategy.md
ND427506,similar_0.65_to_0.80,440559,PineScript,B,PORT_CANDIDATE,4,2,2,438058,0.779,,极端的Noro趋势均线策略Extreme-version-of-Noros-Trend-Moving-Averages-Strategy.md
ND427510,similar_0.65_to_0.80,427510,PineScript,A,PORT_CANDIDATE,3,3,0,438047,0.764,,多时间框架移动平均交易策略Multi-Timeframe-Moving-Average-Trading-Strategy.md
ND427510,similar_0.65_to_0.80,437747,PineScript,A,PORT_CANDIDATE,3,3,0,438047,0.753,,移动均线多时标交叉优化策略Multi-Timeframe-Moving-Average-Crossover-Optimization-Strategy.md
ND427510,similar_0.65_to_0.80,438047,PineScript,A,PORT_CANDIDATE,3,3,0,427510,0.764,,移动平均线交叉信号策略Moving-Average-Cross-Signal-Strategy.md
ND427591,similar_0.65_to_0.80,427591,PineScript,A,PORT_CANDIDATE,3,2,1,433448,0.705,,双时间框架超趋势跟踪策略Dual-Timeframe-Supertrend-Tracking-Strategy.md
ND427591,similar_0.65_to_0.80,433448,PineScript,A,PORT_CANDIDATE,3,2,1,441065,0.783,,双均线震荡突破策略Dual-Moving-Average-Oscillation-Breakthrough-Strategy.md
ND427591,similar_0.65_to_0.80,441065,PineScript,B,PORT_CANDIDATE,3,2,1,433448,0.783,,双均线SuperTrend量化交易策略Dual-Moving-Average-Supertrend-Quantitative-Trading-Strategy.md
ND427806,similar_0.65_to_0.80,427806,PineScript,A,PORT_CANDIDATE,2,2,0,429786,0.658,,基于市场真势波动的云图交叉策略Cloud-Crossover-Strategy-Based-on-Market-Momentum.md
ND427806,similar_0.65_to_0.80,429786,PineScript,A,PORT_CANDIDATE,2,2,0,427806,0.658,,延迟交叉双线交易策略Ichimoku-Lagging-Cross-Dual-Line-Trading-Strategy.md
ND427893,similar_0.65_to_0.80,427893,PineScript,A,PORT_CANDIDATE,2,2,0,436644,0.757,,相对波动指数回测策略Relative-Volatility-Index-Backtesting-Strategy.md
ND427893,similar_0.65_to_0.80,436644,PineScript,A,PORT_CANDIDATE,2,2,0,427893,0.757,,惯性指标交易策略Inertia-Indicator-Trading-Strategy.md
ND428060,similar_0.65_to_0.80,428060,PineScript,A,PORT_CANDIDATE,2,2,0,435831,0.785,,基于变化率的交易策略Rate-of-Change-Trading-Strategy.md
ND428060,similar_0.65_to_0.80,435831,PineScript,A,PORT_CANDIDATE,2,2,0,428060,0.785,,SMA波动偏移交易策略SMA-Offset-Fluctuation-Trading-Strategy.md
ND428579,similar_0.65_to_0.80,428579,PineScript,A,PORT_CANDIDATE,2,2,0,439200,0.733,,比特币和以太坊多头趋势策略BTC-and-ETH-Long-Trend-Strategy.md
ND428579,similar_0.65_to_0.80,439200,PineScript,A,PORT_CANDIDATE,2,2,0,428579,0.733,,多空均衡移动平均趋势跟随策略Multi-factor-Moving-Average-Trend-Following-Strategy.md
ND428704,similar_0.65_to_0.80,428704,PineScript,A,PORT_CANDIDATE,2,2,0,430748,0.727,,自适应止损跟踪策略Adaptive-Trailing-Stop-Strategy.md
ND428704,similar_0.65_to_0.80,430748,PineScript,A,PORT_CANDIDATE,2,2,0,428704,0.727,,金叉死叉动态止损策略Trend-Following-Strategy-with-Dynamic-Stops.md
ND428790,similar_0.65_to_0.80,428790,PineScript,A,PORT_CANDIDATE,2,2,0,434487,0.789,,动量顺势突破策略A-Momentum-Breakout-Strategy.md
ND428790,similar_0.65_to_0.80,434487,PineScript,A,PORT_CANDIDATE,2,2,0,428790,0.789,,动量突破卡玛拉支撑策略Momentum-Breakout-Camarilla-Support-Strategy.md
ND429159,similar_0.65_to_0.80,429159,PineScript,A,PORT_CANDIDATE,2,2,0,436652,0.767,,一目均衡策略Ichimoku-Breakout-Strategy.md
ND429159,similar_0.65_to_0.80,436652,PineScript,A,PORT_CANDIDATE,2,2,0,429159,0.767,,一目均衡趋势跟踪策略Ichimoku-Balance-Line-Strategy.md
ND429383,similar_0.65_to_0.80,429383,PineScript,A,PORT_CANDIDATE,2,1,1,440107,0.789,,双均线反转交易策略Dual-Moving-Average-Reversal-Trading-Strategy.md
ND429383,similar_0.65_to_0.80,440107,PineScript,B,PORT_CANDIDATE,2,1,1,429383,0.789,,基于移动平均线的量化交易策略Moving-Average-Crossover-Strategy.md
ND429389,similar_0.65_to_0.80,429389,PineScript,A,PORT_CANDIDATE,2,2,0,430377,0.667,,双EMA金叉死叉策略Dual-EMA-Crossover-Strategy.md
ND429389,similar_0.65_to_0.80,430377,PineScript,A,PORT_CANDIDATE,2,2,0,429389,0.667,,速慢双均线交易策略Fast-Slow-Dual-Moving-Average-Trading-Strategy.md
ND429460,similar_0.65_to_0.80,429460,PineScript,A,PORT_CANDIDATE,2,2,0,438470,0.662,,趋势追踪型最大移动平均线交叉策略Trend-Following-Maximized-Moving-Average-Crossover-Strategy.md
ND429460,similar_0.65_to_0.80,438470,PineScript,A,PORT_CANDIDATE,2,2,0,429460,0.662,,量化大师专属多级移动平均交叉策略Multi-level-Moving-Average-Crossing-Strategy-for-Quant-Masters.md
ND429466,similar_0.65_to_0.80,429466,PineScript,A,PORT_CANDIDATE,3,3,0,438067,0.732,,均线先行指标短期做空策略Short-term-Bearish-Strategy-Based-on-EMA-Crossover-and-Bear-Power-Indicators.md
ND429466,similar_0.65_to_0.80,437031,PineScript,A,PORT_CANDIDATE,3,3,0,438067,0.714,,量化双管齐下策略Quantitative-Dual-indicator-Strategy.md
ND429466,similar_0.65_to_0.80,438067,PineScript,A,PORT_CANDIDATE,3,3,0,429466,0.732,,双均线价格突破与多空力量平衡组合策略Dual-Moving-Average-Crossover-and-Bull-Bear-Power-Balance-Combination-Strategy.md
ND429787,similar_0.65_to_0.80,429787,PineScript,A,PORT_CANDIDATE,2,1,1,442211,0.709,,穿越大师-反转突破策略Crossover-Master-Reversal-Breakout-Strategy.md
ND429787,similar_0.65_to_0.80,442211,PineScript,B,PORT_CANDIDATE,2,1,1,429787,0.709,,CDC动作区域策略CDC-Action-Zone-Strategy.md
ND429948,similar_0.65_to_0.80,429948,PineScript,A,PORT_CANDIDATE,2,2,0,437632,0.720,,多因子动量和反转组合策略Momentum-Reversal-Combo-Strategy.md
ND429948,similar_0.65_to_0.80,437632,PineScript,A,PORT_CANDIDATE,2,2,0,429948,0.720,,双重反转CMO量子策略Dual-Reversion-CMO-Quantum-Strategy.md
ND429967,similar_0.65_to_0.80,429967,PineScript,A,PORT_CANDIDATE,2,2,0,439207,0.785,,趋势震荡转折点系统Trend-Reversal-System.md
ND429967,similar_0.65_to_0.80,439207,PineScript,A,PORT_CANDIDATE,2,2,0,429967,0.785,,耐心追踪趋势跟随型策略Patient-Trend-Following-Strategy.md
ND430009,similar_0.65_to_0.80,430009,PineScript,A,PORT_CANDIDATE,2,2,0,433968,0.726,,Noros-值道策略v11Noros-Price-Channel-Strategy-v11.md
ND430009,similar_0.65_to_0.80,433968,PineScript,A,PORT_CANDIDATE,2,2,0,430009,0.726,,动量双均线交易策略Momentum-Dual-Moving-Average-Trading-Strategy.md
ND430020,similar_0.65_to_0.80,430020,PineScript,A,PORT_CANDIDATE,4,3,1,436860,0.754,,双均线转向点交易策略Dual-Moving-Average-Turning-Point-Strategy.md
ND430020,similar_0.65_to_0.80,436860,PineScript,A,PORT_CANDIDATE,4,3,1,440310,0.768,,逆转双均线交叉策略Reversal-Dual-Moving-Average-Crossover-Strategy.md
ND430020,similar_0.65_to_0.80,439051,PineScript,A,PORT_CANDIDATE,4,3,1,430020,0.708,,基于MA转折点的长短策略MA-Turning-Point-Long-and-Short-Strategy.md
ND430020,similar_0.65_to_0.80,440310,PineScript,B,PORT_CANDIDATE,4,3,1,436860,0.768,,移动平均线转折点交叉交易策略Moving-Average-Turning-Point-Crossover-Trading-Strategy.md
ND430040,similar_0.65_to_0.80,430040,PineScript,A,PORT_CANDIDATE,2,2,0,437400,0.747,,追踪移动均线交易策略Moving-Average-Tracking-Trading-Strategy.md
ND430040,similar_0.65_to_0.80,437400,PineScript,A,PORT_CANDIDATE,2,2,0,430040,0.747,,动量均线交叉和MACD过滤的海肯阿什蜡烛策略Momentum-Crossover-Moving-Average-and-MACD-Filter-Heikin-Ashi-Candlestick-Strategy.md
ND430053,similar_0.65_to_0.80,430053,PineScript,A,PORT_CANDIDATE,2,2,0,436783,0.777,,顺势而为的移动平均线交叉策略Going-with-the-Trend-Moving-Average-Crossover-Strategy.md
ND430053,similar_0.65_to_0.80,436783,PineScript,A,PORT_CANDIDATE,2,2,0,430053,0.777,,基于SMA均线和RSI指标的白银价格短期交易策略Short-Term-Silver-Trading-Strategy-Based-on-SMA-and-RSI-Indicators.md
ND430065,similar_0.65_to_0.80,430065,PineScript,A,PORT_CANDIDATE,2,2,0,438463,0.721,,多空力量策略回测Bull-and-Bear-Power-Backtest-Strategy.md
ND430065,similar_0.65_to_0.80,438463,PineScript,A,PORT_CANDIDATE,2,2,0,430065,0.721,,承压指标追踪策略Bear-Power-Tracking-Strategy.md
ND430066,similar_0.65_to_0.80,430066,PineScript,A,PORT_CANDIDATE,2,2,0,432786,0.714,,平滑均线拟合策略Bollinger-Band-Fitting-Strategy.md
ND430066,similar_0.65_to_0.80,432786,PineScript,A,PORT_CANDIDATE,2,2,0,430066,0.714,,动态区间突破策略Dynamic-Range-Breakout-Strategy.md
ND430069,similar_0.65_to_0.80,430069,PineScript,A,PORT_CANDIDATE,3,3,0,437527,0.697,,双边波段过滤策略Dual-Bandpass-Filter-Strategy.md
ND430069,similar_0.65_to_0.80,436246,PineScript,A,PORT_CANDIDATE,3,3,0,437527,0.661,,基于经验模态分解的量化交易策略Empirical-Mode-Decomposition-Based-Quantitative-Trading-Strategy.md
ND430069,similar_0.65_to_0.80,437527,PineScript,A,PORT_CANDIDATE,3,3,0,430069,0.697,,带通滤波趋势提取策略Bandpass-Filtering-Trend-Extraction-Strategy.md
ND430117,similar_0.65_to_0.80,430117,PineScript,A,PORT_CANDIDATE,4,2,2,442108,0.737,,动量套利策略回测分析Momentum-Arbitrage-Strategy-Backtest-Analysis.md
ND430117,similar_0.65_to_0.80,433583,PineScript,A,PORT_CANDIDATE,4,2,2,440005,0.726,,基于CMO和WMA的动量交易策略Momentum-Trading-Strategy-Based-on-CMO-and-WMA.md
ND430117,similar_0.65_to_0.80,440005,PineScript,B,PORT_CANDIDATE,4,2,2,433583,0.726,,基于CMO和WMA的双均线交易策略CMO-and-WMA-Based-Dual-Moving-Average-Trading-Strategy.md
ND430117,similar_0.65_to_0.80,442108,PineScript,B,PORT_CANDIDATE,4,2,2,430117,0.737,,动量绝对值指标策略Absolute-Momentum-Indicator-Strategy.md
ND430176,similar_0.65_to_0.80,430176,PineScript,A,PORT_CANDIDATE,2,2,0,435969,0.766,,中央跳空与趋势追踪交易策略Price-Gap-and-Trend-Following-Trading-Strategy.md
ND430176,similar_0.65_to_0.80,435969,PineScript,A,PORT_CANDIDATE,2,2,0,430176,0.766,,逆转均值突破策略Reverse-Mean-Breakthrough-Strategy.md
ND430543,similar_0.65_to_0.80,430543,PineScript,A,PORT_CANDIDATE,3,2,1,443036,0.749,,双重均衡牛熊策略Dual-Balanced-Bulls-and-Bears-Strategy.md
ND430543,similar_0.65_to_0.80,432759,PineScript,A,PORT_CANDIDATE,3,2,1,430543,0.660,,双向跨均线反转策略Dual-Cross-Moving-Average-Reversal-Strategy.md
ND430543,similar_0.65_to_0.80,443036,PineScript,B,PORT_CANDIDATE,3,2,1,430543,0.749,,双项式动量突破反转策略Binomial-Momentum-Breakout-Reversal-Strategy.md
ND430763,similar_0.65_to_0.80,430763,PineScript,A,PORT_CANDIDATE,3,3,0,436006,0.770,,创富综合策略Wealth-Creation-Composite-Strategy.md
ND430763,similar_0.65_to_0.80,433911,PineScript,A,PORT_CANDIDATE,3,3,0,430763,0.693,,双信号量化反转策略Reverse-Triad-Quantitative-Strategy.md
ND430763,similar_0.65_to_0.80,436006,PineScript,A,PORT_CANDIDATE,3,3,0,430763,0.770,,双因子量化反转追踪策略Dual-factor-Quantitative-Reversal-Tracking-Strategy.md
ND430768,similar_0.65_to_0.80,430768,PineScript,A,PORT_CANDIDATE,2,2,0,437694,0.768,,双重反转交易策略Dual-Reversal-Trading-Strategy.md
ND430768,similar_0.65_to_0.80,437694,PineScript,A,PORT_CANDIDATE,2,2,0,430768,0.768,,多重指标碰撞反转策略Multi-indicator-Collision-Reversal-Strategy.md
ND430776,similar_0.65_to_0.80,430776,PineScript,A,PORT_CANDIDATE,2,2,0,434293,0.798,,动量突破均线交易策略Momentum-Breakout-Moving-Average-Trading-Strategy.md
ND430776,similar_0.65_to_0.80,434293,PineScript,A,PORT_CANDIDATE,2,2,0,430776,0.798,,双均线突破策略Dual-Moving-Average-Breakthrough-Strategy.md
ND430849,similar_0.65_to_0.80,430849,PineScript,A,PORT_CANDIDATE,2,2,0,435959,0.757,,三重移动平均线交易策略Triple-Moving-Average-Trading-Strategy.md
ND430849,similar_0.65_to_0.80,435959,PineScript,A,PORT_CANDIDATE,2,2,0,430849,0.757,,融合移动平均线多重交叉交易策略Multiple-Moving-Averages-Crossover-Trading-Strategy.md
ND430880,similar_0.65_to_0.80,430880,PineScript,A,PORT_CANDIDATE,3,3,0,432979,0.698,,坐标滑动止损策略Coordinate-Sliding-Stop-Loss-Strategy.md
ND430880,similar_0.65_to_0.80,432979,PineScript,A,PORT_CANDIDATE,3,3,0,430880,0.698,,动量海龟趋势跟踪策略Momentum-Turtle-Trend-Tracking-Strategy.md
ND430880,similar_0.65_to_0.80,435502,PineScript,A,PORT_CANDIDATE,3,3,0,432979,0.652,,动量指标决策交易策略Momentum-Indicator-Decision-Trading-Strategy.md
ND430896,similar_0.65_to_0.80,430896,PineScript,A,PORT_CANDIDATE,2,2,0,438775,0.668,,双信号趋势跟踪策略Dual-Signal-Trend-Tracking-Strategy.md
ND430896,similar_0.65_to_0.80,438775,PineScript,A,PORT_CANDIDATE,2,2,0,430896,0.668,,基于双EMA和AC指标的趋势跟踪策略Dual-EMA-and-AC-Indicator-Based-Trend-Following-Strategy.md
ND430903,similar_0.65_to_0.80,430903,PineScript,A,PORT_CANDIDATE,2,2,0,434609,0.792,,威廉姆累积-分配指标Williams-AD策略Williams-Accumulation-Distribution-Williams-AD-Strategy.md
ND430903,similar_0.65_to_0.80,434609,PineScript,A,PORT_CANDIDATE,2,2,0,430903,0.792,,移动平均聚合Williams商业区买卖压力指标策略Moving-Average-Aggregation-Williams-Commercial-Bid-Ask-Pressure-Indicator-Strategy.md
ND430988,similar_0.65_to_0.80,430988,PineScript,A,PORT_CANDIDATE,2,1,1,443139,0.696,,基于SuperTrend和Fisher变换的趋势跟随长线策略Trend-Following-Long-Term-Strategy-Based-on-SuperTrend-and-Fisher-Transform.md
ND430988,similar_0.65_to_0.80,443139,PineScript,B,PORT_CANDIDATE,2,1,1,430988,0.696,,市场逆转双重动量策略Market-Reversal-Momentum-Strategy.md
ND431223,similar_0.65_to_0.80,431223,PineScript,A,PORT_CANDIDATE,2,2,0,434981,0.715,,平滑移动平均线策略Smoothed-Moving-Average-Strategy.md
ND431223,similar_0.65_to_0.80,434981,PineScript,A,PORT_CANDIDATE,2,2,0,431223,0.715,,平滑移动平均带策略The-Smooth-Moving-Average-Ribbon-Strategy.md
ND431270,similar_0.65_to_0.80,431270,PineScript,A,PORT_CANDIDATE,2,2,0,437034,0.733,,趋势追随型MA均线交叉交易策略Trend-Following-Moving-Average-Crossover-Trading-Strategy.md
ND431270,similar_0.65_to_0.80,437034,PineScript,A,PORT_CANDIDATE,2,2,0,431270,0.733,,基于QQE和MA的趋势跟踪策略Trend-Following-Strategy-Based-on-QQE-and-MA.md
ND431396,similar_0.65_to_0.80,431396,PineScript,A,PORT_CANDIDATE,2,1,1,443110,0.718,,双重随机策略Dual-Stochastics-Strategy.md
ND431396,similar_0.65_to_0.80,443110,PineScript,B,PORT_CANDIDATE,2,1,1,431396,0.718,,多时间框架随机指数均线策略Multi-Timeframe-Stochastic-Strategy.md
ND431415,similar_0.65_to_0.80,431415,PineScript,A,PORT_CANDIDATE,2,1,1,440456,0.786,,混沌交易规则止损策略Chaotic-Trading-Rules-Stop-Loss-Strategy.md
ND431415,similar_0.65_to_0.80,440456,PineScript,B,PORT_CANDIDATE,2,1,1,431415,0.786,,基于RSI指标的反转交易策略An-RSI-Reversal-Trading-Strategy.md
ND431662,similar_0.65_to_0.80,431662,PineScript,A,PORT_CANDIDATE,2,2,0,434678,0.665,,高低位突破量化策略High-Low-Breakout-for-Quantitative-Trading.md
ND431662,similar_0.65_to_0.80,434678,PineScript,A,PORT_CANDIDATE,2,2,0,431662,0.665,,双重反转动点指数均线策略Reversal-Dynamic-Pivot-Points-Exponential-Moving-Average-Strategy.md
ND432219,similar_0.65_to_0.80,432219,PineScript,A,PORT_CANDIDATE,2,2,0,438024,0.734,,基于相对强弱指标RSI策略Momentum-Reversal-RSI-Strategy.md
ND432219,similar_0.65_to_0.80,438024,PineScript,A,PORT_CANDIDATE,2,2,0,432219,0.734,,快速震荡RSI交易策略Fast-Oscillating-RSI-Trading-Strategy.md
ND432977,similar_0.65_to_0.80,432977,PineScript,A,PORT_CANDIDATE,2,2,0,437682,0.797,,熊市反转哈拉米回测策略Bearish-Harami-Reversal-Backtest-Strategy.md
ND432977,similar_0.65_to_0.80,437682,PineScript,A,PORT_CANDIDATE,2,2,0,432977,0.797,,熊转魔法蜡烛反转策略Bearish-Engulfing-Reversal-Strategy.md
ND433002,similar_0.65_to_0.80,433002,PineScript,A,PORT_CANDIDATE,2,2,0,436148,0.783,,动量结合趋势判断型多因子量化交易策略Momentum-Combined-with-Trend-Judgment-Multi-factor-Quantitative-Trading-Strategy.md
ND433002,similar_0.65_to_0.80,436148,PineScript,A,PORT_CANDIDATE,2,2,0,433002,0.783,,多因子模型动量反转策略Moment-Reversal-Strategy-Based-on-Multi-factor-Model.md
ND433079,similar_0.65_to_0.80,433079,PineScript,A,PORT_CANDIDATE,2,2,0,434175,0.670,,基于价格去趋势振荡器的量化交易策略Detrended-Price-Oscillator-Quantitative-Trading-Strategy.md
ND433079,similar_0.65_to_0.80,434175,PineScript,A,PORT_CANDIDATE,2,2,0,433079,0.670,,高点减指数移动平均线策略High-Minus-Exponential-Moving-Average-Stock-Strategy.md
ND433101,similar_0.65_to_0.80,433101,PineScript,A,PORT_CANDIDATE,2,2,0,436491,0.715,,三重SMA自适应K线交叉长线策略Twisted-SMA-Adaptive-Crossover-Long-Line-Strategy.md
ND433101,similar_0.65_to_0.80,436491,PineScript,A,PORT_CANDIDATE,2,2,0,433101,0.715,,三均线交叉动量策略Three-SMA-Crossover-Momentum-Strategy.md
ND433565,similar_0.65_to_0.80,433565,PineScript,A,PORT_CANDIDATE,2,2,0,436859,0.725,,多时间框架MACD策略Multi-Timeframe-MACD-Strategy.md
ND433565,similar_0.65_to_0.80,436859,PineScript,A,PORT_CANDIDATE,2,2,0,433565,0.725,,多时间框架判断趋势策略Multi-Timeframe-Trend-Strategy.md
ND433588,similar_0.65_to_0.80,433588,PineScript,A,PORT_CANDIDATE,2,2,0,439240,0.681,,动量波动追踪策略Noros-Bollinger-Tracking-Strategy.md
ND433588,similar_0.65_to_0.80,439240,PineScript,A,PORT_CANDIDATE,2,2,0,433588,0.681,,双B智能追踪策略Dual-B-Intelligent-Tracking-Strategy.md
ND434486,similar_0.65_to_0.80,434486,PineScript,A,PORT_CANDIDATE,2,2,0,436614,0.710,,趋势ATR横向突破策略Honey-Trend-ATR-Breakout-Strategy.md
ND434486,similar_0.65_to_0.80,436614,PineScript,A,PORT_CANDIDATE,2,2,0,434486,0.710,,基于动态支撑阻力带的趋势跟踪策略Trend-Tracking-Strategy-Based-on-Dynamic-Pivot-Bands.md
ND434674,similar_0.65_to_0.80,434674,PineScript,A,PORT_CANDIDATE,2,2,0,436599,0.660,,连续高点突破策略N-Consecutive-Higher-Closes-Breakout-Strategy.md
ND434674,similar_0.65_to_0.80,436599,PineScript,A,PORT_CANDIDATE,2,2,0,434674,0.660,,连续N根K线收阴策略N-Bar-Close-Below-Open-Short-Strategy.md
ND434966,similar_0.65_to_0.80,434966,PineScript,A,PORT_CANDIDATE,2,2,0,438053,0.705,,基于趋势交易者平均线的布林带回测策略Trend-Trader-Bands-Backtest-Strategy-Based-on-Trend-Trader-Moving-Average.md
ND434966,similar_0.65_to_0.80,438053,PineScript,A,PORT_CANDIDATE,2,2,0,434966,0.705,,Andrew-Abraham趋势追踪策略Andrew-Abraham-Trend-Tracking-Strategy.md
ND434984,similar_0.65_to_0.80,434984,PineScript,A,PORT_CANDIDATE,2,2,0,435948,0.687,,基于一目均衡表的趋势追踪策略Ichimoku-Trend-Following-Strategy.md
ND434984,similar_0.65_to_0.80,435948,PineScript,A,PORT_CANDIDATE,2,2,0,434984,0.687,,基于一目均线系统的BTC交易策略Ichimoku-Kinko-Hyo-Based-BTC-Trading-Strategy.md
ND434998,similar_0.65_to_0.80,434998,PineScript,A,PORT_CANDIDATE,4,4,0,435256,0.652,,基于价格内部波动通道的看涨看跌策略Look-Up-and-Look-Down-Strategy-Based-on-Internal-Price-Channels.md
ND434998,similar_0.65_to_0.80,435256,PineScript,A,PORT_CANDIDATE,4,4,0,438026,0.783,,指数修正分析过滤策略Modulo-Logic-With-EMA-Filter-Strategy.md
ND434998,similar_0.65_to_0.80,437505,PineScript,A,PORT_CANDIDATE,4,4,0,438026,0.676,,双波动带截断策略Double-Bollinger-Band-Breakout-Strategy.md
ND434998,similar_0.65_to_0.80,438026,PineScript,A,PORT_CANDIDATE,4,4,0,435256,0.783,,双向追Momentum止盈止损策略Consecutive-Up-Down-Strategy-with-Reverse-and-SL-TP-Extension.md
ND435154,similar_0.65_to_0.80,435154,PineScript,A,PORT_CANDIDATE,2,2,0,436787,0.719,,移动均线交叉交易策略EMA-Crossover-Trading-Strategy.md
ND435154,similar_0.65_to_0.80,436787,PineScript,A,PORT_CANDIDATE,2,2,0,435154,0.719,,动量指标交叉策略Momentum-Indicator-Crossover-Strategy.md
ND435250,similar_0.65_to_0.80,435250,PineScript,A,PORT_CANDIDATE,2,2,0,435888,0.733,,基于加速振荡器的趋势反转策略Trend-Reversal-Strategy-Based-on-Accelerator-Oscillator.md
ND435250,similar_0.65_to_0.80,435888,PineScript,A,PORT_CANDIDATE,2,2,0,435250,0.733,,震荡波动优异指标交易策略Bill-Williams-Awesome-Oscillator-Trading-Strategy.md
ND435522,similar_0.65_to_0.80,435522,PineScript,A,PORT_CANDIDATE,2,2,0,436791,0.653,,双重反转均衡策略Dual-Reversion-Balance-Strategy.md
ND435522,similar_0.65_to_0.80,436791,PineScript,A,PORT_CANDIDATE,2,2,0,435522,0.653,,双因子组合反转交易策略Dual-factor-Reversal-Trading-Strategy.md
ND435835,similar_0.65_to_0.80,435835,PineScript,A,PORT_CANDIDATE,2,1,1,439710,0.729,,基于多因子模型的自适应趋势追踪策略Trend-Tracking-Strategy-Based-on-Multi-factor-Model-with-Adaptive-Trailing-Stoploss.md
ND435835,similar_0.65_to_0.80,439710,PineScript,B,PORT_CANDIDATE,2,1,1,435835,0.729,,基于ATR和RSI的自适应移动止损趋势跟踪策略Adaptive-ATR-and-RSI-Trend-Following-Strategy-with-Trailing-Stop-Loss.md
ND436540,similar_0.65_to_0.80,436540,PineScript,A,PORT_CANDIDATE,2,1,1,439960,0.667,,双均线动量鞅策略Dual-Moving-Average-Momentum-Squeeze-Strategy.md
ND436540,similar_0.65_to_0.80,439960,PineScript,B,PORT_CANDIDATE,2,1,1,436540,0.667,,动量寻找策略Momentum-Finding-Strategy.md
ND437644,similar_0.65_to_0.80,437644,PineScript,A,PORT_CANDIDATE,2,2,0,438467,0.712,,基于熊力量指标的量化交易策略Bear-Power-Strategy.md
ND437644,similar_0.65_to_0.80,438467,PineScript,A,PORT_CANDIDATE,2,2,0,437644,0.712,,牛市力量交易策略Bull-Power-Trading-Strategy.md
ND437789,similar_0.65_to_0.80,437789,PineScript,A,PORT_CANDIDATE,2,1,1,439601,0.707,,动量指标驱动的三重确认趋势跟踪策略The-Momentum-Driven-Triple-Confirmation-Trend-Following-Strategy.md
ND437789,similar_0.65_to_0.80,439601,PineScript,B,PORT_CANDIDATE,2,1,1,437789,0.707,,动量震荡器趋势跟踪策略Momentum-Oscillator-Trend-Tracking-Strategy.md
ND438012,similar_0.65_to_0.80,438012,PineScript,A,PORT_CANDIDATE,2,1,1,441962,0.687,,自定义向上突破策略Positive-Bars-Percentage-Breakout-Strategy.md
ND438012,similar_0.65_to_0.80,441962,PineScript,B,PORT_CANDIDATE,2,1,1,438012,0.687,,动态CCI突破策略DCCI-Breakout-Strategy.md
ND438046,similar_0.65_to_0.80,438046,PineScript,A,PORT_CANDIDATE,2,1,1,442930,0.768,,基于EMA200的移动止盈移动止损策略EMA-200-Based-Trailing-Take-Profit-and-Trailing-Stop-Loss-Strategy.md
ND438046,similar_0.65_to_0.80,442930,PineScript,B,PORT_CANDIDATE,2,1,1,438046,0.768,,动态持仓盈利追踪交易策略Dynamic-Trailing-Take-Profit-Trading-Strategy.md
ND438794,similar_0.65_to_0.80,438794,PineScript,A,PORT_CANDIDATE,2,1,1,443988,0.717,,基于双移动平均线交叉的回调入场策略EintSimple-Pullback-Strategy.md
ND438794,similar_0.65_to_0.80,443988,PineScript,B,PORT_CANDIDATE,2,1,1,438794,0.717,,基于双均线交叉量化策略The-EMA-Cross-Quantitative-Strategy.md
ND438798,similar_0.65_to_0.80,438798,PineScript,A,PORT_CANDIDATE,2,1,1,442625,0.747,,多时间框架RSI策略Multi-Timeframe-RSI-Strategy.md
ND438798,similar_0.65_to_0.80,442625,PineScript,B,PORT_CANDIDATE,2,1,1,438798,0.747,,多时间框架RSI交易策略Multi-Timeframe-RSI-Trading-Strategy.md
ND438946,similar_0.65_to_0.80,438946,PineScript,A,PORT_CANDIDATE,2,2,0,439064,0.651,,趋势强度确认策略Trend-Strength-Confirm-Bars-Strategy.md
ND438946,similar_0.65_to_0.80,439064,PineScript,A,PORT_CANDIDATE,2,2,0,438946,0.651,,利用价格动量指标实现的趋势跟踪策略Momentum-Breakout-Strategy.md
ND439036,similar_0.65_to_0.80,439036,PineScript,A,PORT_CANDIDATE,2,1,1,440103,0.653,,偏反指标回测策略Key-Reversal-Backtest-Strategy.md
ND439036,similar_0.65_to_0.80,440103,PineScript,B,PORT_CANDIDATE,2,1,1,439036,0.653,,关键反转信号回测策略Key-Reversal-Backtest-Strategy.md
ND439084,similar_0.65_to_0.80,439084,PineScript,A,PORT_CANDIDATE,2,1,1,442078,0.726,,埃勒斯随机周期量化交易策略Ehlers-Stochastic-Cyber-Cycle-Strategy.md
ND439084,similar_0.65_to_0.80,442078,PineScript,B,PORT_CANDIDATE,2,1,1,439084,0.726,,基于信号平滑的埃尔斯循环策略Signal-Smoothing-Ehlers-Cyber-Cycle-Strategy.md
ND439860,similar_0.65_to_0.80,439860,PineScript,B,PORT_CANDIDATE,2,0,2,441055,0.724,,利用RSI指标和均线指标的量化策略RSI-and-Moving-Average-Breakout-Strategy.md
ND439860,similar_0.65_to_0.80,441055,PineScript,B,PORT_CANDIDATE,2,0,2,439860,0.724,,双移动平均线稳健交易策略Robust-Dual-Moving-Average-Trading-Strategy.md
ND440364,similar_0.65_to_0.80,440364,PineScript,B,PORT_CANDIDATE,2,0,2,443038,0.750,,基于时间和ATR指标的止损止盈策略Time-based-Strategy-with-ATR-Take-Profit.md
ND440364,similar_0.65_to_0.80,443038,PineScript,B,PORT_CANDIDATE,2,0,2,440364,0.750,,基于时间和ATR止损定时买入策略Time-based-ATR-Stop-Loss-Buy-Strategy.md
ND441138,similar_0.65_to_0.80,441138,PineScript,B,PORT_CANDIDATE,2,0,2,442523,0.697,,基于Price-Channel和均线的趋势跟踪策略Price-Channel-and-Moving-Average-Based-Trend-Following-Strategy.md
ND441138,similar_0.65_to_0.80,442523,PineScript,B,PORT_CANDIDATE,2,0,2,441138,0.697,,动态通道均线趋势跟踪策略Dynamic-Channel-Moving-Average-Trend-Tracking-Strategy.md
ND442953,similar_0.65_to_0.80,442953,PineScript,B,PORT_CANDIDATE,2,0,2,443092,0.799,,基于双时间框架趋势追踪策略An-Advanced-Dual-Timeframe-Trend-Tracking-Strategy-for-a-Hot-Stock.md
ND442953,similar_0.65_to_0.80,443092,PineScript,B,PORT_CANDIDATE,2,0,2,442953,0.799,,双时间框架趋势追踪策略Dual-Timeframe-Trend-Following-Strategy.md
ND444001,similar_0.65_to_0.80,444001,PineScript,B,PORT_CANDIDATE,2,0,2,444006,0.716,,基于双均线交叉和止损策略的高效交易策略An-Efficient-Trading-Strategy-Based-on-Dual-Moving-Average-Crossover-and-Stop-Loss.md
ND444001,similar_0.65_to_0.80,444006,PineScript,B,PORT_CANDIDATE,2,0,2,444001,0.716,,动态自适应趋势交易策略Dynamic-Adaptive-Trend-Trading-Strategy.md
ND446461,similar_0.65_to_0.80,446461,PineScript,B,PORT_CANDIDATE,2,0,2,446555,0.749,,高斯通道自适应均线策略-Gaussian-Channel-Adaptive-Moving-Average-Strategy.md
ND446461,similar_0.65_to_0.80,446555,PineScript,B,PORT_CANDIDATE,2,0,2,446461,0.749,,Gaussian-Channel趋势追踪策略-Gaussian-Channel-Trend-Following-Strategy.md
ND448059,similar_0.65_to_0.80,448059,PineScript,B,PORT_CANDIDATE,2,0,2,449521,0.798,,基于随机慢速指标的交易策略KRK-ADA-1H-Stochastic-Slow-Strategy-with-More-Entries-and-AI.md
ND448059,similar_0.65_to_0.80,449521,PineScript,B,PORT_CANDIDATE,2,0,2,448059,0.798,,KRK-aDa-Stochastic-Slow-Mean-Reversion-Strategy-with-AI-Enhancements-KRK-aDa-随机慢速均值回归策略与人工智能增强.md
ND448080,similar_0.65_to_0.80,448080,PineScript,B,PORT_CANDIDATE,2,0,2,449497,0.767,,Bollinger-Bands-Breakout-Strategy-布林线突破策略.md
ND448080,similar_0.65_to_0.80,449497,PineScript,B,PORT_CANDIDATE,2,0,2,448080,0.767,,布林带突破策略-Bollinger-Bands-Breakout-Strategy.md
ND449526,similar_0.65_to_0.80,449526,PineScript,B,PORT_CANDIDATE,2,0,2,449958,0.707,,随机震荡指标与均线交叉策略结合止损与随机震荡过滤器-Stochastic-Oscillator-and-Moving-Average-Crossover-Strategy-with-Stop-Loss-and-Stochastic-Filter.md
ND449526,similar_0.65_to_0.80,449958,PineScript,B,PORT_CANDIDATE,2,0,2,449526,0.707,,随机震荡指标与移动平均线策略-Stochastic-Oscillator-and-Moving-Average-Strategy.md
ND453276,similar_0.65_to_0.80,453276,PineScript,B,PORT_CANDIDATE,2,0,2,453281,0.676,,百分比阈值量化交易策略-Percentage-Threshold-Quantitative-Trading-Strategy.md
ND453276,similar_0.65_to_0.80,453281,PineScript,B,PORT_CANDIDATE,2,0,2,453276,0.676,,动态时间框架高低点突破策略-Dynamic-Timeframe-High-Low-Breakout-Strategy.md
ND455366,similar_0.65_to_0.80,455366,PineScript,B,PORT_CANDIDATE,2,0,2,473235,0.779,,增强型动态布林带交易策略-Enhanced-Dynamic-Bollinger-Bands-Trading-Strategy.md
ND455366,similar_0.65_to_0.80,473235,PineScript,B,PORT_CANDIDATE,2,0,2,455366,0.779,,双重标准差布林带动量突破量化策略-Dual-Standard-Deviation-Bollinger-Bands-Momentum-Breakout-Strategy.md
ND457811,similar_0.65_to_0.80,457811,PineScript,B,PORT_CANDIDATE,2,0,2,458056,0.744,,ATR-RSI增强型趋势追踪交易系统-ATR-RSI-Enhanced-Trend-Following-Trading-System.md
ND457811,similar_0.65_to_0.80,458056,PineScript,B,PORT_CANDIDATE,2,0,2,457811,0.744,,多指标融合的自适应趋势跟踪策略-Multi-Indicator-Adaptive-Trend-Following-Strategy.md
ND471697,similar_0.65_to_0.80,471697,PineScript,B,PORT_CANDIDATE,2,0,2,472933,0.676,,多重技术指标交叉动量量化交易策略-基于EMARSI和ADX的整合分析-Multi-Technical-Indicator-Crossover-Momentum-Quantitative-Trading-Strategy-Integration-Analysis-Based-on-EMA-RSI-and-ADX.md
ND471697,similar_0.65_to_0.80,472933,PineScript,B,PORT_CANDIDATE,2,0,2,471697,0.676,,增强型多周期动态自适应趋势跟踪交易系统-Enhanced-Multi-Period-Dynamic-Adaptive-Trend-Following-Trading-System.md
ND472951,similar_0.65_to_0.80,472951,PineScript,B,PORT_CANDIDATE,2,0,2,473154,0.665,,多重时间框架趋势跟踪交易系统MTF-ATR-MACD-Multi-Timeframe-Trend-Following-Trading-System-with-ATR-and-MACD-Integration.md
ND472951,similar_0.65_to_0.80,473154,PineScript,B,PORT_CANDIDATE,2,0,2,472951,0.665,,多周期趋势跟踪与ATR波动率管理策略-Multi-Timeframe-Trend-Following-Strategy-with-ATR-Volatility-Management.md
ND473396,similar_0.65_to_0.80,473396,PineScript,B,PORT_CANDIDATE,2,0,2,474051,0.708,,双EMA指标智能交叉交易系统与动态止盈止损策略-Dual-EMA-Indicator-Smart-Crossing-Trading-System-with-Dynamic-Stop-Loss-and-Take-Profit-Strategy.md
ND473396,similar_0.65_to_0.80,474051,PineScript,B,PORT_CANDIDATE,2,0,2,473396,0.708,,双均线动态突破交易系统Dynamic-Dual-Moving-Average-Breakthrough-Trading-System-Dynamic-Dual-Moving-Average-Breakthrough-Trading-System.md
ND482242,similar_0.65_to_0.80,482242,PineScript,B,PORT_CANDIDATE,2,0,2,482428,0.770,,三段趋势突破与动量跟踪策略-Trinity-Bar-Based-Trend-Breakthrough-and-Momentum-Tracking-Strategy.md
ND482242,similar_0.65_to_0.80,482428,PineScript,B,PORT_CANDIDATE,2,0,2,482242,0.770,,动态跟踪止损的三分之一K线量化交易策略-Dynamic-Third-Bar-Analysis-Strategy-with-Adaptive-Trailing-Stop.md
ND482870,similar_0.65_to_0.80,482870,PineScript,B,PORT_CANDIDATE,2,0,2,483066,0.746,,动态-EMA-交叉摆动高低点自适应策略-Dynamic-EMA-Crossover-with-Adaptive-Swing-High-Low-Strategy.md
ND482870,similar_0.65_to_0.80,483066,PineScript,B,PORT_CANDIDATE,2,0,2,482870,0.746,,动态趋势突破型指数平滑移动均线交叉策略-Dynamic-Trend-Breakthrough-Exponential-Moving-Average-Crossover-Strategy.md
ND489653,similar_0.65_to_0.80,489653,PineScript,B,PORT_CANDIDATE,2,0,2,489737,0.651,,双指数均线交叉与尾随止损结合的量化交易策略-Dual-EMA-Crossover-Strategy-with-Dynamic-Trailing-Stop-Mechanism.md
ND489653,similar_0.65_to_0.80,489737,PineScript,B,PORT_CANDIDATE,2,0,2,489653,0.651,,高效趋势捕捉型指数移动平均线交叉与动态追踪止损策略-Advanced-Trend-Capture-EMA-Crossover-Strategy-with-Dynamic-Trailing-Stop.md
