strategy_id,bar_size,language,tier,stop_class,can_reverse,time_exit,same_bar_possible,file
365687,2h,PineScript,confirmed,intrabar_order,False,,yes,Flawless-Victory-Strategy.md
426480,2h,PineScript,confirmed,intrabar_order,True,,yes,摆动点突破交易策略Swing-Points-Breakout-Trading-Strategy.md
426504,2h,PineScript,confirmed,intrabar_order,False,,yes,布林带突破交易策略Bollinger-Band-Breakout-Trading-Strategy.md
426508,2h,PineScript,confirmed,intrabar_order,True,,yes,自定义一目均衡表交易策略Customizable-Ichimoku-Cloud-Trading-Strategy.md
426573,2h,PineScript,confirmed,intrabar_order,True,,yes,自适应零滞后EMA交易策略Adaptive-Zero-Lag-EMA-Trading-Strategy.md
426772,2h,PineScript,confirmed,intrabar_order,True,,yes,唐奇安通道突破策略Donchian-Channel-Breakout-Strategy.md
426836,2h,PineScript,confirmed,intrabar_order,False,,yes,熊市MACD做空策略Bear-Market-MACD-Short-Strategy.md
426890,2h,PineScript,confirmed,intrabar_order,True,,yes,基于通道突破的趋势策略Trend-Following-Strategy-Based-on-Channel-Breakouts.md
426909,2h,PineScript,confirmed,intrabar_order,True,,yes,克特纳通道止盈止损策略Keltner-Channel-Stop-Loss-Take-Profit-Strategy.md
427116,2h,PineScript,confirmed,intrabar_order,True,possible,yes,基于量化均线的趋势跟踪策略Quantitative-Moving-Average-Trend-Following-Strategy.md
427301,2h,PineScript,confirmed,intrabar_order,True,,yes,百分比追踪止损策略Percent-Trailing-Stop-Loss-Strategy.md
427477,2h,PineScript,confirmed,intrabar_order,True,,yes,基于关键价格点的追踪策略Round-Number-Tracking-Strategy.md
427506,2h,PineScript,confirmed,intrabar_order,True,,yes,趋势均线交易策略Trend-Moving-Average-Trading-Strategy.md
427591,2h,PineScript,confirmed,intrabar_order,True,,yes,双时间框架超趋势跟踪策略Dual-Timeframe-Supertrend-Tracking-Strategy.md
427678,2h,PineScript,confirmed,intrabar_order,True,,yes,SSL动量指标组合交易策略SSL-Momentum-Combo-Trading-Strategy.md
428050,2h,PineScript,confirmed,intrabar_order,True,,yes,基于Stochastic指标的弹性止损短期交易策略Short-term-Trading-Strategy-Based-on-Stochastic-Indicator-with-Elastic-Stop-Loss.md
428056,2h,PineScript,confirmed,intrabar_order,True,,yes,形态预测策略Hammer-and-Shooting-Star-Pattern-Trading-Strategy.md
428621,2h,PineScript,confirmed,intrabar_order,True,,yes,力道K线突破策略Choppiness-K-line-Breakthrough-Strategy.md
428625,2h,PineScript,confirmed,intrabar_order,True,,yes,滑行止损策略Loft-Stop-Strategy.md
428631,2h,PineScript,confirmed,intrabar_order,False,,yes,动量反转策略Momentum-Reversal-Trading-Strategy.md
428689,2h,PineScript,confirmed,intrabar_order,True,,yes,RSI-VWAP量价策略RSI-VWAP-Price-Volume-Strategy.md
428806,2h,PineScript,confirmed,intrabar_order,True,,yes,RSI和OTT波带策略分析RSI-and-OTT-Bands-Strategy-Analysis.md
428973,2h,PineScript,confirmed,intrabar_order,True,,yes,超级趋势基础策略SuperTrend-Basic-Strategy.md
428985,2h,PineScript,confirmed,intrabar_order,True,,yes,摆动交易策略Swing-Trading-Strategy.md
429393,2h,PineScript,confirmed,intrabar_order,False,,yes,基于RSI和移动平均线的多时间框架交易策略RSI-and-Moving-Average-Crossover-Multi-Timeframe-Trading-Strategy.md
429563,2h,PineScript,confirmed,intrabar_order,True,,yes,多级分批止盈BTC机器人交易策略Multi-level-Batch-Take-Profit-BTC-Robot-Trading-Strategy.md
430064,2h,PineScript,confirmed,intrabar_order,True,,yes,基于移动平均线交叉策略Moving-Average-Crossover-Strategy.md
430127,2h,PineScript,confirmed,intrabar_order,True,,yes,多因子动量轮动策略Multi-factor-Momentum-Rotation-Strategy.md
430145,2h,PineScript,confirmed,intrabar_order,True,,yes,布林带和RSI指标组合策略Bollinger-Bands-and-RSI-indicators-strategy.md
430169,2h,PineScript,confirmed,intrabar_order,True,,yes,渐积突破交易策略Gradual-Accumulation-Breakout-Trading-Strategy.md
430177,2h,PineScript,confirmed,intrabar_order,True,,yes,多重指标的量化交易策略Quantitative-Trading-Strategy-Based-on-Multiple-Indicators.md
430260,2h,PineScript,confirmed,intrabar_order,True,likely,yes,三重指标动量反转策略Triple-Indicator-Momentum-Reversal-Strategy.md
430693,2h,PineScript,confirmed,intrabar_order,True,,yes,价格通道趋势跟踪策略trend-following-strategy-based-on-Donchian-Channels.md
430880,2h,PineScript,confirmed,intrabar_order,True,possible,yes,坐标滑动止损策略Coordinate-Sliding-Stop-Loss-Strategy.md
431014,2h,PineScript,confirmed,intrabar_order,True,,yes,常用移动平均线交叉策略Moving-Average-Crossover-Strategy.md
431209,2h,PineScript,confirmed,intrabar_order,True,,yes,趋势成块策略Sizeblock-Strategy.md
431400,2h,PineScript,confirmed,intrabar_order,True,,yes,海龟突破EMA交叉策略Turtle-Breakout-EMA-Cross-Strategy.md
432965,2h,PineScript,confirmed,intrabar_order,True,,yes,基于ATR和资金管理的SSL通道回测策略SSL-Channel-Backtester-Strategy-With-ATR-and-Money-Management.md
434180,2h,PineScript,confirmed,intrabar_order,True,,yes,基于EMALeledc和布林带的趋势跟踪策略EMA-bands-Leledc-Bollinger-bands-trend-following-strategy.md
434288,2h,PineScript,confirmed,intrabar_order,True,,yes,基于多重指标的量化交易策略Multi-Indicator-Quantitative-Trading-Strategy.md
434434,2h,PineScript,confirmed,intrabar_order,True,,yes,双均线交叉趋势策略Dual-Moving-Average-Crossover-Trend-Strategy.md
435127,2h,PineScript,confirmed,intrabar_order,True,,yes,基于RSI指标和200日SMA滤波器的间接强度指数策略Indirect-Strength-Index-Strategy-Based-on-RSI-Indicator-and-200-day-SMA-Filter.md
435165,2h,PineScript,confirmed,intrabar_order,True,,yes,动态交易者指数指标策略Concise-Dynamic-Trend-Strategy.md
436237,2h,PineScript,confirmed,intrabar_order,True,,yes,基于相对强弱指数RSI指标的量化交易策略The-RSI-breakout-strategy-is-a-quantitative-trading-strategy.md
437048,2h,PineScript,confirmed,intrabar_order,True,,yes,动态趋势突破策略Dynamic-Breakout-Trend-Following-Strategy.md
439228,2h,PineScript,confirmed,intrabar_order,True,,yes,K线形态策略Candlestick-Patterns-Strategy.md
439275,2h,PineScript,confirmed,intrabar_order,True,,yes,基于供需区域与EMA滑动止损的交易策略Trading-Strategy-Based-on-Supply-and-Demand-Zones-with-EMA-and-Trailing-Stop.md
440435,2h,PineScript,confirmed,intrabar_order,True,,yes,基于市场流通性及趋势的短线交易策略Scalping-Strategy-Based-on-Market-Liquidity-and-Trend.md
440678,2h,PineScript,confirmed,intrabar_order,True,possible,yes,突破拉回中的隐形风暴Breakback-Storm-Strategy-in-Hidden-Opportunities.md
440701,2h,PineScript,confirmed,intrabar_order,False,,yes,黄金布林带跳空回归系统Golden-Bollinger-Band-Gap-Reversion-System.md
440854,2h,PineScript,confirmed,intrabar_order,True,,yes,双EMA均线追踪策略Dual-Exponential-Moving-Average-Trend-Following-Strategy.md
440862,2h,PineScript,confirmed,intrabar_order,True,possible,yes,三移动平均趋势跟踪策略Dazzling-Bolts-Trend-Following-Strategy.md
440877,2h,PineScript,confirmed,intrabar_order,True,,yes,基于价格发散的趋势交易策略Price-Divergence-Based-Trend-Trading-Strategy.md
440976,2h,PineScript,confirmed,intrabar_order,True,,yes,基于多周期SMA指标的趋势跟踪策略Trend-Following-Strategy-Based-on-Multi-Period-SMA.md
440995,2h,PineScript,confirmed,intrabar_order,True,,yes,基于布林带移动平均线和MACD的组合交易策略Bollinger-Band-Moving-Average-and-MACD-Combined-Trading-Strategy.md
441049,2h,PineScript,confirmed,intrabar_order,False,,yes,基于双均线交叉策略Closing-Price-Comparison-Dual-Moving-Average-Crossover-Strategy.md
441084,2h,PineScript,confirmed,intrabar_order,True,,yes,基于LazyBear压缩动量指标的量化交易策略Squeeze-Momentum-Trading-Strategy-Based-on-LazyBear-Indicator.md
441159,2h,PineScript,confirmed,intrabar_order,True,,yes,动态斜率趋势线交易策略Dynamic-Slope-Trend-Line-Trading-Strategy.md
441955,2h,PineScript,confirmed,intrabar_order,False,,yes,固定止盈止损出场的量化交易策略The-Quantitative-Trading-Strategy-Based-on-Dynamic-Moving-Average-Breakthrough-Entry.md
441969,2h,PineScript,confirmed,intrabar_order,True,,yes,三均线震荡区间反转策略3-Moving-Average-Swing-Interval-Reversal-Strategy.md
441990,2h,PineScript,confirmed,intrabar_order,True,likely,yes,坚如磐石的海龟策略Real-TurtleSteadfast-as-a-Rock-Turtle-Strategy.md
442645,2h,PineScript,confirmed,intrabar_order,True,,yes,SPY-RSI-Stochastics-交叉值反转趋势策略SPY-RSI-Stochastics-Crossover-Reversal-Trend-Strategy.md
442820,2h,PineScript,confirmed,intrabar_order,False,,yes,移动平均均线交易策略Moving-Average-Trading-Strategy.md
442955,2h,PineScript,confirmed,intrabar_order,False,,yes,玻尔兰德波带跟踪策略Bollinger-Band-Tracking-Strategy.md
443090,2h,PineScript,confirmed,intrabar_order,True,,yes,基于年内调整的RSI震荡交易策略Bitlinc-MARSI-Trading-Strategy.md
443101,2h,PineScript,confirmed,intrabar_order,True,,yes,双重均线与加速指标组合交易策略Double-Moving-Average-and-MACD-Combination-Trading-Strategy.md
443108,2h,PineScript,confirmed,intrabar_order,False,,yes,基于移动平均线交叉和K线形态的比特币scalping策略Bitcoin-Scalping-Strategy-Based-on-Moving-Average-Crossover-and-Candlestick-Patterns.md
443141,2h,PineScript,confirmed,intrabar_order,True,,yes,基于VWAP的趋势跟随策略VWAP-Trend-Following-Strategy.md
443231,2h,PineScript,confirmed,intrabar_order,False,,yes,突破EMA滑动止损三角策略Elevated-Touch-Short-Triangle-Strategy.md
444013,2h,PineScript,confirmed,intrabar_order,True,,yes,甲易炳量化趋势动量交易策略JiaYiBing-Quantitative-Trend-Momentum-Trading-Strategy.md
446441,2h,PineScript,confirmed,intrabar_order,True,likely,yes,ADR均线交叉策略-融合多维度技术指标和严格止盈止损的交易方法EMA-Cross-ADR-Strategy-A-Multidimensional-Technical-Indicator-Based-Trading-Method-with-Strict-Risk-Management.md
448076,2h,PineScript,confirmed,intrabar_order,True,possible,yes,SPARK动态仓位与双重指标交易策略-SPARK-Dynamic-Position-Sizing-and-Dual-Indicator-Trading-Strategy.md
452827,2h,PineScript,confirmed,intrabar_order,True,,yes,动态ATR止盈止损移动均线交叉策略-Dynamic-ATR-Stop-Loss-and-Take-Profit-Moving-Average-Crossover-Strategy.md
453668,2h,PineScript,confirmed,intrabar_order,True,,yes,基于支撑位和阻力位反转形态的量化交易策略-Quantitative-Trading-Strategy-Based-on-Reversal-Patterns-at-Support-and-Resistance-Levels.md
454145,2h,PineScript,confirmed,intrabar_order,True,,yes,基于200日均线和随机振子的趋势追踪策略-Trend-Following-Strategy-Based-on-200-Day-Moving-Average-and-Stochastic-Oscillator.md
454146,2h,PineScript,confirmed,intrabar_order,True,,yes,G趋势EMA-ATR智能交易策略G-Trend-EMA-ATR-Intelligent-Trading-Strategy.md
454731,2h,PineScript,confirmed,intrabar_order,False,,yes,超级三指标RSI-MACD-BB动量反转策略-Super-Triple-Indicator-RSI-MACD-BB-Momentum-Reversal-Strategy.md
458061,2h,PineScript,confirmed,intrabar_order,True,,yes,SMA交叉结合超趋势的自适应动量交易策略Adaptive-Momentum-Trading-Strategy-with-SMA-Crossover-and-SuperTrend.md
458067,2h,PineScript,confirmed,intrabar_order,True,,yes,Magic-Channel-Price-Action-Trading-Strategy-魔法通道价格行为交易策略.md
458145,2h,PineScript,confirmed,intrabar_order,True,,yes,动态均值回归与动量策略-Dynamic-Mean-Reversion-and-Momentum-Strategy.md
468306,2h,PineScript,confirmed,intrabar_order,True,,yes,双均线交叉日内盈利目标策略-Dual-Moving-Average-Crossover-Strategy-with-Daily-Profit-Target.md
468340,2h,PineScript,confirmed,intrabar_order,True,,yes,增强型突破策略与目标和止损优化-Enhanced-Breakout-Strategy-with-Targets-and-Stop-Loss-Optimization.md
471674,2h,PineScript,confirmed,intrabar_order,True,likely,yes,多重指标动态自适应调仓ATR波动率策略-Multi-Indicator-Dynamic-Adaptive-Position-Sizing-with-ATR-Volatility-Strategy.md
471691,2h,PineScript,confirmed,intrabar_order,True,,yes,E9鲨鱼32形态量化价格突破策略-E9-Shark-32-Pattern-Quantitative-Price-Breakout-Strategy.md
473145,2h,PineScript,confirmed,intrabar_order,False,,yes,三重均线趋势跟踪与动量融合量化交易策略-Triple-Moving-Average-Trend-Following-and-Momentum-Integration-Quantitative-Trading-Strategy.md
473250,2h,PineScript,confirmed,intrabar_order,False,,yes,双重动量挤压交易系统SMIUBS指标组合策略-Dual-Momentum-Squeeze-Trading-System-SMIUBS-Indicator-Combination-Strategy.md
473318,2h,PineScript,confirmed,intrabar_order,True,,yes,基于EMA均线波动带的多周期趋势跟踪交易系统-Multi-Period-Trend-Following-Trading-System-Based-on-EMA-Volatility-Bands.md
474670,2h,PineScript,confirmed,intrabar_order,True,,yes,高级动态追踪止损与目标盈利策略-Advanced-Dynamic-Trailing-Stop-with-Risk-Reward-Targeting-Strategy.md
474842,2h,PineScript,confirmed,intrabar_order,False,,yes,多重目标智能波动率动量交易策略-Multi-Target-Intelligent-Volume-Momentum-Trading-Strategy.md
474858,2h,PineScript,confirmed,intrabar_order,False,,yes,多指标趋势跟踪与波动突破策略-Multi-Indicator-Trend-Following-and-Volatility-Breakout-Strategy.md
474880,2h,PineScript,confirmed,intrabar_order,True,,yes,多指标协同布林带-斐波那契-MACD-RSI智能交易策略-Multi-Indicator-Synergistic-Trading-Strategy-with-Bollinger-Bands-Fibonacci-MACD-and-RSI.md
474962,2h,PineScript,confirmed,intrabar_order,True,,yes,动态趋势跟踪多周期均线交叉策略-Dynamic-Trend-Following-Multi-Period-Moving-Average-Crossover-Strategy.md
474978,2h,PineScript,confirmed,intrabar_order,True,,yes,多指标协同趋势跟踪策略与动态止损系统-Multi-Indicator-Synergistic-Trend-Following-Strategy-with-Dynamic-Stop-Loss-System.md
474984,2h,PineScript,confirmed,intrabar_order,True,,yes,基于RSI和MACD的五日内交叉灵活入场策略优化版本研究-Advanced-Five-Day-Cross-Analysis-Strategy-Based-on-RSI-and-MACD-Integration.md
475634,2h,PineScript,confirmed,intrabar_order,False,,yes,自适应趋势跟踪策略结合动态回撤控制系统-Adaptive-Trend-Following-Strategy-with-Dynamic-Drawdown-Control-System.md
477580,2h,PineScript,confirmed,intrabar_order,True,,yes,高级WaveTrend与EMA-Ribbon融合交易策略-Advanced-WaveTrend-and-EMA-Ribbon-Fusion-Trading-Strategy.md
481365,2h,PineScript,confirmed,intrabar_order,True,,yes,Multi-Indicator-Trend-Following-Strategy-with-Dynamic-Risk-Management-多指标趋势跟踪策略与动态风险管理.md
481370,2h,PineScript,confirmed,intrabar_order,True,likely,yes,Adaptive-Bollinger-Bands-Trend-Following-Strategy-with-Multi-Level-Risk-Management-自适应布林带趋势跟踪策略与多层风险管理系统.md
482422,2h,PineScript,confirmed,intrabar_order,True,,yes,Angular-VWMA-Trend-Following-Strategy-with-Dynamic-Trailing-Stop-基于角度的VWMA趋势跟踪策略与动态追踪止损.md
482434,2h,PineScript,confirmed,intrabar_order,True,,yes,动态布林带结合PSAR指标的高级量化交易策略-Advanced-Quantitative-Trading-Strategy-Combining-Dynamic-Bollinger-Bands-with-PSAR-Indicator.md
482447,2h,PineScript,confirmed,intrabar_order,True,likely,yes,多指标趋势跟踪与震荡预警结合策略-Multi-Indicator-Trend-Following-with-Oscillator-Alert-Strategy.md
482466,2h,PineScript,confirmed,intrabar_order,True,,yes,三线突破趋势跟踪策略结合EMA动态过滤和ATR风险管理系统-Three-Line-Strike-Trend-Following-Strategy-with-EMA-Dynamic-Filter-and-ATR-Risk-Management-System.md
482475,2h,PineScript,confirmed,intrabar_order,True,,yes,动态ATR追踪止损与均线交叉组合策略-Dynamic-ATR-Trailing-Stop-with-EMA-Cross-Combination-Strategy.md
482823,2h,PineScript,confirmed,intrabar_order,True,,yes,多周期成交量加权均价与移动平均线突破交易策略-Multi-Timeframe-VWAP-and-EMA-Breakout-Trading-Strategy.md
482829,2h,PineScript,confirmed,intrabar_order,True,,yes,Z分数动量ATR止损策略结合风险收益比优化交易系统-Z-Score-Momentum-Trading-System-with-ATR-Stop-Loss-and-Risk-Reward-Optimization.md
482836,2h,PineScript,confirmed,intrabar_order,True,,yes,基于动态ATR和双均线交叉的自适应风险管理策略-Adaptive-Risk-Management-Strategy-Based-on-Dynamic-ATR-and-Moving-Average-Crossover.md
483072,2h,PineScript,confirmed,intrabar_order,False,,yes,动态波动率止损的趋势动量交易策略-Dynamic-Volatility-Based-Stop-Loss-Trend-Momentum-Trading-Strategy.md
483943,2h,PineScript,confirmed,intrabar_order,False,,yes,多重均线追踪策略与动态仓位管理系统-Multi-EMA-Trend-Following-Strategy-with-Dynamic-Position-Management-System.md
484578,2h,PineScript,confirmed,intrabar_order,True,,yes,双均线趋势回调自适应ATR止盈止损量化交易策略-Dual-MA-Trend-Pullback-Trading-Strategy-with-Adaptive-ATR-Based-Risk-Management.md
487999,2h,PineScript,confirmed,intrabar_order,True,,yes,动态交叉移动平均线趋势捕捉策略与风险管理系统-Dynamic-Crossover-Moving-Average-Trend-Capture-Strategy-with-Risk-Management-System.md
488018,2h,PineScript,confirmed,intrabar_order,True,,yes,多因子趋势价格行为策略与动态风险管理系统-Multi-Factor-Trend-Price-Action-Strategy-with-Dynamic-Risk-Management-System.md
488167,2h,PineScript,confirmed,intrabar_order,True,,yes,多指标共识交易策略流动性加权趋势信号系统-Multi-Indicator-Consensus-Trading-Strategy-Liquidity-Weighted-Trend-Signal-System.md
488237,2h,PineScript,confirmed,intrabar_order,True,,yes,多指标共识策略优化型趋势交易系统结合流动性加权超趋势趋势信号和增强型波浪指标-Multi-Indicator-Consensus-Trend-Trading-System-Combining-Liquidity-Weighted-Supertrend-Trend-Signals-and-Enhanced-Wavetrend-Oscillator.md
488268,2h,PineScript,confirmed,intrabar_order,True,,yes,趋势过滤多均线交叉ATR风控量化策略-Multi-Moving-Average-Crossover-Strategy-with-Trend-Filter-and-ATR-Risk-Management.md
489154,2h,PineScript,confirmed,intrabar_order,True,,yes,多重均线交叉动量风险比优化策略-Multi-EMA-Crossover-Momentum-Strategy-with-Risk-Reward-Optimization.md
489289,2h,PineScript,confirmed,intrabar_order,False,,yes,多周期指数移动平均云趋势跟踪做空策略-Multi-Timeframe-EMA-Cloud-Trend-Following-Short-Strategy.md
426602,3h,PineScript,confirmed,intrabar_order,True,possible,yes,可配置化双向超趋策略Configurable-Dual-direction-Supertrend-Strategy.md
426845,3h,PineScript,confirmed,intrabar_order,True,possible,yes,基于成交量比率的趋势策略Trend-Following-Strategy-Based-on-Volume-Ratio.md
427161,3h,PineScript,confirmed,intrabar_order,True,possible,yes,动态止损交易视图策略Dynamic-Stop-Loss-Alert-TradingView-Strategy.md
427189,3h,PineScript,confirmed,intrabar_order,True,,yes,双移动平均线趋势跟踪策略Dual-Moving-Average-Trend-Following-Strategy.md
427729,3h,PineScript,confirmed,intrabar_order,True,,yes,双均线趋势跟踪策略Dual-Moving-Average-Trend-Following-Strategy.md
427890,3h,PineScript,confirmed,intrabar_order,True,,yes,基于ATR和CCI的趋势跟踪策略CCI-and-ATR-Based-Trend-Following-Strategy.md
428052,3h,PineScript,confirmed,intrabar_order,True,,yes,三均线交叉William指标的量化交易策略Triple-Moving-Average-Crossover-and-Williams-Indicator-Strategy.md
428623,3h,PineScript,confirmed,intrabar_order,True,,yes,ARGO波段突破策略ARGO-Range-Breakout-Strategy.md
429145,3h,PineScript,confirmed,intrabar_order,True,,yes,4小时CCI反转策略4-Hour-CCI-Reversal-Strategy.md
429483,3h,PineScript,confirmed,intrabar_order,True,,yes,Hulk回撤反转策略The-Hulk-Pullback-Reversal-Strategy.md
429494,3h,PineScript,confirmed,intrabar_order,True,possible,yes,MACD多空平衡跟踪策略MACD-Trend-Balancing-Strategy.md
431430,3h,PineScript,confirmed,intrabar_order,True,,yes,MACDRSI动量突破策略Momentum-Breakout-Strategy.md
431495,3h,PineScript,confirmed,intrabar_order,True,,yes,SAR动态追踪突破三均线策略Parabolic-SAR-Dynamic-Breakout-Triple-SMMA-Strategy.md
432806,3h,PineScript,confirmed,intrabar_order,False,,yes,反向K线突破短线交易策略Reversal-Short-term-Breakout-Trading-Strategy.md
432901,3h,PineScript,confirmed,intrabar_order,True,,yes,反向开盘吞噬策略Reverse-Opening-Engulfing-Strategy.md
433932,3h,PineScript,confirmed,intrabar_order,True,,yes,多个百分比止盈exit策略Multiple-Percentage-Profit-Exits-Strategy.md
435160,3h,PineScript,confirmed,intrabar_order,True,,yes,顺势突破均线交叉策略Schaff-Trend-Cycle-with-Double-Moving-Average-Crossover-Strategy.md
438782,3h,PineScript,confirmed,intrabar_order,True,,yes,通道突破均线跟踪策略Trend-Following-Channel-Breakout-Strategy-with-Moving-Average-and-Trailing-Stop.md
438929,3h,PineScript,confirmed,intrabar_order,True,,yes,多时间周期MACD均线交易策略Multi-Timeframe-MACD-Moving-Average-Trading-Strategy.md
438930,3h,PineScript,confirmed,intrabar_order,True,,yes,动量趋势同步策略RMI-Trend-Sync-Strategy.md
438935,3h,PineScript,confirmed,intrabar_order,True,,yes,短期趋势追踪反转策略Trend-Tracking-Reversal-Strategy.md
439610,3h,PineScript,confirmed,intrabar_order,False,,yes,影响周线的交易策略Weekly-Swing-Trading-Strategy.md
440459,3h,PineScript,confirmed,intrabar_order,False,,yes,动量突破与吞噬模型算法交易策略Momentum-Breakout-and-Engulfing-Pattern-Algorithmic-Trading-Strategy.md
440797,3h,PineScript,confirmed,intrabar_order,True,,yes,帕罗贝尔周期与布林带结合的移动止损策略Parabolic-Period-and-Bollinger-Band-Combined-Moving-Stop-Loss-Strategy.md
440874,3h,PineScript,confirmed,intrabar_order,True,,yes,趋势追踪移动平均线与K线形态组合策略Trend-Following-Strategy-with-Moving-Average-and-Candlestick-Patterns.md
440957,3h,PineScript,confirmed,intrabar_order,False,,yes,三指数均线止盈止损策略Triple-Exponential-Moving-Average-Profit-Taking-and-Stop-Loss-Strategy.md
440975,3h,PineScript,confirmed,intrabar_order,False,,yes,基于市场多空力量的Ichimoku云突破策略Market-Sentiment-Based-Ichimoku-Breakout-Strategy.md
441075,3h,PineScript,confirmed,intrabar_order,True,,yes,收益率理论波动指标量化策略Profit-rate-theory-volatility-index-quantification-strategy.md
441954,3h,PineScript,confirmed,intrabar_order,True,likely,yes,三根K线反转趋势策略Three-Candle-Reversal-Trend-Strategy.md
442644,3h,PineScript,confirmed,intrabar_order,True,,yes,基于ATR和EMA的趋势跟随策略All-about-the-ATR-and-EMA-based-trend-following-strategy.md
442836,3h,PineScript,confirmed,intrabar_order,False,,yes,追踪熊市策略Follow-The-Bear-Strategy.md
442940,3h,PineScript,confirmed,intrabar_order,True,,yes,支撑阻力趋势追踪策略Support-and-Resistance-Trend-Tracking-Strategy.md
443137,3h,PineScript,confirmed,intrabar_order,True,,yes,移动平均线双轨道交易策略Dual-Moving-Average-Channel-Trading-Strategy.md
443140,3h,PineScript,confirmed,intrabar_order,True,,yes,游龟交易策略Turtle-Trend-Strategy.md
446539,3h,PineScript,confirmed,intrabar_order,True,,yes,黄金短线交易策略-XAUUSD-Scalper-1m-XAUUSD-1-Minute-Scalping-Strategy.md
451074,3h,PineScript,confirmed,intrabar_order,False,,yes,基于多均线的趋势交易策略-Multi-Moving-Average-Trend-Trading-Strategy.md
452283,3h,PineScript,confirmed,intrabar_order,True,,yes,多指标量化交易策略-7合1超级指标策略-Multi-Indicator-Quantitative-Trading-Strategy-Super-Indicator-7-in-1-Strategy.md
452616,3h,PineScript,confirmed,intrabar_order,True,,yes,多因子融合策略Multi-factor-Fusion-Strategy-Multi-factor-Fusion-Strategy.md
452693,3h,PineScript,confirmed,intrabar_order,True,,yes,十五分钟图表高级交易信号策略-Advanced-15-Minute-Chart-Trading-Signal-Strategy.md
453242,3h,PineScript,confirmed,intrabar_order,True,,yes,双重Vegas通道波动性调整SuperTrend量化交易策略-Double-Vegas-Channel-Volatility-Adjusted-SuperTrend-Quantitative-Trading-Strategy.md
458033,3h,PineScript,confirmed,intrabar_order,True,,yes,多时框趋势跟踪与订单区块结合的量化交易策略-Multi-Timeframe-Trend-Following-and-Order-Block-Quantitative-Trading-Strategy.md
458040,3h,PineScript,confirmed,intrabar_order,True,,yes,多时间框架融合型指数均线交叉策略-Multi-Timeframe-Exponential-Moving-Average-Crossover-Strategy-with-Risk-Reward-Optimization.md
458059,3h,PineScript,confirmed,intrabar_order,False,,yes,加权移动平均线和相对强弱指数交叉策略与风险管理优化系统Weighted-Moving-Average-and-Relative-Strength-Index-Crossover-Strategy-with-Risk-Management-Optimization-System.md
458200,3h,PineScript,confirmed,intrabar_order,False,,yes,多重订单突破趋势跟踪策略-Multi-Order-Breakout-Trend-Following-Strategy.md
469622,3h,PineScript,confirmed,intrabar_order,True,,yes,EMA-MACD-RSI-交叉策略-EMA-MACD-RSI-Crossover-Strategy.md
471687,3h,PineScript,confirmed,intrabar_order,True,,yes,多指标融合均值回归趋势跟踪策略-Multi-Indicator-Fusion-Mean-Reversion-Trend-Following-Strategy.md
474060,3h,PineScript,confirmed,intrabar_order,False,likely,yes,基于MFI指标的金融资产超卖区域退出及信号平均系统-Financial-Asset-MFI-Based-Oversold-Zone-Exit-and-Signal-Averaging-System.md
474634,3h,PineScript,confirmed,intrabar_order,True,,yes,RSI-ATR动量波动组合交易策略-RSI-ATR-Momentum-Volatility-Combined-Trading-Strategy.md
474959,3h,PineScript,confirmed,intrabar_order,False,,yes,多周期均线穿越结合RSI动量与ATR波动率的趋势跟踪策略-Multi-Period-EMA-Crossover-with-RSI-Momentum-and-ATR-Volatility-Based-Trend-Following-Strategy.md
474965,3h,PineScript,confirmed,intrabar_order,True,,yes,多重波浪趋势交叉风险管理量化策略-Multi-Wave-Trend-Crossing-Risk-Management-Quantitative-Strategy.md
474976,3h,PineScript,confirmed,intrabar_order,True,,yes,均值回归增强型MACD-ATR策略Enhanced-Mean-Reversion-Strategy-with-MACD-ATR-Implementation.md
476243,3h,PineScript,confirmed,intrabar_order,True,,yes,增强型斐波那契趋势跟踪与风险管理策略-Enhanced-Fibonacci-Trend-Following-and-Risk-Management-Strategy.md
476259,3h,PineScript,confirmed,intrabar_order,True,,yes,动态均线与布林带交叉策略结合固定止损优化模型-Dynamic-Moving-Average-and-Bollinger-Bands-Cross-Strategy-with-Fixed-Stop-Loss-Optimization-Model.md
477557,3h,PineScript,confirmed,intrabar_order,True,,yes,高级压力反转与K线重叠策略Advanced-Pressure-Reversal-and-Candlestick-Overlap-Strategy.md
477598,3h,PineScript,confirmed,intrabar_order,True,,yes,动态均线交叉趋势跟踪策略结合ATR风险管理系统-Dynamic-Moving-Average-Crossover-Trend-Following-Strategy-with-ATR-Risk-Management-System.md
477609,3h,PineScript,confirmed,intrabar_order,True,,yes,双重技术指标动量反转交易策略结合风险管理系统-Dual-Technical-Indicator-Momentum-Reversal-Trading-Strategy-with-Risk-Management-System.md
478697,3h,PineScript,confirmed,intrabar_order,True,,yes,动态QQE趋势跟踪与风险管理量化交易策略-Dynamic-QQE-Trend-Following-with-Risk-Management-Quantitative-Trading-Strategy.md
478719,3h,PineScript,confirmed,intrabar_order,True,,yes,基于大量级蜡烛线与RSI背离的高级止损动态追踪策略-Advanced-Dynamic-Stop-Loss-Strategy-Based-on-Large-Candles-and-RSI-Divergence.md
481100,3h,PineScript,confirmed,intrabar_order,True,,yes,基于SMA和布林带的吞没形态指标组合交易策略-Combined-SMA-and-Bollinger-Bands-Engulfing-Pattern-Trading-Strategy.md
481104,3h,PineScript,confirmed,intrabar_order,False,,yes,多维度趋势跟踪与波动率自适应止损策略-Multi-Dimensional-Trend-Following-Strategy-with-Volatility-Adaptive-Stop-Loss.md
481367,3h,PineScript,confirmed,intrabar_order,True,,yes,基于EMA交叉结合RSIADX和成交量确认的动态止盈止损系统-Dynamic-Stop-Loss-and-Take-Profit-System-Based-on-EMA-Crossover-with-RSI-ADX-and-Volume-Confirmation.md
482461,3h,PineScript,confirmed,intrabar_order,True,,yes,动态波浪指标组合策略-Dynamic-Wave-Indicator-Combination-Strategy.md
482473,3h,PineScript,confirmed,intrabar_order,True,,yes,基于价格结构的高比例回报突破交易策略-High-Reward-to-Risk-Price-Structure-Breakout-Trading-Strategy.md
482504,3h,PineScript,confirmed,intrabar_order,True,,yes,多时框随机震荡趋势跟踪交易策略-Multi-Timeframe-Stochastic-Oscillator-Trend-Following-Trading-Strategy.md
482817,3h,PineScript,confirmed,intrabar_order,True,,yes,波动尖峰指标智能交易策略-Volatility-Spike-Indicator-Smart-Trading-Strategy.md
484921,3h,PineScript,confirmed,intrabar_order,True,,yes,多重指标趋势确认动态止盈止损交易策略-Multi-Indicator-Trend-Confirmation-Dynamic-Risk-Management-Trading-Strategy.md
488382,3h,PineScript,confirmed,intrabar_order,True,,yes,多因子顶部旋转反转策略与风险收益优化系统-Multi-Factor-Spinning-Top-Reversal-Strategy-with-Risk-Reward-Optimization.md
488541,3h,PineScript,confirmed,intrabar_order,True,,yes,动态布林带突破趋势追踪策略-Dynamic-Bollinger-Bands-Breakout-Trend-Tracking-Strategy.md
361969,4h,PineScript,confirmed,intrabar_order,True,,yes,QQE-MOD-SSL-Hybrid-Waddah-Attar-Explosion.md
363970,4h,PineScript,confirmed,intrabar_order,False,,yes,Johnys-BOT.md
366538,4h,PineScript,confirmed,intrabar_order,False,,yes,Low-Scanner-strategy-crypto.md
368724,4h,PineScript,confirmed,intrabar_order,True,,yes,Range-Filter-Buy-and-Sell-5min-Strategy.md
379757,4h,PineScript,confirmed,intrabar_order,True,,yes,PlanB-Quant-Investing-101-v2.md
380245,4h,PineScript,confirmed,intrabar_order,True,,yes,TUE-ADX-MACD-Confluence-Strategy.md
380250,4h,PineScript,confirmed,intrabar_order,True,,yes,Arnaud-Legoux-Moving-Average-Cross-ALMA.md
380262,4h,PineScript,confirmed,intrabar_order,True,,yes,Backtest-Engine.md
380294,4h,PineScript,confirmed,intrabar_order,True,,yes,Bad-guy-strategy.md
380330,4h,PineScript,confirmed,intrabar_order,True,,yes,BuySell-Strategy-depends-on-AOStochRSIATR-by-SerdarYILMAZ.md
380337,4h,PineScript,confirmed,intrabar_order,True,,yes,BuySell-Strategy-depends-on-AOStochRSIATR-by-SerdarYILMAZ-SerdarYILMAZ.md
380402,4h,PineScript,confirmed,intrabar_order,True,,yes,Alert-alertcondition-or-strategy-alerts.md
380446,4h,PineScript,confirmed,intrabar_order,True,,yes,BTC-bot.md
426511,4h,PineScript,confirmed,intrabar_order,False,,yes,周一买入周三止盈策略Buy-Monday-Sell-Wednesday-Trading-Strategy.md
426779,4h,PineScript,confirmed,intrabar_order,False,,yes,机械化交易策略Mechanical-Trading-Strategy.md
426834,4h,PineScript,confirmed,intrabar_order,True,,yes,简易跟踪趋势策略Simple-Trend-Following-Strategy.md
426885,4h,PineScript,confirmed,intrabar_order,False,,yes,基于摆动高低价的突破策略Breakout-Strategy-Based-on-Swing-Highs-and-Lows.md
426996,4h,PineScript,confirmed,intrabar_order,False,possible,yes,顺势均线K线计数策略Moving-Average-Candle-Count-Trend-Following-Strategy.md
427119,4h,PineScript,confirmed,intrabar_order,True,,yes,RSI差异反转策略RSI-Divergence-Reversal-Strategy.md
427395,4h,PineScript,confirmed,intrabar_order,False,,yes,基于多空通道的回测交易策略Backtest-Channel-Breakout-Trading-Strategy.md
427990,4h,PineScript,confirmed,intrabar_order,False,,yes,跨周期方向策略Eltrut-Turtle-Reversal-Strategy.md
428894,4h,PineScript,confirmed,intrabar_order,True,,yes,双通道算法自动交易策略Double-Channel-Kitchen-Algorithm-Trading-Strategy-Focusing-on-Wealth-Growth.md
429086,4h,PineScript,confirmed,intrabar_order,True,,yes,比特币波动带反转策略Bitcoin-Volatility-Band-Reversion-Strategy.md
429389,4h,PineScript,confirmed,intrabar_order,True,,yes,双EMA金叉死叉策略Dual-EMA-Crossover-Strategy.md
429390,4h,PineScript,confirmed,intrabar_order,True,possible,yes,动态ATR止损中心线策略Dynamic-ATR-Stop-Loss-Center-Line-Strategy.md
429463,4h,PineScript,confirmed,intrabar_order,False,,yes,威廉姆斯9日趋势突破策略Williams-9-Days-Breakout-Strategy.md
429472,4h,PineScript,confirmed,intrabar_order,True,,yes,STC-MA-ATR综合趋势交易策略STC-MA-ATR-Integrated-Trend-Trading-Strategy.md
429498,4h,PineScript,confirmed,intrabar_order,True,,yes,追踪型突破策略Tracking-Breakout-Strategy.md
429773,4h,PineScript,confirmed,intrabar_order,False,,yes,黄金VWAP-MACD-SMO交易策略Gold-VWAP-MACD-SMO-Trading-Strategy.md
430162,4h,PineScript,confirmed,intrabar_order,True,,yes,RSI指标背离交易策略RSI-Divergence-Trading-Strategy.md
430977,4h,PineScript,confirmed,intrabar_order,True,,yes,RSI-BB动量突破策略RSI-BB-Momentum-Breakout-Strategy.md
432768,4h,PineScript,confirmed,intrabar_order,True,,yes,双SMA均线交叉交易策略Dual-Moving-Average-Crossover-Trading-Strategy.md
434428,4h,PineScript,confirmed,intrabar_order,True,,yes,Reversal-Bollinger-Bands-Strategy反转波动带策略.md
434671,4h,PineScript,confirmed,intrabar_order,False,,yes,智能量化低点反转策略Smart-Quantitative-Bottom-Reversal-Trading-Strategy.md
436519,4h,PineScript,confirmed,intrabar_order,True,,yes,三均线低时延滞快速交易策略Low-Lag-Triple-Moving-Average-Fast-Trading-Strategy.md
438448,4h,PineScript,confirmed,intrabar_order,False,,yes,动态追踪止损策略Trailing-Stop-Loss-Strategy.md
439053,4h,PineScript,confirmed,intrabar_order,True,,yes,短期极限空头策略Extreme-Short-term-Scalping-Strategy.md
440321,4h,PineScript,confirmed,intrabar_order,True,,yes,唐奇安通道突破趋势跟踪策略Donchian-Channel-Breakout-Strategy.md
440730,4h,PineScript,confirmed,intrabar_order,True,,yes,双移动平均量化交易策略An-Optimization-of-Dual-Moving-Average-Trend-Following-Strategy-Based-on-Indicators-Combination.md
440880,4h,PineScript,confirmed,intrabar_order,False,,yes,基于均线叠加RSI策略CRSI-Moving-Average-Strategy.md
441008,4h,PineScript,confirmed,intrabar_order,True,,yes,多时间框架均线交叉趋势跟随策略Crossover-Strategy-between-Multiple-Moving-Averages.md
441048,4h,PineScript,confirmed,intrabar_order,True,,yes,基于Ichimoku云图MACD和Stochastic的多时间框架趋势跟踪策略Ichimoku-Cloud-MACD-and-Stochastic-Based-Multi-Timeframe-Trend-Tracking-Strategy.md
441957,4h,PineScript,confirmed,intrabar_order,True,,yes,基于高低点识别的长线期波动策略Swing-Points-Breakouts-Long-term-strategy.md
442121,4h,PineScript,confirmed,intrabar_order,True,,yes,基于卡片形态策略Candle-Patterns-Trading-Strategy.md
442127,4h,PineScript,confirmed,intrabar_order,True,,yes,自适应零滞后指数移动平均线量化交易策略Adaptive-Zero-Lag-Exponential-Moving-Average-Quantitative-Trading-Strategy.md
442556,4h,PineScript,confirmed,intrabar_order,True,,yes,双均线金叉死叉止盈止损策略Dual-Moving-Average-Crossover-Strategy-with-Stop-Loss-and-Take-Profit.md
442840,4h,PineScript,confirmed,intrabar_order,True,,yes,唐安奇海龟交易策略Turtle-Trading-Strategy-Based-on-Donchian-Channels.md
442853,4h,PineScript,confirmed,intrabar_order,True,,yes,价格震荡辅助判断三因子模型Three-Factors-Model-for-Price-Oscillation-Detection.md
442866,4h,PineScript,confirmed,intrabar_order,True,,yes,趋势反转型跨时间幅特异波动率交易策略Trend-Reversal-with-Intrabar-Volatility-Trading-Strategy.md
442979,4h,PineScript,confirmed,intrabar_order,True,,yes,布林带趋势突破交易策略Bollinger-Bands-Breakout-Trend-Trading-Strategy.md
443044,4h,PineScript,confirmed,intrabar_order,True,,yes,升降通道突破策略SuperTrend-Breakout-Strategy.md
443109,4h,PineScript,confirmed,intrabar_order,False,,yes,基于移动平均线交叉与日内K线形态的量化交易策略Moving-Average-Crossover-Strategy-with-Intraday-Candlestick-Patterns.md
446764,4h,PineScript,confirmed,intrabar_order,True,,yes,双均线滞后突破策略Dual-Moving-Average-Lagging-Breakout-Strategy.md
451724,4h,PineScript,confirmed,intrabar_order,True,,yes,改进型多空转换K线形态突破策略Improved-Swing-High-Low-Breakout-Strategy-with-Bullish-and-Bearish-Engulfing-Patterns.md
452276,4h,PineScript,confirmed,intrabar_order,True,,yes,动态趋势动量交易策略-Dynamic-Trend-Momentum-Trading-Strategy.md
452357,4h,PineScript,confirmed,intrabar_order,True,,yes,MOST指标双仓位自适应策略MOST-Indicator-Dual-Position-Adaptive-Strategy.md
453651,4h,PineScript,confirmed,intrabar_order,True,,yes,基于两个市场价格关系的套利交易策略-Price-Relationship-based-Arbitrage-Trading-Strategy-Between-Two-Markets.md
453661,4h,PineScript,confirmed,intrabar_order,True,,yes,Williams-R-动态调整止盈止损策略-Williams-R-Dynamic-TP-SL-Adjustment-Strategy.md
454352,4h,PineScript,confirmed,intrabar_order,True,,yes,基于双均线交叉RSI和随机指标的短线量化交易策略-Short-term-Quantitative-Trading-Strategy-Based-on-Dual-Moving-Average-Crossover-RSI-and-Stochastic-Indicators.md
454736,4h,PineScript,confirmed,intrabar_order,True,,yes,Supertrend双重触发的多步移动止盈策略Double-Supertrend-Multi-Step-Trailing-Take-Profit-Strategy.md
454764,4h,PineScript,confirmed,intrabar_order,True,,yes,动态止损止盈的双均线趋势跟踪与蜡烛图反应策略-Dynamic-Stop-Loss-and-Take-Profit-Dual-Moving-Average-Trend-Following-Strategy-with-Candlestick-Reactions.md
458049,4h,PineScript,confirmed,intrabar_order,True,,yes,EMA交叉指示双重止盈止损策略-EMA-Crossover-with-Dual-Take-Profit-and-Stop-Loss-Strategy.md
468350,4h,PineScript,confirmed,intrabar_order,True,,yes,基于斐波那契回撤的自适应多级别交易策略-Adaptive-Multi-Level-Trading-Strategy-Based-on-Fibonacci-Retracement.md
473146,4h,PineScript,confirmed,intrabar_order,True,,yes,VWAP-MACD-RSI多因子量化交易策略-VWAP-MACD-RSI-Multi-Factor-Quantitative-Trading-Strategy.md
473366,4h,PineScript,confirmed,intrabar_order,True,,yes,复合技术指标多维度趋势跟踪量化策略-Multi-Dimensional-Technical-Indicator-Trend-Following-Quantitative-Strategy.md
474870,4h,PineScript,confirmed,intrabar_order,False,,yes,动量趋势跟踪型MACD-RSI双重确认交易策略-Momentum-Trend-Following-MACD-RSI-Dual-Confirmation-Trading-Strategy.md
475593,4h,PineScript,confirmed,intrabar_order,True,,yes,多时间周期流动性枢纽热力图量化策略-Multi-Timeframe-Liquidity-Pivot-Heatmap-Strategy.md
475626,4h,PineScript,confirmed,intrabar_order,True,,yes,多指标组合动态交易优化策略-Multi-Indicator-Dynamic-Trading-Optimization-Strategy.md
477592,4h,PineScript,confirmed,intrabar_order,True,,yes,多参数随机震荡智能趋势交易策略-Multi-Parameter-Stochastic-Intelligent-Trend-Trading-Strategy.md
477597,4h,PineScript,confirmed,intrabar_order,False,,yes,多指标优化型KDJ趋势交叉策略基于动态随机形态的交易系统-Multi-Indicator-Optimized-KDJ-Trend-Crossover-Strategy-Based-on-Dynamic-Stochastic-Pattern-Trading-System.md
477611,4h,PineScript,confirmed,intrabar_order,True,,yes,三均线交叉结合风险收益比的智能移动止损交易系统-Triple-EMA-Crossover-Trading-System-with-Smart-R2R-based-Stop-Loss-Management.md
477950,4h,PineScript,confirmed,intrabar_order,True,,yes,回弹趋势双均线交易系统结合ATR动态止损优化策略-Dual-EMA-Pullback-Trading-System-with-ATR-Based-Dynamic-Stop-Loss-Optimization.md
478721,4h,PineScript,confirmed,intrabar_order,True,,yes,多指标动态趋势判断与风险管理交易策略-Multi-Indicator-Dynamic-Trend-Detection-and-Risk-Management-Trading-Strategy.md
481341,4h,PineScript,confirmed,intrabar_order,True,,yes,动态指标驱动的趋势跟踪策略结合风险管理系统-Dynamic-Indicator-Driven-Trend-Following-Strategy-with-Risk-Management-System.md
482424,4h,PineScript,confirmed,intrabar_order,True,,yes,动量趋势跟踪指标DMIADX交叉策略-Momentum-Trend-Following-DMIADX-Crossover-Strategy.md
482432,4h,PineScript,confirmed,intrabar_order,True,,yes,动态趋势跟踪的EMA-ADX多级止盈策略-Dynamic-Trend-Following-EMA-ADX-Multi-Level-Take-Profit-Strategy.md
482437,4h,PineScript,confirmed,intrabar_order,True,,yes,基于移动平均线的自适应趋势跟踪策略-Adaptive-Trend-Following-Strategy-Based-on-Moving-Average-Crossover.md
482458,4h,PineScript,confirmed,intrabar_order,True,,yes,Multi-EMA趋势追踪型RSI-MACD动量验证策略-Multi-EMA-Trend-Following-Strategy-with-RSI-MACD-Momentum-Validation.md
482592,4h,PineScript,confirmed,intrabar_order,True,,yes,Dual-Direction-SMMA-Crossover-Strategy-with-ATR-Based-Risk-Management-and-Fixed-Take-Profit-双向SMMA交叉ATR风控定向获利策略.md
482602,4h,PineScript,confirmed,intrabar_order,True,,yes,多重指标趋势跟踪增强型量化交易策略-Multi-Indicator-Trend-Following-Enhanced-Quantitative-Trading-Strategy.md
482802,4h,PineScript,confirmed,intrabar_order,True,,yes,多级利润目标与动态止损增强型量化策略-Multi-Level-Take-Profit-and-Dynamic-Stop-Loss-Enhanced-Quantitative-Strategy.md
489056,4h,PineScript,confirmed,intrabar_order,True,,yes,多层布林通道支撑阻力价格突破交易策略-Multi-Layer-Bollinger-Bands-Support-Resistance-Price-Breakout-Trading-Strategy.md
439701,5h,PineScript,confirmed,intrabar_order,False,,yes,基于均线交叉的量化交易策略Quant-Trading-Strategy-Based-on-Moving-Average-Crossover.md
440700,5h,PineScript,confirmed,intrabar_order,False,,yes,量化趋势追踪策略Quantitative-Trend-Tracking-Strategy.md
483019,5h,PineScript,confirmed,intrabar_order,True,,yes,基于ATR和ADX的动态三线突破交易策略-Dynamic-Three-Line-Strike-Trading-Strategy-with-ATR-and-ADX-Integration.md
430153,6h,PineScript,confirmed,intrabar_order,True,,yes,多时间框架MACD热力图策略Multi-Timeframe-MACD-Heatmap-Strategy.md
453233,6h,PineScript,confirmed,intrabar_order,True,,yes,多时间尺度SMA趋势跟踪与动态止损策略-Multi-Timeframe-SMA-Trend-Following-Strategy-with-Dynamic-Stop-Loss.md
482507,6h,PineScript,confirmed,intrabar_order,True,,yes,高级区间突破多时间周期交易策略-Advanced-Multi-Timeframe-Range-Breakout-Trading-Strategy.md
477534,7h,PineScript,confirmed,intrabar_order,True,,yes,多重指标动态追踪止损交易策略-Multi-Indicator-Dynamic-Trailing-Stop-Trading-Strategy.md
426334,8h,PineScript,confirmed,intrabar_order,False,,yes,Uptrend-and-Oversold-Index-Swing-Trading-System-strategy.md
427871,12h,PineScript,confirmed,intrabar_order,True,,yes,基于多重EMA交叉的自适应交易策略Adaptive-Trading-Strategy-Based-on-Multiple-EMA-Crossovers.md
431919,12h,PineScript,confirmed,intrabar_order,True,,yes,移动均线交叉系统交易策略Moving-Average-Trading-Strategy.md
473122,12h,PineScript,confirmed,intrabar_order,True,,yes,基于玻林格带与蜡烛图形态的高级趋势交易策略-Advanced-Trend-Trading-Strategy-Based-on-Bollinger-Bands-and-Candlestick-Patterns.md
473353,12h,PineScript,confirmed,intrabar_order,True,,yes,MACD多区间动态止盈止损交易系统-MACD-Multi-Interval-Dynamic-Stop-Loss-and-Take-Profit-Trading-System.md
482460,12h,PineScript,confirmed,intrabar_order,True,,yes,动态线性回归通道与海因安士出场优化交易策略-Advanced-Linear-Regression-Channel-Trading-Strategy-with-Dynamic-Exit-System.md
482595,12h,PineScript,confirmed,intrabar_order,True,,yes,基于布林带突破的三连阳阳线高点趋势跟踪策略-Triple-Candlestick-Bollinger-Bands-Breakout-Trend-Following-Strategy-with-High-Low-Point-Confirmation.md
427900,15h,PineScript,confirmed,intrabar_order,False,,yes,DCA策略DCA-Bot-Strategy.md
402455,1d,PineScript,confirmed,intrabar_order,True,,yes,顶-底背离指标观察系统-with-止盈止损.md
426300,1d,PineScript,confirmed,intrabar_order,True,,yes,The-Genesis-Crossover-Trading-Strategy.md
426477,1d,PineScript,confirmed,intrabar_order,True,,yes,Multi-Indicator-Convergence-Trading-Strategy.md
426492,1d,PineScript,confirmed,intrabar_order,True,,yes,MACD指标突破交易策略MACD-Indicator-Breakout-Trading-Strategy.md
426493,1d,PineScript,confirmed,intrabar_order,False,,yes,MACD指标跨周期交易策略MACD-Cross-Period-Trading-Strategy.md
426578,1d,PineScript,confirmed,intrabar_order,False,,yes,VWAP均线RSI组合追踪策略VWAP-EMA-RSI-Trend-Following-Strategy.md
426585,1d,PineScript,confirmed,intrabar_order,True,,yes,融合MACD和RSI的短线交易策略Short-term-Trading-Strategy-Integrating-MACD-and-RSI.md
426825,1d,PineScript,confirmed,intrabar_order,True,,yes,均线方向调整趋势策略Moving-Average-Directionality-Trend-Strategy.md
426843,1d,PineScript,confirmed,intrabar_order,False,,yes,基于回调比例的趋势追踪策略Trend-Following-Strategy-Based-on-Retracement-Percentage.md
426853,1d,PineScript,confirmed,intrabar_order,False,,yes,基于突破追踪止损的趋势策略Trend-Following-Strategy-Based-on-Breakout-and-Trailing-Stop-Loss.md
426856,1d,PineScript,confirmed,intrabar_order,False,,yes,结合均值回归和趋势跟踪的量化策略Quantitative-Strategy-Combining-Mean-Reversion-and-Trend-Following.md
427186,1d,PineScript,confirmed,intrabar_order,True,,yes,JMA指标交叉RSI指标交易策略JMA-Crossing-RSI-Trading-Strategy.md
427270,1d,PineScript,confirmed,intrabar_order,False,,yes,周一买入周二止损止盈策略Buy-Monday-Sell-Tuesday-with-Stop-Loss-Take-Profit-Strategy.md
427353,1d,PineScript,confirmed,intrabar_order,False,,yes,基于9日EMA的突破回调交易策略9-day-EMA-Breakout-Pullback-Trading-Strategy.md
427366,1d,PineScript,confirmed,intrabar_order,True,likely,yes,基于EMA和RSI的趋势交易策略EMA-and-RSI-Trend-Trading-Strategy.md
427378,1d,PineScript,confirmed,intrabar_order,True,,yes,内含在周期之间的动量策略Momentum-Strategy-between-Contained-Cycles.md
427383,1d,PineScript,confirmed,intrabar_order,True,possible,yes,基于自适应ATR止损的MACD交易策略MACD-Trading-Strategy-with-Adaptive-ATR-Stop-Loss.md
427390,1d,PineScript,confirmed,intrabar_order,True,possible,yes,基于多均线系统的组合交易策略Combined-Moving-Average-Crossover-Strategy.md
427529,1d,PineScript,confirmed,intrabar_order,True,likely,yes,基于stochastic和MACD指标的反转交易策略Reversal-Trading-Strategy-Based-on-Stochastic-and-MACD-Indicators.md
427578,1d,PineScript,confirmed,intrabar_order,False,,yes,基于形态的蜡烛图策略Candlestick-Patterns-Based-Strategy.md
427592,1d,PineScript,confirmed,intrabar_order,True,,yes,布林带突破趋势跟踪策略Bollinger-Band-Breakout-Trend-Following-Strategy.md
427669,1d,PineScript,confirmed,intrabar_order,True,,yes,ALMA均线交叉策略ALMA-Crossover-Strategy.md
427823,1d,PineScript,confirmed,intrabar_order,True,,yes,RePaNoCHa量化交易策略RePaNoCHa-Quantitative-Trading-Strategy.md
427929,1d,PineScript,confirmed,intrabar_order,False,,yes,CMARSI交易策略CMARSI-Trading-Strategy.md
427997,1d,PineScript,confirmed,intrabar_order,False,,yes,多元指标聚合策略Diversified-Indicators-Aggregation-Strategy.md
428060,1d,PineScript,confirmed,intrabar_order,False,,yes,基于变化率的交易策略Rate-of-Change-Trading-Strategy.md
428066,1d,PineScript,confirmed,intrabar_order,True,possible,yes,基于STOCH交易策略的自动交易-Auto-Trading-Strategy-Based-on-STOCH.md
428067,1d,PineScript,confirmed,intrabar_order,True,,yes,捕捉小趋势的高低均线交叉策略HLHB-Trend-Catcher-Strategy.md
428094,1d,PineScript,confirmed,intrabar_order,True,,yes,趋势突破策略Extremely-Overfit-Trend-Breakout-Strategy.md
428101,1d,PineScript,confirmed,intrabar_order,True,,yes,RSI进退市双向交易策略RSI-Reversal-Trading-Strategy.md
428609,1d,PineScript,confirmed,intrabar_order,False,,yes,基于移动平均线的趋势跟踪策略Trend-Tracking-Strategy-Based-on-Moving-Average.md
428618,1d,PineScript,confirmed,intrabar_order,True,,yes,延迟-RSI-交易策略Delayed-RSI-Trading-Strategy.md
428789,1d,PineScript,confirmed,intrabar_order,False,,yes,梯度反转交易策略Gradient-Reversal-Trading-Strategy.md
428805,1d,PineScript,confirmed,intrabar_order,True,,yes,随机游走策略Random-Walk-Strategy.md
428853,1d,PineScript,confirmed,intrabar_order,False,,yes,RSI追踪ADX策略RSI-Tracking-ADX-Strategy.md
428858,1d,PineScript,confirmed,intrabar_order,True,,yes,基于布林带震荡器的趋势追踪策略Trend-Following-Strategy-Based-on-Bollinger-Band-Oscillator.md
429384,1d,PineScript,confirmed,intrabar_order,True,,yes,趋势追踪EMA策略EMA-Trend-Following-Strategy.md
429385,1d,PineScript,confirmed,intrabar_order,False,,yes,MACD动量策略MACD-Momentum-Strategy.md
429391,1d,PineScript,confirmed,intrabar_order,True,,yes,双EMA突破交易策略Dual-EMA-Crossover-Trading-Strategy.md
429489,1d,PineScript,confirmed,intrabar_order,True,,yes,通道回归交易策略分析Channel-Reversion-Trading-Strategy-Analysis.md
429496,1d,PineScript,confirmed,intrabar_order,False,,yes,基于ATR的均值回复策略Mean-Reversion-Strategy-Based-on-ATR.md
429513,1d,PineScript,confirmed,intrabar_order,False,,yes,架构突破回测策略Architecture-Breakthrough-Backtesting-Strategy.md
429564,1d,PineScript,confirmed,intrabar_order,True,,yes,相对笔涨幅均线交叉策略Relative-Body-Index-Crossover-Strategy.md
429953,1d,PineScript,confirmed,intrabar_order,True,,yes,移动平均线回抽策略Snap-Back-Moving-Average-Counter-trend-Strategy.md
429967,1d,PineScript,confirmed,intrabar_order,True,possible,yes,趋势震荡转折点系统Trend-Reversal-System.md
430044,1d,PineScript,confirmed,intrabar_order,True,,yes,基于RSI极值与SMA均线过滤的趋势跟踪策略A-Trend-Following-Strategy.md
430053,1d,PineScript,confirmed,intrabar_order,True,,yes,顺势而为的移动平均线交叉策略Going-with-the-Trend-Moving-Average-Crossover-Strategy.md
430057,1d,PineScript,confirmed,intrabar_order,False,,yes,突破追踪止损V2策略Qullamaggie-Breakout-V2-Strategy.md
430113,1d,PineScript,confirmed,intrabar_order,True,,yes,均线回归交易策略Linear-Regression-Moving-Average-Trading-Strategy.md
430119,1d,PineScript,confirmed,intrabar_order,True,,yes,超趋势增强枢轴反转策略SuperTrend-Enhanced-Pivot-Reversal-Strategy.md
430143,1d,PineScript,confirmed,intrabar_order,True,,yes,短期通道突破策略short-term-trading-strategy.md
430178,1d,PineScript,confirmed,intrabar_order,True,possible,yes,两阶段止损策略Two-stage-Stop-Loss-Strategy.md
430247,1d,PineScript,confirmed,intrabar_order,True,likely,yes,EMA均值回归交易策略EMA-Mean-Reversion-Trading-Strategy.md
430254,1d,PineScript,confirmed,intrabar_order,False,,yes,基于MACD指标的止损策略MACD-Controlled-Risk-Trading-Strategy.md
430256,1d,PineScript,confirmed,intrabar_order,True,,yes,唐奇安波道自适应行情策略Donchian-Channel-Adaptive-Trend-Strategy.md
430368,1d,PineScript,confirmed,intrabar_order,True,,yes,震荡突破策略Reversal-Breakout-Strategy.md
430373,1d,PineScript,confirmed,intrabar_order,True,,yes,震荡突破策略Breakout-Swing-Strategy.md
430377,1d,PineScript,confirmed,intrabar_order,True,,yes,速慢双均线交易策略Fast-Slow-Dual-Moving-Average-Trading-Strategy.md
430384,1d,PineScript,confirmed,intrabar_order,True,,yes,双重叠加平均线组合Stochastic异同K线交易策略Intraday-Stochastic-Oscillator-with-Double-Moving-Average-Crossover-Strategy.md
430544,1d,PineScript,confirmed,intrabar_order,True,,yes,基于多重指标的比特币日线交易策略Multi-Indicator-Bitcoin-Daily-Trading-Strategy.md
430548,1d,PineScript,confirmed,intrabar_order,True,,yes,休眠范围反转策略Dormant-Range-Reversal-Strategy.md
430553,1d,PineScript,confirmed,intrabar_order,False,,yes,震荡突破均线追踪策略MA-Trendline-Breakthrough-Strategy.md
430562,1d,PineScript,confirmed,intrabar_order,True,,yes,双EMA黄金交叉策略Dual-EMA-Crossover-Strategy.md
430569,1d,PineScript,confirmed,intrabar_order,True,,yes,金叉死叉均线交易策略Golden-Cross-Death-Cross-Moving-Average-Trading-Strategy.md
430589,1d,PineScript,confirmed,intrabar_order,False,,yes,支撑阻力与MACD长线策略Strategy-of-Support-Resistance-with-MACD-LONG.md
430776,1d,PineScript,confirmed,intrabar_order,False,,yes,动量突破均线交易策略Momentum-Breakout-Moving-Average-Trading-Strategy.md
430840,1d,PineScript,confirmed,intrabar_order,True,,yes,折线交易策略Trend-Line-Trading-Strategy.md
430846,1d,PineScript,confirmed,intrabar_order,False,,yes,动量突破识别策略Momentum-Breakout-Identifies-Strategy.md
430854,1d,PineScript,confirmed,intrabar_order,False,,yes,动量跨市高效盈利策略Momentum-Swing-Effective-Profit-Strategy.md
430863,1d,PineScript,confirmed,intrabar_order,True,,yes,基于EVWMA的布林带策略EVWBB-Strategy-Based-on-EVWMA-and-Bollinger-Bands.md
430876,1d,PineScript,confirmed,intrabar_order,True,,yes,海因阿修与超级趋势策略Heiken-Ashi-and-Super-Trend-Strategy.md
430879,1d,PineScript,confirmed,intrabar_order,False,,yes,精准趋势突破交易策略Precise-Trend-Breakout-Trading-Strategy.md
430892,1d,PineScript,confirmed,intrabar_order,True,,yes,自适应ATR均线交易策略Adaptive-ATR-Moving-Average-Trading-Strategy.md
430897,1d,PineScript,confirmed,intrabar_order,True,,yes,双移动均线突破策略Dual-Moving-Average-Crossover-Strategy.md
430974,1d,PineScript,confirmed,intrabar_order,True,,yes,基于RSI和SuperTrend的双向交易策略RSI-and-SuperTrend-Based-Dual-Direction-Trading-Strategy.md
430992,1d,PineScript,confirmed,intrabar_order,True,possible,yes,趋势突破均线跟踪策略Trend-Breakout-Moving-Average-Tracking-Strategy.md
431000,1d,PineScript,confirmed,intrabar_order,True,,yes,跨时间段移动量策略Intraday-Pivot-Breakout-Strategy.md
431005,1d,PineScript,confirmed,intrabar_order,False,,yes,基于趋势的开尔特纳通道策略Keltner-Channel-Trend-Based-Strategy.md
431009,1d,PineScript,confirmed,intrabar_order,True,,yes,穿越限价单双向跨期交易策略Cross-Limit-Order-Cross-Period-Trading-Strategy.md
431018,1d,PineScript,confirmed,intrabar_order,True,,yes,停顿回转策略Turnaround-After-Consolidation-Strategy.md
431237,1d,PineScript,confirmed,intrabar_order,False,,yes,MACD均线交叉趋势追踪止损策略MACD-Moving-Average-Crossover-Trend-Following-Strategy-with-Trailing-Stop-Loss.md
431269,1d,PineScript,confirmed,intrabar_order,True,,yes,唐奇安通道趋势跟踪策略Donchian-Channel-Trend-Tracking-Strategy.md
431278,1d,PineScript,confirmed,intrabar_order,True,,yes,超一目趋势策略Super-Ichi-Strategy.md
431284,1d,PineScript,confirmed,intrabar_order,True,,yes,双顺势破坏均线止损策略Dual-SSL-Strategy-with-EMA-Stop-Loss.md
431391,1d,PineScript,confirmed,intrabar_order,True,,yes,飞龙趋势策略Flying-Dragon-Trend-Strategy.md
431409,1d,PineScript,confirmed,intrabar_order,True,,yes,多指标评分交易策略Multi-Indicator-Scoring-Trading-Strategy.md
431410,1d,PineScript,confirmed,intrabar_order,False,,yes,多时间框架趋势跟踪DI策略Dual-Timeframe-DI-Trend-Following-Strategy.md
431413,1d,PineScript,confirmed,intrabar_order,True,,yes,基于KST指标和EMA指标的交易策略KST-EMA-Momentum-Trend-Following-Strategy.md
431431,1d,PineScript,confirmed,intrabar_order,True,,yes,基于T3移动平均线和ATR的交易策略Volatility-Adjusted-Moving-Average-Trading-Strategy.md
431667,1d,PineScript,confirmed,intrabar_order,True,,yes,三EMA趋势追踪策略Three-EMA-Trend-Following-Strategy.md
431910,1d,PineScript,confirmed,intrabar_order,True,,yes,双均线金叉死叉趋势追踪策略Dual-Moving-Average-Crossover-Strategy.md
431922,1d,PineScript,confirmed,intrabar_order,False,,yes,动态波幅突破策略Bollinger-Band-Breakout-Strategy.md
431923,1d,PineScript,confirmed,intrabar_order,True,,yes,基于DI交叉的日内交易策略Dual-DI-Crossover-Daily-Trading-Strategy.md
431926,1d,PineScript,confirmed,intrabar_order,False,,yes,基于Coppock曲线的量化交易策略Coppock-Curve-Based-Quantitative-Trading-Strategy.md
431956,1d,PineScript,confirmed,intrabar_order,True,,yes,基于价格波浪理论和平移平均线策略FX-Strategy-Based-on-Fractal-Waves-and-SMMA.md
431958,1d,PineScript,confirmed,intrabar_order,True,,yes,基于价格突破与回归的动量短线交易策略Momentum-Breakout-Trading-Strategy-Based-on-Price-Breakout-and-Mean-Reversion.md
432095,1d,PineScript,confirmed,intrabar_order,True,,yes,量化波浪挤压策略Momentum-Squeeze-Strategy.md
432110,1d,PineScript,confirmed,intrabar_order,True,,yes,麦金非动态均线交易策略McGinley-Moving-Average-Trading-Strategy.md
432181,1d,PineScript,confirmed,intrabar_order,True,possible,yes,追随趋势动量突破策略Momentum-Breakout-Strategy.md
432212,1d,PineScript,confirmed,intrabar_order,False,,yes,双EMA均线与ATR指标配合过滤的趋势跟随策略Dual-EMA-Crossover-Trend-Following-Strategy-with-ATR-and-ADX-Filters.md
432223,1d,PineScript,confirmed,intrabar_order,True,,yes,趋势突破-长阴影策略Trend-Breakout-Long-Shadow-Strategy.md
432239,1d,PineScript,confirmed,intrabar_order,False,,yes,高低TEMA平均值震荡策略Oscillation-Strategy-of-High-and-Low-TEMA-Average.md
432314,1d,PineScript,confirmed,intrabar_order,False,,yes,渐进式元素加权DCA量化交易策略Quantized-Gradual-Weighted-DCA-Trading-Strategy.md
432330,1d,PineScript,confirmed,intrabar_order,True,,yes,RSI趋势跟踪策略RSI-Trend-Following-Strategy.md
432331,1d,PineScript,confirmed,intrabar_order,True,likely,yes,基于快慢EMA交叉的5分钟趋势追踪策略Trend-Following-5-Minute-EMA-Crossover-Strategy.md
432332,1d,PineScript,confirmed,intrabar_order,False,,yes,动态震荡突破策略Dynamic-Oscillation-Breakout-Strategy.md
432335,1d,PineScript,confirmed,intrabar_order,True,,yes,双重超强趋势跟踪止损策略Dual-Strong-Trend-Tracking-Stop-Loss-Strategy.md
432351,1d,PineScript,confirmed,intrabar_order,False,,yes,固定网格交易策略Fixed-Grid-Trading-Strategy.md
432359,1d,PineScript,confirmed,intrabar_order,True,,yes,双轨道布林带动量交易策略Dual-track-Bollinger-Band-Momentum-Trading-Strategy.md
432362,1d,PineScript,confirmed,intrabar_order,True,,yes,多时间框架趋势追踪日内scalping策略Multi-Timeframe-Trend-Tracking-Intraday-Scalping-Strategy.md
432420,1d,PineScript,confirmed,intrabar_order,False,,yes,基于趋势的循环交易策略Cycle-Position-Trend-Following-Strategy.md
432425,1d,PineScript,confirmed,intrabar_order,True,,yes,基于布林带和指数移动平均线的趋势追踪策略Trend-Tracking-Strategy-Based-on-Bollinger-Bands-and-Exponential-Moving-Average.md
432775,1d,PineScript,confirmed,intrabar_order,True,,yes,黄金分割波段震荡策略Fibonacci-Band-Oscillation-Strategy.md
432802,1d,PineScript,confirmed,intrabar_order,False,,yes,多时间框架RSICCI布林带DCA策略Multi-timeframe-RSICCIBollinger-Band-DCA-Strategy.md
432849,1d,PineScript,confirmed,intrabar_order,True,,yes,随机OTT交易策略Stochastic-OTT-Trading-Strategy.md
432874,1d,PineScript,confirmed,intrabar_order,True,,yes,多重均线突破策略Multi-Moving-Average-Breakout-Strategy.md
432875,1d,PineScript,confirmed,intrabar_order,False,,yes,Ichimoku-Cloud-and-MACD-Momentum-RidingIchimoku-Cloud-and-MACD-Momentum-Riding-Strategy.md
432898,1d,PineScript,confirmed,intrabar_order,True,,yes,基于趋势置信度的趋势跟踪策略Trend-Following-Strategy-Based-on-Trend-Confidence.md
432908,1d,PineScript,confirmed,intrabar_order,True,possible,yes,基于Stochastic指标和CCI指标的趋势跟踪策略Trend-Following-Strategy-Based-on-Stochastic-and-CCI.md
432966,1d,PineScript,confirmed,intrabar_order,False,,yes,动态百分比盒子跟踪策略The-Dynamic-Box-Percentage-Tracking-Strategy.md
432992,1d,PineScript,confirmed,intrabar_order,True,,yes,布林带金叉死叉策略Bollinger-Break-Out-Strategy-with-Pyramiding.md
433022,1d,PineScript,confirmed,intrabar_order,False,,yes,低吸多头追踪止盈止损策略Buying-dips-with-take-profit-and-stop-loss.md
433024,1d,PineScript,confirmed,intrabar_order,True,,yes,基于布林带短期趋势跟踪型策略Bollinger-Bands-Breakout-short-term-trend-following-Strategy.md
433026,1d,PineScript,confirmed,intrabar_order,True,,yes,趋势追踪移动平均RSI策略Trend-Tracking-Moving-Average-RSI-Strategy.md
433128,1d,PineScript,confirmed,intrabar_order,True,possible,yes,RSI跳空反转策略RSI-Gap-Reversal-Strategy.md
433148,1d,PineScript,confirmed,intrabar_order,True,,yes,一目均衡移动平均趋势追踪策略Ichimoku-Backtester-with-TP-SL-and-Cloud-Confirmation.md
433400,1d,PineScript,confirmed,intrabar_order,False,,yes,动态双向补仓策略Dynamic-Two-way-Add-Position-Strategy.md
433439,1d,PineScript,confirmed,intrabar_order,False,,yes,基于SSL通道指标的趋势跟踪策略No-Nonsense-SSL-Channel-Trading-Strategy.md
433442,1d,PineScript,confirmed,intrabar_order,True,,yes,趋势突破双均线过滤策略Range-Breakthrough-Dual-Moving-Average-Filtering-Strategy.md
433447,1d,PineScript,confirmed,intrabar_order,True,,yes,动量平滑移动平均线与移动平均线交叉策略Momentum-Smooth-Moving-Average-Line-and-Moving-Average-Line-Crossover-Strategy.md
433448,1d,PineScript,confirmed,intrabar_order,True,,yes,双均线震荡突破策略Dual-Moving-Average-Oscillation-Breakthrough-Strategy.md
433512,1d,PineScript,confirmed,intrabar_order,False,,yes,基于K线形态的动量突破交易策略momentum-breakout-trading-strategy.md
433538,1d,PineScript,confirmed,intrabar_order,False,,yes,金分割回测长仓策略Golden-Ratio-Breakout-Long-Strategy.md
433542,1d,PineScript,confirmed,intrabar_order,False,likely,yes,基于价格间隙的跟踪止损策略Trailing-Stop-Loss-Strategy-Based-on-Price-Gaps.md
433577,1d,PineScript,confirmed,intrabar_order,False,,yes,双海龟突破策略Double-Turtle-Breakthrough-Strategy.md
433587,1d,PineScript,confirmed,intrabar_order,True,,yes,EMA反向买卖策略EMA-Reverse-Buy-Sell-Strategy.md
433946,1d,PineScript,confirmed,intrabar_order,True,,yes,基于ATR和MA组合的超级趋势交易策略Supertrend-Trading-Strategy-Based-on-ATR-and-MA-Combination.md
433947,1d,PineScript,confirmed,intrabar_order,True,,yes,三重超趋势量化交易策略Triple-SuperTrend-Quantitative-Trading-Strategy.md
433951,1d,PineScript,confirmed,intrabar_order,False,,yes,基于RSI均线的低买高卖短线量化交易策略RSI-Mean-Reversion-Quantitative-Trading-Strategy-Based-on-RSI-Average-Crossing.md
433959,1d,PineScript,confirmed,intrabar_order,True,,yes,基于价格波动性的趋势跟踪止损策略-Volatility-Stop-Tracking-Strategy.md
433971,1d,PineScript,confirmed,intrabar_order,True,,yes,四重指数移动平均线交易策略Quadriple-Exponential-Moving-Average-Trading-Strategy.md
434164,1d,PineScript,confirmed,intrabar_order,False,,yes,基于TFO和ATR的趋势跟踪止损策略TFO-and-ATR-Based-Trend-Tracking-Stop-Loss-Strategy.md
434190,1d,PineScript,confirmed,intrabar_order,True,,yes,意向反转包络均值策略Mean-Reversion-Envelope-Moving-Average-Strategy.md
434293,1d,PineScript,confirmed,intrabar_order,False,,yes,双均线突破策略Dual-Moving-Average-Breakthrough-Strategy.md
434296,1d,PineScript,confirmed,intrabar_order,True,,yes,EMA-ADX-VOL-加密货币杀手EMA-ADX-VOL-CRYPTO-KILLER.md
434435,1d,PineScript,confirmed,intrabar_order,True,,yes,多因子RSI反转策略multiple-auxiliary-RSI-indicator-strategy.md
434446,1d,PineScript,confirmed,intrabar_order,True,,yes,三重SuperTrend和Stoch-RSI策略Triple-SuperTrend-and-Stoch-RSI-Strategy.md
434466,1d,PineScript,confirmed,intrabar_order,True,,yes,动态K线大阳线交易策略Dynamic-Candlestick-Big-Yang-Line-Trading-Strategy.md
434473,1d,PineScript,confirmed,intrabar_order,True,,yes,移动平均线交叉趋势跟踪策略Moving-Average-Crossover-Strategy.md
434488,1d,PineScript,confirmed,intrabar_order,True,,yes,双EMA均线交叉策略Dual-EMA-Crossover-Strategy.md
434526,1d,PineScript,confirmed,intrabar_order,True,,yes,黄金分割式均值回归趋势交易策略Golden-Ratio-Mean-Reversion-Trend-Trading-Strategy.md
434546,1d,PineScript,confirmed,intrabar_order,False,,yes,基于移动平均线金叉死叉的交易策略BTC-Trading-Strategy-Based-on-Moving-Average-Crossover.md
434558,1d,PineScript,confirmed,intrabar_order,True,,yes,基于SMA和EMA指标的短线交易策略Short-term-Trading-Strategy-Based-on-SMA-and-EMA.md
434562,1d,PineScript,confirmed,intrabar_order,True,,yes,RSI鳄鱼交易策略Alligator-RSI-Trading-Strategy.md
434581,1d,PineScript,confirmed,intrabar_order,True,,yes,日内交易关键点策略Intraday-Pivot-Points-Trading-Strategy.md
434593,1d,PineScript,confirmed,intrabar_order,True,,yes,EMA动量均线交叉策略EMA-Momentum-Moving-Average-Crossover-Strategy.md
434594,1d,PineScript,confirmed,intrabar_order,True,,yes,基于SAR指标-CCI指标的EMA黄金交易策略Parabolic-SAR-and-CCI-Strategy-with-EMA-Exit-for-Gold-Trading.md
434610,1d,PineScript,confirmed,intrabar_order,False,,yes,移动平均回拉交易策略Moving-Average-Pullback-Trading-Strategy.md
434675,1d,PineScript,confirmed,intrabar_order,False,,yes,唐奇安基于价格通道突破的量化交易策略Donchian-Channels-Breakout-Quantitative-Trading-Strategy.md
434685,1d,PineScript,confirmed,intrabar_order,False,,yes,趋势追踪网格策略Trend-Following-Grid-Strategy.md
434699,1d,PineScript,confirmed,intrabar_order,True,,yes,基于价格通道和MACD的多时间框架交易策略Price-Channel-and-MACD-Based-Multi-Timeframe-Trading-Strategy.md
434713,1d,PineScript,confirmed,intrabar_order,True,,yes,移动平均线反弹策略Exponential-Moving-Average-Bounce-Strategy.md
434714,1d,PineScript,confirmed,intrabar_order,False,,yes,基于布林带通道的指数交易策略Index-Trading-Strategy-Based-on-Bollinger-Bands.md
434715,1d,PineScript,confirmed,intrabar_order,True,,yes,基于指数移动平均线和MACD指标的量化交易策略Strategy-Based-on-Exponential-Moving-Average-and-MACD-Indicator.md
434936,1d,PineScript,confirmed,intrabar_order,False,,yes,Y-Profit-Maximizer策略Y-Profit-Maximizer-Strategy.md
434951,1d,PineScript,confirmed,intrabar_order,False,,yes,基于价格变化率与均线的量化策略Price-Change-Average-Pricing-Strategy-Based-on-Quantitative-Indicators.md
434960,1d,PineScript,confirmed,intrabar_order,True,,yes,MACD-Stochastics波段震荡突破策略MACD-Stochastics-Range-Breakout-Strategy.md
434989,1d,PineScript,confirmed,intrabar_order,True,,yes,突破重叠K线高低位策略Inside-Bar-Range-Breakout-Strategy.md
434991,1d,PineScript,confirmed,intrabar_order,True,,yes,双均线突破策略Double-Moving-Average-Crossover-Strategy.md
435003,1d,PineScript,confirmed,intrabar_order,True,,yes,基于ADXBB-BAO和EMA的量化交易策略Four-factor-Momentum-Tracking-Trading-Strategy-Based-on-ADX-BB-B-AO-and-EMA.md
435081,1d,PineScript,confirmed,intrabar_order,False,,yes,移动平均数RSI相关性加密货币趋势策略Moving-Average-RSI-Crypto-Correlation-Trend-Strategy.md
435102,1d,PineScript,confirmed,intrabar_order,True,,yes,移动平均交叉趋势跟踪策略Zhukovs-Moving-Average-Crossover-Trend-Following-Strategy.md
435106,1d,PineScript,confirmed,intrabar_order,True,,yes,震荡交易指标策略MACD-Strategy-Two-Way-Exit-Trading.md
435124,1d,PineScript,confirmed,intrabar_order,False,,yes,动量指标驱动的趋势跟踪交易策略Momentum-Indicator-Driven-Trend-Following-Trading-Strategy.md
435128,1d,PineScript,confirmed,intrabar_order,False,,yes,跟踪长期趋势的简单拉回策略Simple-Pullback-Strategy-Tracking-Long-Term-Trends.md
435133,1d,PineScript,confirmed,intrabar_order,True,,yes,短线跟踪趋势打压震荡策略EMA-Tracking-Trend-Suppressing-Oscillation-Strategy.md
435134,1d,PineScript,confirmed,intrabar_order,True,,yes,基于变化率的量化策略Rate-of-Change-Quantitative-Strategy.md
435139,1d,PineScript,confirmed,intrabar_order,True,,yes,Ichimoku-Early-Cloud-Trend-Following-Strategy-一云双提前知机会均线趋势跟踪策略.md
435147,1d,PineScript,confirmed,intrabar_order,True,,yes,动量回拉策略Momentum-Pullback-Strategy.md
435254,1d,PineScript,confirmed,intrabar_order,True,,yes,双均线交叉点位策略Open-Close-Cross-Point-Strategy.md
435259,1d,PineScript,confirmed,intrabar_order,True,,yes,动态价格通道突破策略Dynamic-Price-Channel-Breakout-Strategy.md
435260,1d,PineScript,confirmed,intrabar_order,True,,yes,基于价格行动的黄金交易算法Gold-Price-Action-Trading-Algorithm.md
435282,1d,PineScript,confirmed,intrabar_order,True,,yes,基于量化指标多空信号的多空双向交易策略Dual-directional-Trading-Strategy-Based-on-Quantitative-Indicators-Bullish-and-Bearish-Signals.md
435464,1d,PineScript,confirmed,intrabar_order,True,,yes,跨趋势跟随套利181策略Valeria-181-Robot-Strategy-Improved-24.md
435475,1d,PineScript,confirmed,intrabar_order,True,,yes,Heiken-Ashi与超级趋势组合策略Heiken-Ashi-and-Super-Trend-Combination-Strategy.md
435486,1d,PineScript,confirmed,intrabar_order,True,,yes,印度市场整合突破交易策略Consolidation-Breakout-Strategy.md
435502,1d,PineScript,confirmed,intrabar_order,True,possible,yes,动量指标决策交易策略Momentum-Indicator-Decision-Trading-Strategy.md
435511,1d,PineScript,confirmed,intrabar_order,True,,yes,基于TRSI和SUPER趋势指标的量化交易策略Quantitative-Trading-Strategy-Based-on-TRSI-and-SUPER-Trend-Indicators.md
435516,1d,PineScript,confirmed,intrabar_order,True,,yes,双向价格突破均线选时交易策略Dual-Direction-Price-Breakthrough-Moving-Average-Timing-Trading-Strategy.md
435714,1d,PineScript,confirmed,intrabar_order,True,,yes,基于移动平均线的固定百分比止损止盈策略Fixed-Percentage-Stop-Loss-and-Take-Profit-Strategy-Based-on-Moving-Averages.md
435768,1d,PineScript,confirmed,intrabar_order,False,,yes,MACD机器人交易策略MACD-Robot-Trading-Strategy.md
435773,1d,PineScript,confirmed,intrabar_order,False,,yes,坚实踏实的SMA均线持仓策略Solid-and-Steady-SMA-Position-Holding-Strategy.md
435831,1d,PineScript,confirmed,intrabar_order,False,,yes,SMA波动偏移交易策略SMA-Offset-Fluctuation-Trading-Strategy.md
435851,1d,PineScript,confirmed,intrabar_order,False,,yes,移动平均线回拉策略Moving-Average-Pullback-Strategy.md
435866,1d,PineScript,confirmed,intrabar_order,False,,yes,坚如磐石的VIP量化策略The-Solid-as-a-Rock-VIP-Quant-Strategy.md
435886,1d,PineScript,confirmed,intrabar_order,False,,yes,四阶段BIST股票量化收购策略This-BIST-stocks-4-stage-quantitative-acquisition-strategy.md
435894,1d,PineScript,confirmed,intrabar_order,True,,yes,基于动量交易策略Momentum-and-Volume-Trading-Strategy.md
435896,1d,PineScript,confirmed,intrabar_order,False,,yes,动量突破交易策略Momentum-Breakout-Trading-Strategy.md
435957,1d,PineScript,confirmed,intrabar_order,True,,yes,基于布林带的价格行为策略Bollinger-Band-based-Price-Action-Strategy.md
435963,1d,PineScript,confirmed,intrabar_order,False,,yes,基于两条不同参数渐变均线交易策略Meticulous-EMA-Crossover-Strategy.md
436091,1d,PineScript,confirmed,intrabar_order,True,,yes,Ichimoku阴阳烛线突破策略Ichimoku-Yin-Yang-Candlestick-Breakout-Strategy.md
436108,1d,PineScript,confirmed,intrabar_order,False,,yes,相对强度MACD策略MACD-of-Relative-Strength-Strategy.md
436112,1d,PineScript,confirmed,intrabar_order,True,,yes,最后K线趋势跟踪策略Last-Candle-Strategy.md
436136,1d,PineScript,confirmed,intrabar_order,False,,yes,基于布林带的高频交易策略Bollinger-Bands-Based-High-Frequency-Trading-Strategy.md
436140,1d,PineScript,confirmed,intrabar_order,False,,yes,基于均线交叉的止损止盈策略Moving-Average-Crossover-Strategy-with-Stop-Loss-and-Take-Profit.md
436221,1d,PineScript,confirmed,intrabar_order,False,,yes,自定义非重绘HTF-MACD-MFI可缩放机器人策略Customizable-Non-Repainting-HTF-MACD-MFI-Scalable-Bot-Strategy.md
436223,1d,PineScript,confirmed,intrabar_order,False,,yes,低点金字塔低风险追踪策略Low-Pyramid-Risk-Tracking-Strategy.md
436227,1d,PineScript,confirmed,intrabar_order,True,,yes,基于量化模型定制的高效量化交易策略High-Performance-Algorithmic-Trading-Strategy-Based-on-Quantitative-Models.md
436230,1d,PineScript,confirmed,intrabar_order,True,,yes,基于动量突破均线交易策略Momentum-Breakout-Moving-Average-Trading-Strategy.md
436232,1d,PineScript,confirmed,intrabar_order,True,,yes,基于简单移动平均线的量化交易策略The-moving-average-crossover-strategy-is-a-quantitative-trading-strategy.md
436248,1d,PineScript,confirmed,intrabar_order,True,,yes,基于情绪的XBT期货交易策略Sentiment-Based-XBT-Futures-Trading-Strategy.md
436501,1d,PineScript,confirmed,intrabar_order,True,,yes,基于RSI和加权移动平均线的趋势跟踪策略Trend-Following-Strategy-Based-on-RSI-and-Weighted-Moving-Average.md
436634,1d,PineScript,confirmed,intrabar_order,True,,yes,动量指标与随机指标联合策略A-DMI-Stochastic-Trading-Strategy-with-Dynamic-Stop-loss.md
436752,1d,PineScript,confirmed,intrabar_order,False,,yes,Bullish-Engulfing买卖策略Bullish-Engulfing-Buy-and-Sell-Strategy.md
436757,1d,PineScript,confirmed,intrabar_order,True,,yes,震动宝盒量化交易策略Trending-Darvas-Box-Quantitative-Trading-Strategy.md
436773,1d,PineScript,confirmed,intrabar_order,True,,yes,移动平均线交叉金策略Moving-Average-Crossover-Gold-Strategy.md
436776,1d,PineScript,confirmed,intrabar_order,True,,yes,基于PSARMACD和RSI的多时间框架量化交易策略Multi-timeframe-Quantitative-Trading-Strategy-Based-on-PSAR-MACD-and-RSI.md
436796,1d,PineScript,confirmed,intrabar_order,False,,yes,基于时间阶梯加仓的简单量化策略Time-stepped-Pyramiding-Simple-Quant-Strategy.md
436876,1d,PineScript,confirmed,intrabar_order,True,,yes,MACD和EMA金叉死叉策略MACD-and-EMA-Crossover-Strategy.md
436884,1d,PineScript,confirmed,intrabar_order,False,,yes,三重EMA叠加突破策略Triple-EMA-Crossover-Breakout-Strategy.md
437007,1d,PineScript,confirmed,intrabar_order,True,,yes,基于渔网策略的动态移动止损优化策略Dynamic-Trailing-Stop-Optimization-Strategy-Based-on-Ichimoku-Cloud.md
437011,1d,PineScript,confirmed,intrabar_order,True,,yes,基于锚定滚动CVDVWAP的信号策略Anchored-Rolling-CVDVWAP-Signal-Strategy.md
437021,1d,PineScript,confirmed,intrabar_order,True,,yes,10EMA双重交叉趋势追踪策略10EMA-Double-Cross-Trend-Tracking-Strategy.md
437039,1d,PineScript,confirmed,intrabar_order,True,,yes,多时间周期动量突破策略Multi-Timeframe-Momentum-Breakout-Strategy.md
437389,1d,PineScript,confirmed,intrabar_order,True,,yes,自适应止损轨道策略Adaptive-Stop-Loss-Rail-Strategy.md
437390,1d,PineScript,confirmed,intrabar_order,True,,yes,随机Fisher变换临时停止反转STOCH指标量化策略Random-Fisher-Transform-Temporary-Stop-Reverse-STOCH-Indicator-Quantitative-Strategy.md
437411,1d,PineScript,confirmed,intrabar_order,True,,yes,日K线突破策略Daily-Breakout-Strategy.md
437505,1d,PineScript,confirmed,intrabar_order,True,,yes,双波动带截断策略Double-Bollinger-Band-Breakout-Strategy.md
437543,1d,PineScript,confirmed,intrabar_order,True,,yes,动态止损追踪策略Moving-Stop-Loss-Tracking-Strategy.md
437544,1d,PineScript,confirmed,intrabar_order,False,,yes,收盘买入次日开盘止盈策略Close-Buying-Next-Open-Profit-Taking-Strategy.md
437652,1d,PineScript,confirmed,intrabar_order,True,,yes,基于ATR和波动性指数的趋势跟踪策略ATR-and-Volatility-Index-Based-Trend-Tracking-Strategy.md
437674,1d,PineScript,confirmed,intrabar_order,True,,yes,基于RSI和AI自定义条件进行交易的高级策略Improved-RSI-Scalping-Strategy-based-on-Relative-Strength-Index.md
437738,1d,PineScript,confirmed,intrabar_order,True,,yes,基于EMA和MACD的多时间框架趋势跟踪策略Trend-Following-Strategy-Based-on-EMA-and-MACD-across-Timeframes.md
437747,1d,PineScript,confirmed,intrabar_order,True,,yes,移动均线多时标交叉优化策略Multi-Timeframe-Moving-Average-Crossover-Optimization-Strategy.md
437774,1d,PineScript,confirmed,intrabar_order,False,,yes,黄金分割移动平均线交易策略Golden-Ratio-Moving-Average-Trading-Strategy.md
437787,1d,PineScript,confirmed,intrabar_order,False,,yes,渔夫转身EMA多重止损多重止盈策略Fisher-Turnaround-EMA-Multi-Take-Profit-and-Multi-Stop-Strategy.md
437789,1d,PineScript,confirmed,intrabar_order,True,,yes,动量指标驱动的三重确认趋势跟踪策略The-Momentum-Driven-Triple-Confirmation-Trend-Following-Strategy.md
437802,1d,PineScript,confirmed,intrabar_order,True,,yes,基于平均真实波幅的趋势跟踪策略ATR-Based-Trend-Tracking-Strategy.md
438016,1d,PineScript,confirmed,intrabar_order,True,,yes,超趋势追踪止盈策略Supertrend-Take-Profit-Strategy.md
438022,1d,PineScript,confirmed,intrabar_order,False,,yes,低波动率买入高波动率买入策略Buy-Low-Volatility-VS-Buy-High-Volatility-Strategy.md
438026,1d,PineScript,confirmed,intrabar_order,True,,yes,双向追Momentum止盈止损策略Consecutive-Up-Down-Strategy-with-Reverse-and-SL-TP-Extension.md
438054,1d,PineScript,confirmed,intrabar_order,True,,yes,超越移动止损盈利策略Supertrend-Moving-Stop-Loss-Take-Profit-Strategy.md
438059,1d,PineScript,confirmed,intrabar_order,True,,yes,基于RSI指标的多空反转策略RSI-Indicator-Based-Reversal-Strategy.md
438064,1d,PineScript,confirmed,intrabar_order,True,,yes,基于多时间框架移动平均线与RSI的趋势跟踪策略Trend-Following-Strategy-Based-on-Multi-Timeframe-Moving-Average-and-RSI.md
438459,1d,PineScript,confirmed,intrabar_order,True,,yes,金叉死叉短线交易策略Swing-Trading-Strategy-with-20-50-EMA-Cross.md
438485,1d,PineScript,confirmed,intrabar_order,True,,yes,移动平均线交叉策略Exponential-Moving-Average-Crossover-Strategy.md
438492,1d,PineScript,confirmed,intrabar_order,True,,yes,基于Ichimoku云图的量化交易策略Quant-Trading-Strategy-Based-on-Ichimoku-Cloud.md
438495,1d,PineScript,confirmed,intrabar_order,False,,yes,趋势追踪型EMA突破策略Trend-Tracking-EMA-Breakout-Strategy.md
438505,1d,PineScript,confirmed,intrabar_order,True,,yes,基于ATR的ES尾随停止策略ATR-based-Trailing-Stop-Strategy-for-ES.md
438784,1d,PineScript,confirmed,intrabar_order,True,,yes,基于月相计算的比特币交易策略Lunar-Phase-Based-Bitcoin-Trading-Strategy.md
438800,1d,PineScript,confirmed,intrabar_order,True,,yes,开放收盘交叉移动平均线趋势追踪策略Open-Close-Cross-Moving-Average-Trend-Following-Strategy.md
438950,1d,PineScript,confirmed,intrabar_order,False,,yes,移动平均线与随机RSI组合交易策略Moving-Average-and-Stochastic-RSI-Combination-Trading-Strategy.md
439073,1d,PineScript,confirmed,intrabar_order,True,,yes,Dual-SMA-Momentum-Strategy双SMA动量策略.md
439089,1d,PineScript,confirmed,intrabar_order,True,,yes,基于ATR波动性与HMA趋势偏差的双均线突破策略Baseline-Cross-Qualifier-ATR-Volatility-HMA-Trend-Bias-Mean-Reversion-Strategy.md
439186,1d,PineScript,confirmed,intrabar_order,False,,yes,基于布林通道和RSI指标的渐进DCA策略Bollinger-Band-and-RSI-Mixing-with-DCA-Strategy.md
439187,1d,PineScript,confirmed,intrabar_order,False,,yes,动量反转短线交易策略-Momentum-Reversal-Trading-Strategy.md
439229,1d,PineScript,confirmed,intrabar_order,False,,yes,低买高卖的动量交易策略-Momentum-Breakout-Strategy.md
439339,1d,PineScript,confirmed,intrabar_order,True,,yes,双移动平均线交叉策略-A-Dual-Moving-Average-Crossover-Strategy.md
439361,1d,PineScript,confirmed,intrabar_order,True,,yes,基于Nadaraya-Watson信封线和ROC指标的趋势跟踪策略Trend-Following-Strategy-Based-on-Nadaraya-Watson-Envelopes-and-ROC-Indicator.md
439362,1d,PineScript,confirmed,intrabar_order,False,,yes,基于动态止损和目标获利的EMA多次成本加权平均成本策略EMA-Multi-DCA-Strategy-with-Trailing-Stop-Loss-and-Profit-Target.md
439378,1d,PineScript,confirmed,intrabar_order,False,,yes,基于海鸥指标的加密货币趋势追踪策略Cryptocurrency-Trend-Following-Strategy-Based-on-Heiken-Ashi.md
439601,1d,PineScript,confirmed,intrabar_order,True,,yes,动量震荡器趋势跟踪策略Momentum-Oscillator-Trend-Tracking-Strategy.md
439608,1d,PineScript,confirmed,intrabar_order,False,,yes,基于布林带通道的突破回归策略Bollinger-Bands-Channel-Breakout-Mean-Reversion-Strategy.md
439613,1d,PineScript,confirmed,intrabar_order,True,,yes,MACD双向优化交易策略MACD-Double-Optimization-Trading-Strategy.md
439620,1d,PineScript,confirmed,intrabar_order,False,,yes,多重均线多头趋势策略Multi-EMA-Bullish-Trend-Strategy.md
439648,1d,PineScript,confirmed,intrabar_order,False,,yes,基于均线的趋势跟踪策略Trend-Following-Strategy-Based-on-Moving-Average.md
439693,1d,PineScript,confirmed,intrabar_order,True,,yes,基于移动平均线的动量策略This-strategy-is-a-momentum-strategy-based-on-moving-average-lines.md
439704,1d,PineScript,confirmed,intrabar_order,False,,yes,金叉死叉长线多因子策略Golden-Cross-Death-Cross-Long-term-Multi-factor-Strategy.md
439706,1d,PineScript,confirmed,intrabar_order,False,,yes,双均线黄金交叉算法Dual-Moving-Average-Golden-Cross-Algorithm.md
439759,1d,PineScript,confirmed,intrabar_order,False,,yes,比特币和黄金双跳空策略Bitcoin-and-Gold-Double-Gap-Strategy.md
439833,1d,PineScript,confirmed,intrabar_order,True,,yes,动态波动调整趋势跟踪策略Dynmaic-Risk-Adjusted-Momentum-Trading-Strategy.md
439837,1d,PineScript,confirmed,intrabar_order,True,,yes,双均线跟踪趋势策略Dual-Moving-Average-Trend-Tracking-Strategy.md
439858,1d,PineScript,confirmed,intrabar_order,True,,yes,基于移动平均线的趋势跟随策略Trend-Following-Strategy-Based-on-Moving-Average.md
439872,1d,PineScript,confirmed,intrabar_order,True,,yes,反向唐肖通道承压交易策略Contrarian-Donchian-Channel-Touch-Entry-Strategy-with-Post-Stop-Loss-Pause-and-Trailing-Stop-Loss.md
439883,1d,PineScript,confirmed,intrabar_order,True,,yes,基于EMA的日内-skillet-商交策略EMA-Intraday-Scalping-Strategy.md
439965,1d,PineScript,confirmed,intrabar_order,False,,yes,多因子量化交易策略Quantitative-Trading-Strategy-with-Multiple-Factors.md
439974,1d,PineScript,confirmed,intrabar_order,True,,yes,震荡型广谱移动平均线交易策略Oscillation-Spectrum-Moving-Average-Trading-Strategy.md
439979,1d,PineScript,confirmed,intrabar_order,True,possible,yes,趋势角度均线交叉策略Trend-Angle-Moving-Average-Crossover-Strategy.md
440076,1d,PineScript,confirmed,intrabar_order,True,,yes,日内开仓反转策略-Daily-Open-Reversal-Strategy.md
440109,1d,PineScript,confirmed,intrabar_order,False,,yes,自适应三重超级趋势策略Adaptive-Triple-Supertrend-Strategy.md
440449,1d,PineScript,confirmed,intrabar_order,False,,yes,基于双MACD量化交易策略Dual-MACD-Quantitative-Trading-Strategy.md
440546,1d,PineScript,confirmed,intrabar_order,True,,yes,Ichimoku-Entries策略Ichimoku-Entries-Strategy.md
440551,1d,PineScript,confirmed,intrabar_order,True,,yes,基于RSI和MACD指标的交易策略Trading-Strategy-Based-on-RSI-and-MACD-Indicators.md
440560,1d,PineScript,confirmed,intrabar_order,False,,yes,突破追踪策略Qullamaggie-Breakout-Tracking-Strategy.md
440683,1d,PineScript,confirmed,intrabar_order,False,,yes,EMA指标的趋势跟踪策略EMA-Crossover-Trend-Following-Strategy.md
440687,1d,PineScript,confirmed,intrabar_order,True,,yes,动态价格通道止损追踪策略Dynamic-Price-Channel-with-Stop-Loss-Tracking-Strategy.md
440699,1d,PineScript,confirmed,intrabar_order,False,,yes,移动平均线和随机相对强弱指标策略Moving-Average-and-Stochastic-RSI-Strategy.md
440715,1d,PineScript,confirmed,intrabar_order,True,,yes,一种趋势追踪突破回调策略Breakout-Pullback-Strategy.md
440717,1d,PineScript,confirmed,intrabar_order,True,,yes,基于双通道突破策略-Dual-Channel-Breakout-Strategy.md
440719,1d,PineScript,confirmed,intrabar_order,True,,yes,高效震荡突破双安全盈亏策略Efficient-Oscillation-Breakthrough-Dual-Stop-Profit-and-Stop-Loss-Strategy.md
440810,1d,PineScript,confirmed,intrabar_order,True,,yes,动态SMMA与SMA交叉策略Dynamic-SMMA-and-SMA-Crossover-Strategy.md
440833,1d,PineScript,confirmed,intrabar_order,False,,yes,渔夫指标移动止损策略Fisher-Yurik-Trailing-Stop-Strategy.md
440864,1d,PineScript,confirmed,intrabar_order,True,,yes,基于双均线的长线反转策略Dual-Moving-Average-Reversal-Strategy.md
440974,1d,PineScript,confirmed,intrabar_order,True,,yes,基于多标的动态均线的量化交易策略Dynamic-Multi-indicator-Quantitative-Trading-Strategy.md
440978,1d,PineScript,confirmed,intrabar_order,False,,yes,基于均线交叉的长线追涨策略SMA-Crossover-Bullish-Trend-Following-Strategy.md
440980,1d,PineScript,confirmed,intrabar_order,True,,yes,双移动平均线跨时间框架交易策略Dual-Moving-Average-Cross-Timeframe-Trading-Strategy.md
441057,1d,PineScript,confirmed,intrabar_order,True,,yes,蜡烛包裹RSI交易策略Engulfing-Candle-RSI-Trading-Strategy.md
441086,1d,PineScript,confirmed,intrabar_order,False,,yes,基于动量突破EMA策略Momentum-Breakthrough-EMA-Strategy.md
441103,1d,PineScript,confirmed,intrabar_order,True,,yes,趋势追踪止损策略Trend-Following-Stop-Loss-Strategy-Based-on-Trend-Alert-Indicator.md
441132,1d,PineScript,confirmed,intrabar_order,False,,yes,底部猎人策略Bottom-Hunter-Strategy.md
441163,1d,PineScript,confirmed,intrabar_order,True,,yes,量化交易双向S-R策略TD-Sequential-Dual-Direction-S-R-Trading-Strategy.md
441177,1d,PineScript,confirmed,intrabar_order,False,,yes,基于均线金叉突破动量策略Dual-Moving-Average-With-Momentum-Breakout-Strategy.md
441182,1d,PineScript,confirmed,intrabar_order,True,possible,yes,基于移动平均线交叉突破策略Crossing-Moving-Average-Breakout-Strategy.md
441962,1d,PineScript,confirmed,intrabar_order,True,,yes,动态CCI突破策略DCCI-Breakout-Strategy.md
441987,1d,PineScript,confirmed,intrabar_order,True,,yes,基于超级趋势通道的突破交易策略Supertrend-Breakout-Trading-Strategy.md
441998,1d,PineScript,confirmed,intrabar_order,True,,yes,双均线黄金交叉趋势追踪策略Dual-Moving-Average-Golden-Cross-Trend-Trading-Strategy.md
442002,1d,PineScript,confirmed,intrabar_order,True,,yes,多时间周期MACD零轴交叉反转策略scillator-Profile-Reversal-Strategy-Based-on-Multi-Timeframe-MACD-Zero-crossing.md
442007,1d,PineScript,confirmed,intrabar_order,False,,yes,基于BEAM波段的BTCdollar成本平均策略Bitcoin-Dollar-Cost-Averaging-Based-on-BEAM-Bands.md
442016,1d,PineScript,confirmed,intrabar_order,True,,yes,3-10震荡器轮廓标记策略3-10-Oscillator-Profile-Flagging-Strategy.md
442111,1d,PineScript,confirmed,intrabar_order,True,,yes,基于价格通道的VWAP交易策略Price-Channel-VWAP-Trading-Strategy.md
442210,1d,PineScript,confirmed,intrabar_order,False,,yes,基于多个因子量化交易策略Multi-factor-Quantitative-Trading-Strategy.md
442214,1d,PineScript,confirmed,intrabar_order,True,,yes,指标组合突破趋势追踪策略Strategy-of-Indicators-Combination-Breakthrough-Trend-Tracking.md
442234,1d,PineScript,confirmed,intrabar_order,False,,yes,移动平均趋势跟踪策略Moving-Average-Trend-Tracking-Strategy.md
442236,1d,PineScript,confirmed,intrabar_order,True,,yes,指数均线交叉B-Xtrender策略B-Xtrender-Exponential-Moving-Average-Crossover-Strategy.md
442251,1d,PineScript,confirmed,intrabar_order,True,,yes,RSI与MA均线交叉的趋势追踪策略RSI-and-MA-Crossover-Trend-Tracking-Strategy.md
442333,1d,PineScript,confirmed,intrabar_order,False,,yes,突破型上升趋势参考策略Quantitative-Breakthrough-Uptrend-Reference-Strategy.md
442341,1d,PineScript,confirmed,intrabar_order,False,,yes,基于均线突破陷阱策略EMA-Breakthrough-Trap-Strategy.md
442508,1d,PineScript,confirmed,intrabar_order,False,,yes,基于EMA平均线交叉的趋势追踪策略Trend-Following-Strategy-Based-on-EMA-Crossover.md
442555,1d,PineScript,confirmed,intrabar_order,True,,yes,基于动量追踪与趋势策略The-Momentum-Tracking-and-Trend-Strategy.md
442648,1d,PineScript,confirmed,intrabar_order,True,,yes,基于均线回归突破跟踪趋势策略Average-Line-Breakthrough-Strategy.md
442657,1d,PineScript,confirmed,intrabar_order,True,,yes,基于均线交叉的趋势追踪策略Trend-Following-Strategy-Based-on-Moving-Average-Crossover.md
442825,1d,PineScript,confirmed,intrabar_order,True,,yes,内部收敛突破策略Inside-Bar-Breakout-Strategy.md
442860,1d,PineScript,confirmed,intrabar_order,True,,yes,动量追踪型双EMA移动平均线交叉策略Momentum-Tracking-Dual-EMA-Crossover-Strategy.md
442953,1d,PineScript,confirmed,intrabar_order,True,,yes,基于双时间框架趋势追踪策略An-Advanced-Dual-Timeframe-Trend-Tracking-Strategy-for-a-Hot-Stock.md
442957,1d,PineScript,confirmed,intrabar_order,True,,yes,基于双均线金叉死叉策略Dual-Moving-Average-Crossover-Strategy.md
443110,1d,PineScript,confirmed,intrabar_order,True,,yes,多时间框架随机指数均线策略Multi-Timeframe-Stochastic-Strategy.md
443133,1d,PineScript,confirmed,intrabar_order,True,,yes,基于多重均线交易策略Multiple-Moving-Average-Trading-Strategy.md
443229,1d,PineScript,confirmed,intrabar_order,True,,yes,双重确认突破策略Double-Confirmation-Breakthrough-Strategy.md
443232,1d,PineScript,confirmed,intrabar_order,False,,yes,基于动量爆发跟踪策略The-Momentum-Burst-Tracking-Strategy.md
443990,1d,PineScript,confirmed,intrabar_order,True,,yes,SSL通道与绿量策略SSL-Channel-and-Green-Volume-Strategy.md
443993,1d,PineScript,confirmed,intrabar_order,True,,yes,最高最低价格止损策略Highest-High-Lowest-Low-Stop-Strategy.md
444002,1d,PineScript,confirmed,intrabar_order,True,,yes,基于21日EMA成交量和RSI的趋势动量策略Trend-Momentum-Strategy-Based-on-21-EMA-Volume-and-RSI.md
444004,1d,PineScript,confirmed,intrabar_order,True,,yes,基于相对强弱指数RSI与止损的多头量化交易策略RSI-based-Long-Strategy-with-Trailing-Stop-for-Quantitative-Trading.md
444007,1d,PineScript,confirmed,intrabar_order,True,,yes,双均线交叉策略-EMA9-20Dual-Moving-Average-Crossover-Strategy-EMA9-20.md
444344,1d,PineScript,confirmed,intrabar_order,False,,yes,基于UT-Bot指标的ATR移动止损策略UT-Bot-Indicator-Based-ATR-Trailing-Stop-Strategy.md
444357,1d,PineScript,confirmed,intrabar_order,False,,yes,基于布林带和RSI的多头摆动交易策略Bullish-Swing-Trading-Strategy-Based-on-Bollinger-Bands-and-RSI.md
444361,1d,PineScript,confirmed,intrabar_order,False,,yes,基于ATR与SMA的动态止损追踪策略Dynamic-Trailing-Stop-Strategy-Based-on-ATR-and-SMA.md
444980,1d,PineScript,confirmed,intrabar_order,True,,yes,CVD背离量化交易策略CVD-Divergence-Quantitative-Trading-Strategy.md
444985,1d,PineScript,confirmed,intrabar_order,False,,yes,日内锤子反转形态多头策略Intraday-Hammer-Reversal-Pattern-Long-Strategy.md
445786,1d,PineScript,confirmed,intrabar_order,False,,yes,Flawless-Victory-DCA-动量与波动率策略Flawless-Victory-DCA-Momentum-and-Volatility-Strategy.md
445808,1d,PineScript,confirmed,intrabar_order,True,,yes,基于技术分析和资金管理的量化交易策略The-Support-Resistance-Psychology-Candlestick-Feedback-Money-Management-strategy.md
445826,1d,PineScript,confirmed,intrabar_order,False,,yes,基于网格的多头-Martingale-动态加仓网格交易策略Grid-based-Long-Martingale-Dynamic-Position-Grid-Trading-Strategy.md
446434,1d,PineScript,confirmed,intrabar_order,False,,yes,网格美元成本平均策略Grid-Dollar-Cost-Averaging-Strategy.md
446435,1d,PineScript,confirmed,intrabar_order,True,,yes,AlphaTrend和布林带相结合的均值回归趋势跟踪策略AlphaTrend-and-Bollinger-Bands-Combined-Mean-Reversion-Trend-Following-Strategy.md
446753,1d,PineScript,confirmed,intrabar_order,True,,yes,VWAP均线交叉动态ATR止损止盈策略-VWAP-Moving-Average-Crossover-with-Dynamic-ATR-Stop-Loss-and-Take-Profit-Strategy.md
446763,1d,PineScript,confirmed,intrabar_order,True,,yes,动量交易之双均线交叉策略-Momentum-Trading-with-Dual-Moving-Average-Crossover-Strategy.md
446963,1d,PineScript,confirmed,intrabar_order,False,,yes,双移动平均线交叉策略-Dual-Moving-Average-Crossover-Strategy.md
448058,1d,PineScript,confirmed,intrabar_order,True,,yes,基于成交量均线的自适应金字塔动态止盈止损交易策略-Volume-MA-based-Adaptive-Pyramiding-Dynamic-Stop-Loss-and-Take-Profit-Trading-Strategy.md
448774,1d,PineScript,confirmed,intrabar_order,False,,yes,基于MACD信号线交叉与ATR风险管理的优化趋势跟踪策略-Optimized-MACD-Trend-Following-Strategy-with-ATR-based-Risk-Management.md
449507,1d,PineScript,confirmed,intrabar_order,True,,yes,趋势捕捉策略-Trend-Catcher-Strategy.md
449516,1d,PineScript,confirmed,intrabar_order,True,,yes,移动平均线交叉多层获利策略-Moving-Average-Crossover-with-Multiple-Take-Profits-Strategy.md
449552,1d,PineScript,confirmed,intrabar_order,True,,yes,艾略特波浪理论4-9脉冲波自动检测交易策略-Elliott-Wave-Theory-4-9-Impulse-Wave-Automatic-Detection-Trading-Strategy.md
449716,1d,PineScript,confirmed,intrabar_order,True,,yes,斐波那契趋势反转策略-Fibonacci-Trend-Reversal-Strategy.md
449718,1d,PineScript,confirmed,intrabar_order,True,likely,yes,挤压回测变形金刚v20-Squeeze-Backtest-Transformer-v20.md
449816,1d,PineScript,confirmed,intrabar_order,False,,yes,基于EMA交叉的风险管理型多头策略-Long-Entry-on-EMA-Cross-with-Risk-Management-Strategy.md
449818,1d,PineScript,confirmed,intrabar_order,True,,yes,Donchian突破交易策略-Donchian-Breakout-Trading-Strategy.md
449944,1d,PineScript,confirmed,intrabar_order,True,,yes,Pivot-Reversal-Strategy-with-Pivot-Exit-基于枢轴点反转和退出的交易策略.md
449949,1d,PineScript,confirmed,intrabar_order,False,,yes,Price-Action-Pyramiding-5-Profit-Target-3-Stop-Loss-价格行为-金字塔加仓-5止盈-3止损.md
450868,1d,PineScript,confirmed,intrabar_order,False,,yes,基于三根连续阴线和均线的动态止盈止损交易策略-Dynamic-Take-Profit-and-Stop-Loss-Trading-Strategy-Based-on-Three-Consecutive-Bearish-Candles-and-Moving-Averages.md
451030,1d,PineScript,confirmed,intrabar_order,True,,yes,MACD双均线交叉策略-MACD-Dual-Moving-Average-Crossover-Strategy.md
451071,1d,PineScript,confirmed,intrabar_order,True,,yes,H1趋势偏差M15-MACD信号M5快速波动率缺口策略-H1-Trend-Bias-M15-MACD-Signal-M5-Fast-Volatility-Gap-Strategy.md
451387,1d,PineScript,confirmed,intrabar_order,True,,yes,EMAMACDRSI三重指标动量策略-EMA-MACD-and-RSI-Triple-Indicator-Momentum-Strategy.md
451390,1d,PineScript,confirmed,intrabar_order,True,,yes,基于布林带移动平均线和相对强弱指数的短线交易策略-Short-Term-Trading-Strategy-Based-on-Bollinger-Bands-Moving-Average-and-RSI.md
451391,1d,PineScript,confirmed,intrabar_order,False,,yes,SMA双均线交易策略-SMA-Dual-Moving-Average-Trading-Strategy.md
451412,1d,PineScript,confirmed,intrabar_order,False,,yes,基于连续三根阴线和双均线的交易策略Trading-Strategy-Based-on-Three-Consecutive-Bearish-Candles-and-Dual-Moving-Averages.md
451413,1d,PineScript,confirmed,intrabar_order,True,,yes,趋势跟踪与动量交易相结合的双重MACD优化策略-Dual-MACD-Optimization-Strategy-Combining-Trend-Following-and-Momentum-Trading.md
451490,1d,PineScript,confirmed,intrabar_order,True,,yes,RSI双重差分策略-Dual-RSI-Differential-Strategy.md
451733,1d,PineScript,confirmed,intrabar_order,True,,yes,双均线交叉策略-Dual-Moving-Average-Crossover-Strategy.md
452274,1d,PineScript,confirmed,intrabar_order,True,,yes,Ichimoku-Cloud-and-ATR-Strategy-一目云和ATR策略.md
452353,1d,PineScript,confirmed,intrabar_order,True,,yes,双均线回归交易策略-Dual-Moving-Average-Regression-Trading-Strategy.md
452685,1d,PineScript,confirmed,intrabar_order,False,,yes,基于风险回报比和技术分析的牛旗突破策略-Risk-Reward-Ratio-and-Technical-Analysis-Based-Bull-Flag-Breakout-Strategy.md
452697,1d,PineScript,confirmed,intrabar_order,False,,yes,基于BTC15分钟图表的技术交易策略-Technical-Trading-Strategy-for-BTC-15-minute-Chart.md
452714,1d,PineScript,confirmed,intrabar_order,False,likely,yes,Trend-Following-with-Breakout-and-Frequency-Filter-Long-Only-基于突破和频率过滤的趋势跟踪策略只做多.md
452736,1d,PineScript,confirmed,intrabar_order,True,,yes,FVG动量短线交易策略-FVG-Momentum-Scalping-Strategy.md
452745,1d,PineScript,confirmed,intrabar_order,False,,yes,WaveTrend-Oscillator-Divergence-Strategy-波动趋势震荡指标背离策略.md
452820,1d,PineScript,confirmed,intrabar_order,True,,yes,EMA-交叉动态止盈止损交易策略-EMA-Crossover-Trading-Strategy-with-Dynamic-Take-Profit-and-Stop-Loss.md
452824,1d,PineScript,confirmed,intrabar_order,False,,yes,EMA趋势动量K线形态策略-EMA-Trend-Momentum-Candlestick-Pattern-Strategy.md
453228,1d,PineScript,confirmed,intrabar_order,True,,yes,TURTLE-ATR布林带突破策略-TURTLE-ATR-Bollinger-Bands-Breakout-Strategy.md
453238,1d,PineScript,confirmed,intrabar_order,True,,yes,EMA与RSI交叉策略-EMA-RSI-Crossover-Strategy.md
453246,1d,PineScript,confirmed,intrabar_order,True,,yes,趋势跟随与动量过滤相结合的交易策略-Trend-Following-Trading-Strategy-with-Momentum-Filtering.md
453268,1d,PineScript,confirmed,intrabar_order,False,,yes,SMA趋势跟踪策略-SMA-Trend-Following-Strategy-with-Trailing-Stop-Loss-and-Disciplined-Re-Entry.md
453670,1d,PineScript,confirmed,intrabar_order,True,,yes,基于Chaikin资金流量CMF指标策略This-strategy-generates-trading-signals-based-on-the-Chaikin-Money-Flow-CMF.md
454143,1d,PineScript,confirmed,intrabar_order,True,,yes,EMA交叉动量短线交易策略-EMA-Crossover-Momentum-Scalping-Strategy.md
454147,1d,PineScript,confirmed,intrabar_order,True,,yes,EMA-RSI-MACD动态止盈止损交易策略-EMA-RSI-MACD-Dynamic-Take-Profit-and-Stop-Loss-Trading-Strategy.md
454148,1d,PineScript,confirmed,intrabar_order,True,,yes,基于均线支撑阻力和交易量的高级入场条件策略-Advanced-Entry-Strategy-based-on-Moving-Average-Support-Resistance-and-Volume.md
454149,1d,PineScript,confirmed,intrabar_order,True,,yes,基于三分钟K线高低点的日内突破策略-Intraday-Breakout-Strategy-Based-on-3-Minute-Candle-High-Low-Points.md
454334,1d,PineScript,confirmed,intrabar_order,True,,yes,基于随机振荡指标的波动区间交易策略-Volatility-Range-Trading-Strategy-Based-on-Stochastic-Oscillator.md
454336,1d,PineScript,confirmed,intrabar_order,True,,yes,EMA100与NUPL相对未实现利润量化交易策略-EMA100-and-NUPL-Relative-Unrealized-Profit-Quantitative-Trading-Strategy.md
454359,1d,PineScript,confirmed,intrabar_order,True,,yes,EMA动态止损交易策略-EMA-Dynamic-Stop-Loss-Trading-Strategy.md
454369,1d,PineScript,confirmed,intrabar_order,False,,yes,动态斐波那契回撤交易策略-Dynamic-Fibonacci-Retracement-Trading-Strategy.md
454727,1d,PineScript,confirmed,intrabar_order,True,,yes,RSI双周期均线反转策略与动态风险管理系统-RSI-Dual-Period-Moving-Average-Reversal-Strategy-with-Dynamic-Risk-Management-System.md
454767,1d,PineScript,confirmed,intrabar_order,True,,yes,多指标高杠杆短线交易策略-Multi-Indicator-High-Leverage-Short-Term-Trading-Strategy.md
457776,1d,PineScript,confirmed,intrabar_order,True,,yes,动态Keltner通道动量反转策略-Dynamic-Keltner-Channel-Momentum-Reversal-Strategy.md
457777,1d,PineScript,confirmed,intrabar_order,True,,yes,4小时时间框架上的吞没形态交易策略与动态止盈止损优化-4-Hour-Timeframe-Engulfing-Pattern-Trading-Strategy-with-Dynamic-Take-Profit-and-Stop-Loss-Optimization.md
457794,1d,PineScript,confirmed,intrabar_order,True,,yes,改进型多指标动量交易策略-Enhanced-Multi-Indicator-Momentum-Trading-Strategy.md
458029,1d,PineScript,confirmed,intrabar_order,True,,yes,多均线交叉趋势跟踪与波动率过滤策略-Multi-Moving-Average-Crossover-Trend-Following-Strategy-with-Volatility-Filter.md
458035,1d,PineScript,confirmed,intrabar_order,True,,yes,支撑阻力策略结合动态风险管理系统-Support-and-Resistance-Strategy-with-Dynamic-Risk-Management-System.md
458043,1d,PineScript,confirmed,intrabar_order,False,,yes,自适应移动平均交叉追踪止损策略-Adaptive-Moving-Average-Crossover-with-Trailing-Stop-Loss-Strategy.md
458045,1d,PineScript,confirmed,intrabar_order,True,,yes,动态移动止损双目标价均线交叉策略-Dynamic-Trailing-Stop-Dual-Target-Moving-Average-Crossover-Strategy.md
458056,1d,PineScript,confirmed,intrabar_order,True,,yes,多指标融合的自适应趋势跟踪策略-Multi-Indicator-Adaptive-Trend-Following-Strategy.md
458069,1d,PineScript,confirmed,intrabar_order,True,,yes,基于超级趋势指标的精准交易策略与风险管理系统-Precision-Trading-Strategy-and-Risk-Management-System-Based-on-SuperTrend-Indicator.md
458077,1d,PineScript,confirmed,intrabar_order,True,,yes,自适应趋势跟踪交易策略200均线突破与动态风险管理系统-Adaptive-Trend-Following-Trading-Strategy-200-EMA-Breakout-with-Dynamic-Risk-Management-System.md
458078,1d,PineScript,confirmed,intrabar_order,False,,yes,EMA交叉与布林带双重入场策略结合趋势跟踪与波动突破的量化交易系统EMA-Crossover-with-Bollinger-Bands-Double-Entry-Strategy-A-Quantitative-Trading-System-Combining-Trend-Following-and-Volatility-Breakout.md
458141,1d,PineScript,confirmed,intrabar_order,True,,yes,多时间周期指数移动平均交叉策略-Multi-Timeframe-Exponential-Moving-Average-Crossover-Strategy.md
458171,1d,PineScript,confirmed,intrabar_order,True,,yes,布林带RSI中性市场量化交易策略Bollinger-Bands-RSI-Neutral-Market-Quantitative-Trading-Strategy.md
458203,1d,PineScript,confirmed,intrabar_order,True,,yes,多重指标智能金字塔策略-Multi-Indicator-Intelligent-Pyramiding-Strategy.md
458237,1d,PineScript,confirmed,intrabar_order,False,,yes,双重MACD趋势确认交易系统-Dual-MACD-Trend-Confirmation-Trading-System.md
458242,1d,PineScript,confirmed,intrabar_order,True,,yes,HMA优化多周期量化交易策略与动态止损结合-Optimized-Multi-Timeframe-HMA-Quantitative-Trading-Strategy-with-Dynamic-Stop-Loss.md
458254,1d,PineScript,confirmed,intrabar_order,True,,yes,三重指数移动平均线与支撑阻力动态交易策略-Triple-EMA-with-Dynamic-Support-Resistance-Trading-Strategy.md
458255,1d,PineScript,confirmed,intrabar_order,True,,yes,多重指标综合动量交易策略-Multi-Indicator-Comprehensive-Momentum-Trading-Strategy.md
458274,1d,PineScript,confirmed,intrabar_order,True,,yes,Supertrend和EMA交叉量化交易策略Supertrend-and-EMA-Crossover-Quantitative-Trading-Strategy.md
468299,1d,PineScript,confirmed,intrabar_order,False,,yes,多指标协同长线交易策略-Multi-Indicator-Synergy-Long-Term-Trading-Strategy.md
468302,1d,PineScript,confirmed,intrabar_order,True,,yes,RSI动量背离突破策略-RSI-Momentum-Divergence-Breakout-Strategy.md
468305,1d,PineScript,confirmed,intrabar_order,True,,yes,移动平均交叉动态止盈止损策略-Dynamic-Stop-Loss-Moving-Average-Crossover-Strategy.md
468319,1d,PineScript,confirmed,intrabar_order,True,,yes,EMA-MACD-动量跟踪策略EMA-MACD-Momentum-Tracking-Strategy.md
468323,1d,PineScript,confirmed,intrabar_order,True,,yes,多因子动态适应型趋势跟踪策略-Multi-Factor-Dynamic-Adaptive-Trend-Following-Strategy.md
468324,1d,PineScript,confirmed,intrabar_order,True,,yes,动态趋势跟踪EMA交叉策略-Dynamic-Trend-Following-EMA-Crossover-Strategy.md
468325,1d,PineScript,confirmed,intrabar_order,True,,yes,EMA与CCI多重交叉趋势追踪策略-Multi-EMA-and-CCI-Crossover-Trend-Following-Strategy.md
468333,1d,PineScript,confirmed,intrabar_order,True,,yes,自适应价格交叉均线交易策略-Adaptive-Price-Crossing-Moving-Average-Trading-Strategy.md
468334,1d,PineScript,confirmed,intrabar_order,True,,yes,趋势跟踪与动量结合的双指标交易策略-Dual-Indicator-Trading-Strategy-Combining-Trend-Following-and-Momentum.md
468342,1d,PineScript,confirmed,intrabar_order,True,,yes,多周期EMA交叉结合VWAP的高胜率日内交易策略-Multi-Period-EMA-Crossover-with-VWAP-High-Win-Rate-Intraday-Trading-Strategy.md
469618,1d,PineScript,confirmed,intrabar_order,True,,yes,多指标交叉动量交易策略结合止盈止损优化系统-Multi-Indicator-Crossover-Momentum-Trading-Strategy-with-Optimized-Take-Profit-and-Stop-Loss-System.md
471673,1d,PineScript,confirmed,intrabar_order,False,,yes,RSI动态止损智能交易策略-RSI-Dynamic-Stop-Loss-Intelligent-Trading-Strategy.md
471690,1d,PineScript,confirmed,intrabar_order,False,,yes,开放市场曝光度动态调仓量化交易策略-Open-Market-Exposure-Dynamic-Position-Adjustment-Quantitative-Trading-Strategy.md
471694,1d,PineScript,confirmed,intrabar_order,True,,yes,多周期RSI动量与三重EMA趋势跟踪复合策略-Multi-Period-RSI-Momentum-and-Triple-EMA-Trend-Following-Composite-Strategy.md
471697,1d,PineScript,confirmed,intrabar_order,False,,yes,多重技术指标交叉动量量化交易策略-基于EMARSI和ADX的整合分析-Multi-Technical-Indicator-Crossover-Momentum-Quantitative-Trading-Strategy-Integration-Analysis-Based-on-EMA-RSI-and-ADX.md
471703,1d,PineScript,confirmed,intrabar_order,True,,yes,布林带动量趋势跟踪量化策略-Bollinger-Bands-Momentum-Trend-Following-Quantitative-Strategy.md
471713,1d,PineScript,confirmed,intrabar_order,False,possible,yes,基于ATR的多重趋势跟踪策略与止盈止损优化系统-ATR-Based-Multi-Trend-Following-Strategy-with-Take-Profit-and-Stop-Loss-Optimization-System.md
471714,1d,PineScript,confirmed,intrabar_order,False,,yes,趋势突破交易系统移动平均线突破策略-Trend-Breakout-Trading-System-with-Moving-Average-TBMA-Strategy.md
471721,1d,PineScript,confirmed,intrabar_order,True,,yes,多策略自适应趋势跟踪与突破交易系统-Multi-Strategy-Adaptive-Trend-Following-and-Breakout-Trading-System.md
472248,1d,PineScript,confirmed,intrabar_order,True,,yes,多重EMA交叉趋势跟踪与动态止盈止损优化策略-Multi-EMA-Crossover-Trend-Following-Strategy-with-Dynamic-Stop-Loss-and-Take-Profit-Optimization.md
472251,1d,PineScript,confirmed,intrabar_order,True,,yes,EMA双均线交叉动态止盈止损量化交易策略-Dynamic-Take-Profit-Stop-Loss-EMA-Crossover-Quantitative-Trading-Strategy.md
472253,1d,PineScript,confirmed,intrabar_order,True,,yes,强化波林格均值回归量化策略-Enhanced-Bollinger-Mean-Reversion-Quantitative-Strategy.md
472933,1d,PineScript,confirmed,intrabar_order,False,,yes,增强型多周期动态自适应趋势跟踪交易系统-Enhanced-Multi-Period-Dynamic-Adaptive-Trend-Following-Trading-System.md
472936,1d,PineScript,confirmed,intrabar_order,True,,yes,多重均线趋势动量识别与止损交易系统-Multi-EMA-Trend-Momentum-Recognition-and-Stop-Loss-Trading-System.md
472951,1d,PineScript,confirmed,intrabar_order,True,,yes,多重时间框架趋势跟踪交易系统MTF-ATR-MACD-Multi-Timeframe-Trend-Following-Trading-System-with-ATR-and-MACD-Integration.md
473123,1d,PineScript,confirmed,intrabar_order,True,,yes,自适应波动率与动量量化交易系统AVMQTS-Adaptive-Volatility-and-Momentum-Quantitative-Trading-System-AVMQTS.md
473130,1d,PineScript,confirmed,intrabar_order,True,,yes,VWAP-ATR动态价格行为交易系统-VWAP-ATR-Dynamic-Price-Action-Trading-System.md
473147,1d,PineScript,confirmed,intrabar_order,True,,yes,指数移动平均线交叉策略与止损止盈优化系统-EMA-Crossover-Strategy-with-Stop-Loss-and-Take-Profit-Optimization-System.md
473148,1d,PineScript,confirmed,intrabar_order,False,,yes,多重均线支撑位假突破策略结合ATR止损系统-Multi-SMA-Support-Level-False-Breakout-Strategy-with-ATR-Stop-Loss-System.md
473153,1d,PineScript,confirmed,intrabar_order,True,,yes,基于布林带和RSI的动态成本平均策略系统-Dynamic-Cost-Averaging-Strategy-System-Based-on-Bollinger-Bands-and-RSI.md
473154,1d,PineScript,confirmed,intrabar_order,True,,yes,多周期趋势跟踪与ATR波动率管理策略-Multi-Timeframe-Trend-Following-Strategy-with-ATR-Volatility-Management.md
473155,1d,PineScript,confirmed,intrabar_order,False,,yes,动态止盈智能追踪策略-Dynamic-Take-Profit-Smart-Trailing-Strategy.md
473162,1d,PineScript,confirmed,intrabar_order,True,,yes,多指标交叉趋势跟踪与量价结合的自适应交易策略-Multi-Indicator-Cross-Trend-Tracking-and-Volume-Price-Combined-Adaptive-Trading-Strategy.md
473236,1d,PineScript,confirmed,intrabar_order,True,,yes,多重技术指标趋势跟踪策略结合云图突破与止损系统-Multi-Technical-Indicator-Trend-Following-Strategy-with-Ichimoku-Cloud-Breakout-and-Stop-Loss-System.md
473237,1d,PineScript,confirmed,intrabar_order,True,,yes,T3均线趋势跟踪与移动止损量化交易策略-T3-Moving-Average-Trend-Following-Strategy-with-Trailing-Stop-Loss.md
473241,1d,PineScript,confirmed,intrabar_order,True,,yes,高频动态多指标均线交叉策略-High-Frequency-Dynamic-Multi-Indicator-Moving-Average-Crossover-Strategy.md
473242,1d,PineScript,confirmed,intrabar_order,False,,yes,双均线MACD交叉日期可调节量化交易策略-Dual-Moving-Average-MACD-Crossover-Date-Adjustable-Quantitative-Trading-Strategy.md
473247,1d,PineScript,confirmed,intrabar_order,False,,yes,ADX趋势突破动量交易策略-ADX-Trend-Breakout-Momentum-Trading-Strategy.md
473248,1d,PineScript,confirmed,intrabar_order,True,,yes,RSI-MACD多重信号交易系统结合动态止盈止损策略-RSI-MACD-Multi-Signal-Trading-System-with-Dynamic-Stop-Management.md
473252,1d,PineScript,confirmed,intrabar_order,False,,yes,三均线交叉均线跟踪交易策略结合动态止盈止损-Triple-EMA-Crossover-Trading-Strategy-with-Dynamic-Stop-Loss-and-Take-Profit.md
473261,1d,PineScript,confirmed,intrabar_order,False,,yes,RSI趋势动量交易策略结合双均线和成交量确认-RSI-Trend-Momentum-Trading-Strategy-with-Dual-MA-and-Volume-Confirmation.md
473263,1d,PineScript,confirmed,intrabar_order,True,,yes,ATR融合趋势优化模型策略-ATR-Fusion-Trend-Optimization-Model-Strategy.md
473264,1d,PineScript,confirmed,intrabar_order,True,,yes,基于标准差和移动平均线的Elders力量指数量化交易策略-Elders-Force-Index-Quantitative-Trading-Strategy-Based-on-Standard-Deviation-and-Moving-Averages.md
473265,1d,PineScript,confirmed,intrabar_order,False,,yes,多均线趋势跟踪与ATR动态目标策略-Multi-EMA-Trend-Following-Strategy-with-Dynamic-ATR-Targets.md
473268,1d,PineScript,confirmed,intrabar_order,True,,yes,双均线交叉动态优化量化交易策略-Dynamic-Dual-Moving-Average-Crossover-Quantitative-Trading-Strategy.md
473270,1d,PineScript,confirmed,intrabar_order,False,,yes,双移动均线趋势跟踪交易系统结合风险收益比优化策略-Dual-Moving-Average-Trend-Following-Trading-System-with-Risk-Reward-Ratio-Optimization-Strategy.md
473321,1d,PineScript,confirmed,intrabar_order,True,,yes,双均线动态趋势跟踪与智能风控策略-Dynamic-Dual-SMA-Trend-Following-Strategy-with-Smart-Risk-Management.md
473346,1d,PineScript,confirmed,intrabar_order,True,,yes,Adaptive-FVG-Detection-and-MA-Trend-Trading-Strategy-with-Dynamic-Resistance-基于时适-FVG-检测与移动平均趋势的动态阻力交易策略.md
473350,1d,PineScript,confirmed,intrabar_order,False,,yes,双均线趋势跟踪与ATR风控自适应交易策略-Dual-Moving-Average-Trend-Following-Strategy-with-ATR-Based-Risk-Management-System.md
473355,1d,PineScript,confirmed,intrabar_order,True,,yes,双均线交叉趋势跟踪策略结合风控与时间筛选系统-Dual-EMA-Crossover-Trend-Following-Strategy-with-Risk-Management-and-Time-Filtering-System.md
473358,1d,PineScript,confirmed,intrabar_order,True,,yes,多层级斐波那契均线趋势追踪策略-Multi-Level-Fibonacci-EMA-Trend-Following-Strategy.md
473360,1d,PineScript,confirmed,intrabar_order,True,,yes,多均线趋势追踪与RSI动量策略-Multi-MA-Trend-Following-with-RSI-Momentum-Strategy.md
473362,1d,PineScript,confirmed,intrabar_order,True,,yes,TRAMA双均线交叉智能量化交易策略-TRAMA-Dual-Moving-Average-Crossover-Intelligent-Quantitative-Trading-Strategy.md
473364,1d,PineScript,confirmed,intrabar_order,True,,yes,多重趋势跟踪与结构突破策略-Multi-Trend-Following-and-Structure-Breakout-Strategy.md
473372,1d,PineScript,confirmed,intrabar_order,False,,yes,动量指标波动阈值增强型交易策略-Momentum-Indicator-Oscillation-Threshold-Enhanced-Trading-Strategy.md
473377,1d,PineScript,confirmed,intrabar_order,True,,yes,多重指标趋势突破量化交易策略-Multi-Indicator-Trend-Breakout-Quantitative-Trading-Strategy.md
473382,1d,PineScript,confirmed,intrabar_order,True,,yes,多重趋势动量交叉策略结合波动率优化系统-Multi-Trend-Momentum-Crossover-Strategy-with-Volatility-Optimization-System.md
473388,1d,PineScript,confirmed,intrabar_order,False,,yes,动态ATR止损的RSI超卖弹性量化策略-Dynamic-ATR-Stop-Loss-RSI-Oversold-Rebound-Quantitative-Strategy.md
473389,1d,PineScript,confirmed,intrabar_order,False,,yes,动态RSI超卖反弹交易策略结合止损优化模型-Dynamic-RSI-Oversold-Rebound-Trading-Strategy-with-Stop-Loss-Optimization-Model.md
473391,1d,PineScript,confirmed,intrabar_order,True,,yes,Advanced-Fair-Value-Gap-Detection-Strategy-with-Dynamic-Risk-Management-and-Fixed-Take-Profit-基于动态风险管理和固定获利的高级公允价值缺口检测策略.md
473394,1d,PineScript,confirmed,intrabar_order,True,,yes,基于布林带和蜡烛图形态的动态波动率交易策略-Dynamic-Volatility-Trading-Strategy-Based-on-Bollinger-Bands-and-Candlestick-Patterns.md
473395,1d,PineScript,confirmed,intrabar_order,True,,yes,基于OBV-SMA交叉和RSI过滤的多维度动量交易策略-OBV-SMA-Crossover-with-RSI-Filter-Multi-Dimensional-Momentum-Trading-Strategy.md
473396,1d,PineScript,confirmed,intrabar_order,True,,yes,双EMA指标智能交叉交易系统与动态止盈止损策略-Dual-EMA-Indicator-Smart-Crossing-Trading-System-with-Dynamic-Stop-Loss-and-Take-Profit-Strategy.md
473399,1d,PineScript,confirmed,intrabar_order,True,,yes,多重波动趋势追踪价格变化分析策略-Multi-Wave-Trend-Following-Price-Analysis-Strategy.md
473706,1d,PineScript,confirmed,intrabar_order,True,,yes,双均线交叉结合RSI动量优化交易策略-Dual-EMA-Crossover-with-RSI-Momentum-Enhanced-Trading-Strategy.md
474025,1d,PineScript,confirmed,intrabar_order,True,,yes,EMA-MACD高频量化策略与智能风控系统-EMA-MACD-High-Frequency-Quantitative-Strategy-with-Smart-Risk-Management.md
474038,1d,PineScript,confirmed,intrabar_order,True,,yes,五均线RSI趋势跟踪动态通道交易系统-Five-EMA-RSI-Trend-Following-Dynamic-Channel-Trading-System.md
474050,1d,PineScript,confirmed,intrabar_order,True,,yes,多指标交叉动量趋势跟踪策略结合止盈止损优化系统-Multi-Indicator-Crossover-Momentum-Trend-Following-Strategy-with-Optimized-Take-Profit-and-Stop-Loss-System.md
474051,1d,PineScript,confirmed,intrabar_order,True,,yes,双均线动态突破交易系统Dynamic-Dual-Moving-Average-Breakthrough-Trading-System-Dynamic-Dual-Moving-Average-Breakthrough-Trading-System.md
474052,1d,PineScript,confirmed,intrabar_order,True,,yes,动态止损倍数多周期RSI趋势跟踪策略-Dynamic-Stop-Loss-Multi-Period-RSI-Trend-Following-Strategy.md
474058,1d,PineScript,confirmed,intrabar_order,True,,yes,多重均线交叉配合动量指标交易策略-Multi-EMA-Crossover-with-Momentum-Indicators-Trading-Strategy.md
474075,1d,PineScript,confirmed,intrabar_order,True,,yes,基于布林带和RSI的多维度动态突破交易系统-Multi-Dimensional-Dynamic-Breakout-Trading-System-Based-on-Bollinger-Bands-and-RSI.md
474632,1d,PineScript,confirmed,intrabar_order,False,,yes,多策略组合型技术分析交易系统-Multi-Strategy-Technical-Analysis-Trading-System.md
474633,1d,PineScript,confirmed,intrabar_order,False,,yes,趋势跟踪型EMA双线限价买入策略-Dual-EMA-Trend-Following-Strategy-with-Limit-Buy-Entry.md
474636,1d,PineScript,confirmed,intrabar_order,False,,yes,双均线交叉动态止盈止损量化策略-Dynamic-Dual-EMA-Crossover-Strategy-with-Adaptive-Profit-Loss-Control.md
474669,1d,PineScript,confirmed,intrabar_order,False,,yes,动态趋势线突破的高级多头策略-Advanced-Long-Only-Dynamic-Trendline-Breakout-Strategy.md
474676,1d,PineScript,confirmed,intrabar_order,True,,yes,EMA-SMA趋势跟踪与波段交易策略结合成交量过滤和百分比止盈止损系统-EMA-SMA-Trend-Following-with-Swing-Trading-Strategy-Combined-Volume-Filter-and-Percentage-Take-Profit-Stop-Loss-System.md
474679,1d,PineScript,confirmed,intrabar_order,True,,yes,日线区间突破单向交易策略-Daily-Range-Breakout-Single-Direction-Trading-Strategy.md
474682,1d,PineScript,confirmed,intrabar_order,True,,yes,多周期平滑Heikin-Ashi趋势跟踪量化交易系统-Multi-Timeframe-Smoothed-Heikin-Ashi-Trend-Following-Quantitative-Trading-System.md
474706,1d,PineScript,confirmed,intrabar_order,True,,yes,分型突破动量交易策略结合止盈优化法-Fractal-Breakout-Momentum-Trading-Strategy-with-Take-Profit-Optimization.md
474707,1d,PineScript,confirmed,intrabar_order,False,,yes,多重指标趋势跟踪与止盈优化策略-Multi-Indicator-Trend-Following-Strategy-with-Profit-Optimization.md
474709,1d,PineScript,confirmed,intrabar_order,True,,yes,增强型动量震荡与随机背离量化交易策略-Enhanced-Momentum-Oscillator-and-Stochastic-Divergence-Quantitative-Trading-Strategy.md
474720,1d,PineScript,confirmed,intrabar_order,True,,yes,黄金趋势通道反转突破动量策略-Gold-Trend-Channel-Reversal-Momentum-Strategy.md
474804,1d,PineScript,confirmed,intrabar_order,True,,yes,波动交易策略结合动态多空仓位和均线交叉信号系统-Dynamic-Long-Short-Swing-Trading-Strategy-with-Moving-Average-Crossover-Signal-System.md
474810,1d,PineScript,confirmed,intrabar_order,True,,yes,布林带突破结合均值回归的四小时级别量化交易策略-Bollinger-Breakout-with-Mean-Reversion-4H-Quantitative-Trading-Strategy.md
474837,1d,PineScript,confirmed,intrabar_order,True,,yes,变量指数动态均线多层利润趋势跟踪策略-Variable-Index-Dynamic-Average-Multi-Tier-Profit-Trend-Following-Strategy.md
474843,1d,PineScript,confirmed,intrabar_order,True,,yes,多重均线交叉动量趋势跟踪策略-Multi-EMA-Crossover-Momentum-Trend-Following-Strategy.md
474845,1d,PineScript,confirmed,intrabar_order,True,,yes,高频量化会话交易策略基于突破信号的自适应动态仓位管理系统-High-Frequency-Quantitative-Session-Trading-Strategy-Adaptive-Dynamic-Position-Management-System-Based-on-Breakout-Signals.md
474850,1d,PineScript,confirmed,intrabar_order,True,,yes,多市场自适应多指标组合趋势跟踪策略-Multi-Market-Adaptive-Multi-Indicator-Trend-Following-Strategy.md
474864,1d,PineScript,confirmed,intrabar_order,True,,yes,多指标趋势跟踪策略结合动态信道和移动平均的交易系统-Multi-Indicator-Trend-Following-Strategy-with-Dynamic-Channel-and-Moving-Average-Trading-System.md
474874,1d,PineScript,confirmed,intrabar_order,True,,yes,均线交叉结合RSI趋势动量跟踪策略-Moving-Average-Crossover-with-RSI-Trend-Momentum-Tracking-Strategy.md
474876,1d,PineScript,confirmed,intrabar_order,True,,yes,多周期趋势动态波幅跟踪策略-Multi-Timeframe-Trend-Dynamic-ATR-Tracking-Strategy.md
474884,1d,PineScript,confirmed,intrabar_order,True,,yes,基于支撑位突破的动态ATR趋势跟踪策略-Dynamic-ATR-Trend-Following-Strategy-Based-on-Support-Breakout.md
474954,1d,PineScript,confirmed,intrabar_order,True,,yes,多重均衡价格趋势跟踪与反转交易策略-Multi-Equilibrium-Price-Trend-Following-and-Reversal-Trading-Strategy.md
474958,1d,PineScript,confirmed,intrabar_order,True,,yes,双均线交叉风险收益智能调控策略-Dual-EMA-Crossover-Strategy-with-Smart-Risk-Reward-Control.md
474960,1d,PineScript,confirmed,intrabar_order,False,,yes,MACD-RSI趋势动量交叉策略结合风险管理模型-MACD-RSI-Trend-Momentum-Cross-Strategy-with-Risk-Management-Model.md
474964,1d,PineScript,confirmed,intrabar_order,True,,yes,双均线随机指标趋势跟踪交易策略-Dual-EMA-Stochastic-Trend-Following-Trading-Strategy.md
474982,1d,PineScript,confirmed,intrabar_order,True,,yes,动态双重超趋势量价策略-Dynamic-Dual-Supertrend-Volume-Price-Strategy.md
475588,1d,PineScript,confirmed,intrabar_order,True,,yes,双指数移动平均线与相对强弱指数交叉策略-Dual-Exponential-Moving-Average-and-Relative-Strength-Index-Crossover-Strategy.md
475589,1d,PineScript,confirmed,intrabar_order,False,,yes,动态风险管理的指数均线交叉策略-Dynamic-Risk-Managed-Exponential-Moving-Average-Crossover-Strategy.md
475592,1d,PineScript,confirmed,intrabar_order,True,,yes,多重时框趋势追踪与ATR止盈止损策略-Multi-Timeframe-Trend-Following-Strategy-with-ATR-Based-Take-Profit-and-Stop-Loss.md
475597,1d,PineScript,confirmed,intrabar_order,True,,yes,双均线趋势跟踪与风险控制策略-Dual-Moving-Average-Trend-Following-Strategy-with-Risk-Management.md
475602,1d,PineScript,confirmed,intrabar_order,True,,yes,多指标趋势跟踪期权交易EMA交叉策略-Multi-Indicator-Trend-Following-Options-Trading-EMA-Cross-Strategy.md
475623,1d,PineScript,confirmed,intrabar_order,True,,yes,突破结构与成交量确认的多重条件智能交易策略-Break-of-Structure-with-Volume-Confirmation-Multi-Condition-Intelligent-Trading-Strategy.md
475627,1d,PineScript,confirmed,intrabar_order,False,,yes,自适应指数均线动态调仓突破交易策略-Adaptive-EMA-Dynamic-Position-Break-out-Trading-Strategy.md
475637,1d,PineScript,confirmed,intrabar_order,True,,yes,多重均线协同趋势波动交易策略基于ATR动态风控-Multi-EMA-Trend-Following-Swing-Trading-Strategy-with-ATR-Based-Risk-Management.md
476245,1d,PineScript,confirmed,intrabar_order,True,,yes,动态趋势线突破反转交易策略-Dynamic-Trendline-Breakout-Reversal-Trading-Strategy.md
476247,1d,PineScript,confirmed,intrabar_order,True,,yes,多指标组合高频波段策略-Multi-Indicator-High-Frequency-Range-Trading-Strategy.md
476250,1d,PineScript,confirmed,intrabar_order,False,,yes,多级动态MACD趋势跟踪量化策略结合52周高低位延展研判系统-Multi-Level-Dynamic-MACD-Trend-Following-Strategy-with-52-Week-High-Low-Extension-Analysis-System.md
476254,1d,PineScript,confirmed,intrabar_order,True,,yes,基于标准化对数收益的自适应动态交易策略Adaptive-Dynamic-Trading-Strategy-Based-on-Standardized-Logarithmic-Returns.md
476256,1d,PineScript,confirmed,intrabar_order,True,,yes,多均线交叉结合震荡指标与支撑阻力动态交易策略-Multi-EMA-Cross-with-Oscillator-and-Dynamic-Support-Resistance-Trading-Strategy.md
476261,1d,PineScript,confirmed,intrabar_order,True,,yes,多层次机构订单流动量化策略与动态分仓优化系统-Multi-Level-Institutional-Order-Flow-Quantitative-Strategy-with-Dynamic-Position-Scaling-System.md
476263,1d,PineScript,confirmed,intrabar_order,False,,yes,动态移动均线交叉趋势跟踪策略-Dynamic-Moving-Average-Crossover-Trend-Following-Strategy-with-Adaptive-Risk-Management.md
476266,1d,PineScript,confirmed,intrabar_order,True,,yes,波林带结合伍迪CCI多重指标过滤交易信号策略-Multi-Indicator-Filtered-Trading-Strategy-with-Bollinger-Bands-and-Woodies-CCI.md
476274,1d,PineScript,confirmed,intrabar_order,True,,yes,基于移动平均交叉的风险收益比优化策略-Risk-Reward-Ratio-Optimized-Strategy-Based-on-Moving-Average-Crossover.md
476283,1d,PineScript,confirmed,intrabar_order,True,,yes,基于多重技术指标的高频交易动态优化策略-Multi-Technical-Indicator-Based-High-Frequency-Dynamic-Optimization-Strategy.md
477511,1d,PineScript,confirmed,intrabar_order,True,,yes,多层级多周期指数均线交叉动态盈利优化策略-Multi-Level-Multi-Period-EMA-Crossover-Dynamic-Take-Profit-Optimization-Strategy.md
477513,1d,PineScript,confirmed,intrabar_order,True,,yes,高级量化趋势追踪与云图反转复合交易策略-Advanced-Quantitative-Trend-Following-and-Cloud-Reversal-Composite-Trading-Strategy.md
477516,1d,PineScript,confirmed,intrabar_order,True,,yes,趋势跟踪型RSI与移动平均线组合量化交易策略-Trend-Following-RSI-and-Moving-Average-Combined-Quantitative-Trading-Strategy.md
477528,1d,PineScript,confirmed,intrabar_order,False,,yes,自适应通道突破策略与动态支阻位交易系统-Adaptive-Channel-Breakout-Strategy-with-Dynamic-Support-and-Resistance-Trading-System.md
477549,1d,PineScript,confirmed,intrabar_order,True,,yes,双均线交叉动态趋势追踪量化交易策略-Dual-EMA-Crossover-Dynamic-Trend-Following-Quantitative-Trading-Strategy.md
477560,1d,PineScript,confirmed,intrabar_order,True,,yes,动态ATR调整的指数均线交叉策略-Dynamic-ATR-Adjusted-EMA-Crossover-Strategy.md
477564,1d,PineScript,confirmed,intrabar_order,False,,yes,基于相对强弱与RSI的动态趋势跟踪套利策略-Dynamic-Trend-Following-Strategy-Based-on-Relative-Strength-and-RSI.md
477594,1d,PineScript,confirmed,intrabar_order,True,,yes,基于波尔贝尔指标与成交量分位过滤的多级动态止盈交易策略-Bull-Bear-Power-Trading-Strategy-with-Volume-Percentile-Based-Dynamic-Take-Profit-System.md
477595,1d,PineScript,confirmed,intrabar_order,True,likely,yes,基于DI指标的动态波动率趋势跟踪策略结合ATR止盈止损体系-Dynamic-Volatility-Adjusted-Trend-Following-Strategy-Based-on-DI-Indicators-with-ATR-Stop-Management.md
477604,1d,PineScript,confirmed,intrabar_order,True,,yes,高级MACD均线交叉交易策略结合自适应风险管理-Advanced-MACD-Crossover-Trading-Strategy-with-Adaptive-Risk-Management.md
477608,1d,PineScript,confirmed,intrabar_order,True,,yes,基于EMA平滑RSI和ATR动态止盈止损的多时序量化交易策略-Multi-Timeframe-Quantitative-Trading-Strategy-Based-on-EMA-Smoothed-RSI-and-ATR-Dynamic-Stop-Loss-Take-Profit.md
477610,1d,PineScript,confirmed,intrabar_order,True,,yes,基于动态波动率的高频指数均线交叉量化策略-Dynamic-Volatility-Driven-High-Frequency-EMA-Crossover-Quantitative-Strategy.md
477615,1d,PineScript,confirmed,intrabar_order,False,,yes,多周期超级趋势动态金字塔交易策略-Multi-Period-Supertrend-Dynamic-Pyramiding-Trading-Strategy.md
477944,1d,PineScript,confirmed,intrabar_order,True,,yes,动态支撑阻力枢轴自适应量化交易策略-Dynamic-Support-and-Resistance-Adaptive-Pivot-Trading-Strategy.md
477945,1d,PineScript,confirmed,intrabar_order,True,,yes,多周期布林带趋势突破策略结合波动率风控模型-Multi-Period-Bollinger-Bands-Trend-Breakout-Strategy-with-Volatility-Risk-Control-Model.md
477956,1d,PineScript,confirmed,intrabar_order,True,,yes,增强型量价趋势判断动量策略-Enhanced-Price-Volume-Trend-Momentum-Strategy.md
477958,1d,PineScript,confirmed,intrabar_order,True,,yes,高频量价趋势跟踪与成交量分析自适应策略-High-Frequency-Price-Volume-Trend-Following-with-Volume-Analysis-Adaptive-Strategy.md
477961,1d,PineScript,confirmed,intrabar_order,True,,yes,三重探底反弹突破动量策略-Triple-Bottom-Rebound-Momentum-Breakthrough-Strategy.md
477973,1d,PineScript,confirmed,intrabar_order,True,,yes,基于EMA马德里带和唐奇安通道的多模式止盈止损趋势跟踪策略-Multi-Mode-Take-Profit-Stop-Loss-Trend-Following-Strategy-Based-on-EMA-Madrid-Ribbon-and-Donchian-Channel.md
478695,1d,PineScript,confirmed,intrabar_order,True,,yes,基于移动平均线和Outside-Bar模式的双重趋势确认交易策略-Dual-Trend-Confirmation-Trading-Strategy-Based-on-Moving-Averages-and-Outside-Bar-Pattern.md
478706,1d,PineScript,confirmed,intrabar_order,True,,yes,三重均线趋势追踪多指标组合量化交易策略-Triple-EMA-Trend-Following-Multi-Indicator-Quantitative-Trading-Strategy.md
478716,1d,PineScript,confirmed,intrabar_order,True,,yes,多指标协同趋势反转量化交易策略-Multi-Indicator-Synergistic-Trend-Reversal-Quantitative-Trading-Strategy.md
478725,1d,PineScript,confirmed,intrabar_order,True,,yes,自适应多策略动态切换系统融合趋势跟踪与区间震荡的量化交易策略-Adaptive-Multi-Strategy-Dynamic-Switching-System-A-Quantitative-Trading-Strategy-Combining-Trend-Following-and-Range-Oscillation.md
478726,1d,PineScript,confirmed,intrabar_order,False,,yes,基于移动平均线和日内模式的智能追踪止损策略-SMA-Based-Intelligent-Trailing-Stop-Strategy-with-Intraday-Pattern-Recognition.md
478745,1d,PineScript,confirmed,intrabar_order,True,,yes,高级多指标趋势确认交易策略-Advanced-Multi-Indicator-Trend-Confirmation-Trading-Strategy.md
478748,1d,PineScript,confirmed,intrabar_order,True,,yes,多维度趋势判断与ATR动态止盈止损策略-Multi-Dimensional-Trend-Analysis-with-ATR-Based-Dynamic-Stop-Management-Strategy.md
478749,1d,PineScript,confirmed,intrabar_order,True,,yes,双指标动量趋势量化策略系统-Dynamic-Dual-Indicator-Momentum-Trend-Quantitative-Strategy-System.md
481101,1d,PineScript,confirmed,intrabar_order,True,,yes,高级多重趋势确认的EMA供需区域动态套利策略-Advanced-Multi-Trend-Confirmation-EMA-Supply-Demand-Zone-Dynamic-Scalping-Strategy.md
481110,1d,PineScript,confirmed,intrabar_order,True,,yes,增强型布林带动态止盈止损量化交易策略-Enhanced-Bollinger-Bands-Dynamic-SL-TP-Quantitative-Trading-Strategy.md
481346,1d,PineScript,confirmed,intrabar_order,True,,yes,多周期市场疲劳度分析策略与风险管理系统-Multi-Timeframe-Market-Exhaustion-Analysis-Strategy-with-Risk-Management-System.md
481347,1d,PineScript,confirmed,intrabar_order,True,,yes,动态RSI增强型指数均线趋势交易策略-Dynamic-RSI-Enhanced-EMA-Trend-Trading-Strategy.md
481349,1d,PineScript,confirmed,intrabar_order,True,,yes,跨周期动量均线交叉策略结合RSI与ATR动态止损-Cross-Period-Momentum-EMA-Strategy-with-RSI-and-Dynamic-ATR-Stop-Loss.md
481355,1d,PineScript,confirmed,intrabar_order,True,,yes,双指数平滑趋势跟踪交易系统-Dual-Exponential-Smoothing-Trend-Following-Trading-System.md
481366,1d,PineScript,confirmed,intrabar_order,True,,yes,基于凯特纳通道的灵活多空交易策略-Flexible-Long-Short-Trading-Strategy-Based-on-Keltner-Channels.md
482240,1d,PineScript,confirmed,intrabar_order,True,,yes,自适应分形网格波段交易策略与波动率阈值优化系统-Adaptive-Fractal-Grid-Scalping-Strategy-with-Volatility-Threshold-Optimization-System.md
482428,1d,PineScript,confirmed,intrabar_order,True,,yes,动态跟踪止损的三分之一K线量化交易策略-Dynamic-Third-Bar-Analysis-Strategy-with-Adaptive-Trailing-Stop.md
482450,1d,PineScript,confirmed,intrabar_order,True,,yes,动态EMA交叉与RSI协同交易系统-Dynamic-EMA-Crossover-with-RSI-Synergy-Trading-System.md
482456,1d,PineScript,confirmed,intrabar_order,True,,yes,多周期趋势跟踪与随机震荡优化策略-Multi-Timeframe-Trend-Following-with-Stochastic-Oscillator-Strategy.md
482457,1d,PineScript,confirmed,intrabar_order,False,likely,yes,ATR动态趋势跟踪与重入场交易策略-ATR-Dynamic-Trend-Following-with-Re-entry-Trading-Strategy.md
482500,1d,PineScript,confirmed,intrabar_order,True,,yes,多重指标交叉动态自适应趋势跟踪交易策略Multi-Indicator-Cross-Adaptive-Trend-Following-Trading-Strategy.md
482501,1d,PineScript,confirmed,intrabar_order,True,,yes,指数移动平均线交叉脉冲趋势分析交易策略-Exponential-Moving-Average-Cross-Impulsive-Trend-Analysis-Trading-Strategy.md
482506,1d,PineScript,confirmed,intrabar_order,False,,yes,基于均值回归的多层级支撑阻力周线交易策略-Multi-Level-Support-Resistance-Weekly-Mean-Reversion-Trading-Strategy.md
482594,1d,PineScript,confirmed,intrabar_order,True,,yes,混合型斐波那契动量均线交叉策略-Hybrid-Fibonacci-Momentum-MA-Crossover-Strategy.md
482652,1d,PineScript,confirmed,intrabar_order,True,,yes,多周期趋势跟踪与成交量分析的自适应风险策略-Multi-Period-Trend-Following-and-Volume-Analysis-Adaptive-Risk-Strategy.md
482666,1d,PineScript,confirmed,intrabar_order,False,,yes,基于量化动量的微回调突破策略-Quantitative-Momentum-Based-Micropullback-Breakout-Strategy.md
482669,1d,PineScript,confirmed,intrabar_order,True,,yes,双均线趋势判断与波动率止损策略-Dual-Moving-Average-Trend-Detection-with-Volatility-Based-Stop-Loss-Strategy.md
482678,1d,PineScript,confirmed,intrabar_order,True,,yes,MACD结合阿尔布鲁克斯价格行为的趋势跟踪策略-MACD-Based-Al-Brooks-Price-Action-Trend-Following-Strategy.md
482684,1d,PineScript,confirmed,intrabar_order,True,,yes,多重时间框架动态趋势跟踪策略结合EMA与ADX指标-Multi-Timeframe-Dynamic-Trend-Following-Strategy-with-EMA-and-ADX-Integration.md
482767,1d,PineScript,confirmed,intrabar_order,False,,yes,多指标交叉动态止盈止损趋势跟踪策略-Multi-Indicator-Crossover-Dynamic-Stop-Loss-Trend-Following-Strategy.md
482774,1d,PineScript,confirmed,intrabar_order,False,,yes,EMA交叉趋势追踪与ATR动态止损优化策略-EMA-Cross-Over-Trend-Following-Strategy-with-ATR-Dynamic-Stop-Loss-Optimization.md
482778,1d,PineScript,confirmed,intrabar_order,True,,yes,5均线即时背离突破交易策略-5-EMA-Instant-Divergence-Breakout-Trading-Strategy.md
482779,1d,PineScript,confirmed,intrabar_order,False,,yes,基于KAMA与MACD的自适应趋势跟踪量化交易策略-Adaptive-Trend-Following-Strategy-Based-on-KAMA-and-MACD-Integration.md
482780,1d,PineScript,confirmed,intrabar_order,False,,yes,基于波动率突破和多重技术指标的混合交易策略-Hybrid-Trading-Strategy-Based-on-Volatility-Breakout-and-Multiple-Technical-Indicators.md
482785,1d,PineScript,confirmed,intrabar_order,True,,yes,移动均线趋势向量量化交易策略-Moving-Average-Trend-Direction-Quantitative-Strategy-with-Cross-Validation.md
482793,1d,PineScript,confirmed,intrabar_order,False,,yes,基于趋势确认的多重指标动态止损策略-Trend-Confirmation-Multi-Indicator-Dynamic-Stop-Loss-Strategy.md
482803,1d,PineScript,confirmed,intrabar_order,False,,yes,基于Granville与MACD多重信号确认的趋势跟踪交易策略-Trend-Following-Trading-Strategy-Based-on-Granville-and-MACD-Multiple-Signal-Confirmation.md
482816,1d,PineScript,confirmed,intrabar_order,False,,yes,动态自适应多指标交叉策略结合SRSI和MACD的智能风控系统-Dynamic-Adaptive-Multi-Indicator-Crossing-Strategy-with-SRSI-MACD-Smart-Risk-Control-System.md
482822,1d,PineScript,confirmed,intrabar_order,True,,yes,ATR动态追踪止损的趋势跟踪交易系统-ATR-Dynamic-Trailing-Stop-Trend-Following-Trading-System.md
482837,1d,PineScript,confirmed,intrabar_order,True,,yes,多时间框架随机指标波段交易策略与动态止盈止损系统-Multi-Timeframe-Stochastic-Oscillator-Swing-Trading-Strategy-with-Dynamic-Take-Profit-and-Stop-Loss.md
482846,1d,PineScript,confirmed,intrabar_order,False,,yes,双均线止盈止损趋势交易策略-Dual-Moving-Average-Trend-Trading-Strategy-with-Stop-Loss-and-Take-Profit.md
482850,1d,PineScript,confirmed,intrabar_order,True,,yes,高频价格失衡区域动量交易策略基于指数均线和ATR动态止盈止损-High-Frequency-Fair-Value-Gap-Momentum-Trading-Strategy-with-EMA-and-ATR-Based-Dynamic-Exit.md
482855,1d,PineScript,confirmed,intrabar_order,True,,yes,Supertrend增强型吞没形态动态风控策略-Dynamic-Risk-Controlled-Supertrend-Engulfing-Pattern-Strategy.md
482856,1d,PineScript,confirmed,intrabar_order,True,,yes,基于动态成本平均与流动性波动的机构级做市商跟踪策略-Institutional-Market-Maker-Tracking-Strategy-with-Dynamic-Cost-Averaging-and-Liquidity-Flow-Analysis.md
482870,1d,PineScript,confirmed,intrabar_order,True,,yes,动态-EMA-交叉摆动高低点自适应策略-Dynamic-EMA-Crossover-with-Adaptive-Swing-High-Low-Strategy.md
482884,1d,PineScript,confirmed,intrabar_order,True,,yes,多重指标趋势交叉结合ATR动态波动策略-Multi-Indicator-Trend-Cross-with-ATR-Dynamic-Volatility-Strategy.md
482900,1d,PineScript,confirmed,intrabar_order,True,,yes,多指标趋势跟踪策略结合ATR动态止盈止损-Multi-Indicator-Trend-Following-Strategy-with-ATR-Dynamic-Stop-Loss-Take-Profit.md
482901,1d,PineScript,confirmed,intrabar_order,False,,yes,均线动态趋势跟踪与RSI-ADX复合指标交易策略-Dynamic-Moving-Average-Trend-Following-Strategy-with-RSI-ADX-Composite-Indicators.md
483034,1d,PineScript,confirmed,intrabar_order,True,,yes,零延迟趋势动量指标交易策略-Zero-Lag-Trend-Momentum-Indicator-Trading-Strategy.md
483061,1d,PineScript,confirmed,intrabar_order,True,,yes,基于唐奇安通道和移动平均线的趋势突破交易策略-Trend-Breakout-Trading-Strategy-Based-on-Donchian-Channel-and-Moving-Average.md
483066,1d,PineScript,confirmed,intrabar_order,True,,yes,动态趋势突破型指数平滑移动均线交叉策略-Dynamic-Trend-Breakthrough-Exponential-Moving-Average-Crossover-Strategy.md
483067,1d,PineScript,confirmed,intrabar_order,True,,yes,多指标融合自适应趋势交易策略-Multi-Indicator-Adaptive-Trend-Trading-Strategy.md
483076,1d,PineScript,confirmed,intrabar_order,False,,yes,动量多指标趋势跟踪策略唐奇安通道超级趋势成交量过滤建仓系统-Momentum-Multi-Indicator-Trend-Following-Strategy-Donchian-Channel-with-SuperTrend-and-Volume-Filter-Entry-System.md
483089,1d,PineScript,confirmed,intrabar_order,False,,yes,动态突破下降楔形趋势线量化交易策略-Dynamic-Breakout-Falling-Wedge-Trendline-Quantitative-Trading-Strategy.md
483096,1d,PineScript,confirmed,intrabar_order,True,,yes,RSI超买超卖交叉结合布林带动态止盈止损策略-RSI-Overbought-Oversold-Crossover-with-Bollinger-Bands-Dynamic-Stop-Loss-Strategy.md
483102,1d,PineScript,confirmed,intrabar_order,True,,yes,动态趋势反转与随机指标结合的自适应交易策略-Adaptive-Trading-Strategy-Combining-Dynamic-Trend-Reversal-and-Stochastic-Indicator.md
483118,1d,PineScript,confirmed,intrabar_order,False,possible,yes,多重均线趋势追踪与风控优化量化交易策略-Multi-Moving-Average-Trend-Following-and-Risk-Management-Quantitative-Trading-Strategy.md
483120,1d,PineScript,confirmed,intrabar_order,True,,yes,多重均线交叉与RSI动量联动短线自适应交易策略-Multi-EMA-Crossover-with-RSI-Momentum-Adaptive-Scalping-Strategy.md
483129,1d,PineScript,confirmed,intrabar_order,True,,yes,高级量化交易多均线交叉体系配合成交量过滤策略-Advanced-Quantitative-Trading-Multi-Moving-Average-Crossover-System-with-Volume-Filter-Strategy.md
483498,1d,PineScript,confirmed,intrabar_order,True,,yes,多核心回归动态反应器趋势跟踪策略-Multi-Kernel-Regression-Dynamic-Reactor-Trend-Following-Strategy.md
483503,1d,PineScript,confirmed,intrabar_order,True,,yes,动态双均线趋势跟踪策略-Dynamic-Dual-EMA-Trend-Following-Strategy.md
483518,1d,PineScript,confirmed,intrabar_order,True,,yes,基于RSI动量指标的自适应交易策略-Adaptive-Trading-Strategy-Based-on-RSI-Momentum-Indicator.md
483519,1d,PineScript,confirmed,intrabar_order,True,,yes,多重均线成交量净值震荡趋势转换交易策略-Multi-Moving-Average-Net-Volume-Oscillator-Trend-Reversal-Trading-Strategy.md
483681,1d,PineScript,confirmed,intrabar_order,True,,yes,双均线波动率自适应交易策略与多级利润优化系统-Dual-EMA-Volatility-Adaptive-Trading-Strategy-with-Multi-Tiered-Profit-Optimization-System.md
483937,1d,PineScript,confirmed,intrabar_order,True,,yes,SSL通道双阶梯利润策略-SSL-Channel-Dual-Tranche-Profit-Strategy.md
483938,1d,PineScript,confirmed,intrabar_order,True,,yes,高级自动交易策略多指标动量和支撑阻力趋势分析系统-Advanced-Automated-Trading-System-Multi-indicator-Momentum-and-Support-Resistance-Trend-Analysis.md
484092,1d,PineScript,confirmed,intrabar_order,True,,yes,ATR增强型蜡烛反转模式识别与风险管理策略-ATR-Enhanced-Candlestick-Reversal-Pattern-Recognition-and-Risk-Management-Strategy.md
484094,1d,PineScript,confirmed,intrabar_order,True,,yes,技术图形确认型多周期动量策略-Technical-Chart-Pattern-Confirmation-Momentum-Strategy.md
484574,1d,PineScript,confirmed,intrabar_order,False,,yes,指数移动平均突破倒轨交易系统-Exponential-Moving-Average-Breakout-Reversal-Trading-System.md
484580,1d,PineScript,confirmed,intrabar_order,True,,yes,布林带ATR风险回报比交易策略-Bollinger-Bands-ATR-Risk-Reward-Trading-Strategy.md
484597,1d,PineScript,confirmed,intrabar_order,True,,yes,融合布林带与RSI的动态多指标交易策略-Dynamic-Multi-Indicator-Trading-Strategy-Combining-Bollinger-Bands-and-RSI.md
484766,1d,PineScript,confirmed,intrabar_order,True,,yes,多通道自适应海龟交易策略结合动态止损策略-Multi-Channel-Adaptive-Turtle-Trading-Strategy-with-Dynamic-Stop-Loss-System.md
484914,1d,PineScript,confirmed,intrabar_order,True,,yes,增强型动态通道突破趋势跟踪交易系统-Enhanced-Dynamic-Channel-Breakout-Trend-Following-Trading-System.md
484917,1d,PineScript,confirmed,intrabar_order,True,,yes,多均线趋势突破回踩交易系统与ATR动态止损-Multi-MA-Trend-Breakout-Pullback-System-with-ATR-Dynamic-Stop-Loss.md
484924,1d,PineScript,confirmed,intrabar_order,True,,yes,多重技术指标黄金即时变动检测与风险管理策略-Multi-Technical-Indicator-Gold-Real-Time-Movement-Detection-and-Risk-Management-Strategy.md
485292,1d,PineScript,confirmed,intrabar_order,False,,yes,多时间框架趋势识别与蜡烛图模式交易策略-Multi-Timeframe-Trend-Recognition-and-Candlestick-Pattern-Trading-Strategy.md
488008,1d,PineScript,confirmed,intrabar_order,True,,yes,量子启发式概率趋势交易策略基于EMA和RSI的量化模型-Quantum-Inspired-Probability-Trend-Trading-Strategy-EMA-RSI-Based-Quantitative-Model.md
488032,1d,PineScript,confirmed,intrabar_order,True,,yes,高级动量趋势EMA交叉策略结合RSI确认系统-Advanced-Momentum-Trend-EMA-Crossover-Strategy-with-RSI-Confirmation-System.md
488034,1d,PineScript,confirmed,intrabar_order,True,,yes,马德里带状RSI增强型多时框EMA趋势策略-Madrid-Ribbon-RSI-Enhanced-Multi-Timeframe-EMA-Trend-Strategy.md
488149,1d,PineScript,confirmed,intrabar_order,True,,yes,双MACD趋势信号捕捉与过滤量化策略-Dual-MACD-Trend-Signal-Capture-and-Filtering-Quantitative-Strategy.md
488152,1d,PineScript,confirmed,intrabar_order,True,,yes,多均线趋势追踪与ATR风险管理量化交易策略-Multi-Moving-Average-Trend-Following-with-ATR-Risk-Management-Quantitative-Trading-Strategy.md
488156,1d,PineScript,confirmed,intrabar_order,True,,yes,流动性捕捉与智能资金分歧指标结合策略-Liquidity-Grab-Smart-Money-Divergence-Indicator-Combination-Strategy.md
488245,1d,PineScript,confirmed,intrabar_order,True,,yes,多重均线与ATR动态波动策略-Multi-Moving-Average-ATR-Dynamic-Volatility-Strategy.md
488249,1d,PineScript,confirmed,intrabar_order,True,,yes,相似矩形高度模式量化策略-Similar-Rectangle-Height-Pattern-Quantitative-Strategy.md
488267,1d,PineScript,confirmed,intrabar_order,True,,yes,Black-Scholes-Volatility-Adjusted-Dynamic-Breakout-Strategy-布莱克-斯科尔斯波动率调整动态突破策略.md
488275,1d,PineScript,confirmed,intrabar_order,True,,yes,Black-Scholes波动率自适应突破策略与动态阈值优化-Black-Scholes-Volatility-Adjusted-Breakout-with-Dynamic-Threshold-Optimization.md
488277,1d,PineScript,confirmed,intrabar_order,False,,yes,动量突破旗形模式交易策略基于量价确认的日内高频交易系统-Momentum-Breakout-Flag-Pattern-Trading-Strategy-Volume-Price-Confirmed-Intraday-High-Frequency-Trading-System.md
488279,1d,PineScript,confirmed,intrabar_order,True,,yes,多时段流动性扫荡趋势确认量化交易策略-Multi-Timeframe-Liquidity-Sweep-Trend-Confirmation-Quantitative-Trading-Strategy.md
488284,1d,PineScript,confirmed,intrabar_order,True,,yes,动态双EMA趋势捕捉与ATR风控量化策略-Dynamic-Dual-EMA-Trend-Capture-with-ATR-Risk-Management-Quantitative-Strategy.md
488517,1d,PineScript,confirmed,intrabar_order,True,,yes,基于核平滑多重均线的自适应趋势追踪系统-Adaptive-Trend-Following-System-with-Kernel-Smoothed-Multiple-Moving-Averages.md
488545,1d,PineScript,confirmed,intrabar_order,True,,yes,市场结构摆动交易策略-Market-Structure-Swing-Trading-Strategy.md
488546,1d,PineScript,confirmed,intrabar_order,False,,yes,动态趋势动量突破策略-Dynamic-Trend-Momentum-Breakout-Strategy.md
488846,1d,PineScript,confirmed,intrabar_order,False,,yes,多指标联动趋势突破量化交易策略-Multi-Indicator-Momentum-Breakout-Quantitative-Trading-Strategy.md
488883,1d,PineScript,confirmed,intrabar_order,True,,yes,高级动态范围突破趋势追踪策略-Advanced-Dynamic-Range-Breakout-Trend-Following-Strategy.md
488898,1d,PineScript,confirmed,intrabar_order,True,,yes,多因子趋势追踪动态风险管理股票交易策略-Multi-Factor-Trend-Tracking-Dynamic-Risk-Management-Stock-Trading-Strategy.md
488901,1d,PineScript,confirmed,intrabar_order,True,,yes,优化的基于平均真实波动范围的趋势策略v6固定趋势捕捉-Optimized-ATR-Based-Trend-Strategy-v6-Fixed-Trend-Capture.md
488908,1d,PineScript,confirmed,intrabar_order,True,,yes,动态多周期中轴趋势突破策略-Dynamic-Multi-Timeframe-Pivot-Trend-Breakthrough-Strategy.md
488909,1d,PineScript,confirmed,intrabar_order,True,,yes,PowerZone交易策略-PowerZone-Trading-Strategy.md
489016,1d,PineScript,confirmed,intrabar_order,True,,yes,自适应波动突破回撤交易策略-Adaptive-Volatility-Breakout-Retest-Trading-Strategy.md
489024,1d,PineScript,confirmed,intrabar_order,False,,yes,指数移动平均与动态追踪止损的多维度趋势交易系统-Multi-dimensional-Trend-Trading-System-with-EMA-and-Dynamic-Trailing-Stop.md
489031,1d,PineScript,confirmed,intrabar_order,True,,yes,自动化斐波那契回撤交易系统策略-Automated-Fibonacci-Retracement-Trading-System-Strategy.md
489038,1d,PineScript,confirmed,intrabar_order,True,,yes,基于布莱克-舒尔斯理论的突破交易量化策略与追踪止损优化系统-Black-Scholes-Volatility-Breakout-Trading-Strategy-with-Dynamic-Trailing-Stop-Optimization.md
489039,1d,PineScript,confirmed,intrabar_order,True,,yes,双模式自适应趋势交易策略EMA交叉结合ATR波动率风险管理系统-Dual-Mode-Adaptive-Trend-Trading-Strategy-EMA-Crossover-with-ATR-Volatility-Based-Risk-Management-System.md
489057,1d,PineScript,confirmed,intrabar_order,False,,yes,多时间框架EMA-RSI-AO-PSAR动态止盈止损策略-Multi-Timeframe-EMA-RSI-AO-PSAR-Dynamic-Stop-Loss-and-Take-Profit-Strategy.md
489152,1d,PineScript,confirmed,intrabar_order,True,,yes,移动平均线交叉与动态波动率止损量化策略-Moving-Average-Crossover-with-Dynamic-Volatility-Based-Stop-Loss-Strategy.md
489195,1d,PineScript,confirmed,intrabar_order,True,,yes,多时间框架成交量与趋势聚合交易策略-Multi-Timeframe-Volume-and-Trend-Confluence-Trading-Strategy.md
489281,1d,PineScript,confirmed,intrabar_order,True,,yes,多周期布林带突破回归交易策略-Multi-Timeframe-Bollinger-Band-Breakout-Reversion-Strategy.md
489284,1d,PineScript,confirmed,intrabar_order,True,,yes,多时间框架动量突破交易策略结合趋势跟踪与ATR风险管理-Multi-Timeframe-Momentum-Breakout-Trading-Strategy-with-Trend-Following-and-ATR-Risk-Management.md
489285,1d,PineScript,confirmed,intrabar_order,True,,yes,智能交易动量均线混合策略-Smart-Trading-Momentum-and-Moving-Average-Hybrid-Strategy.md
489295,1d,PineScript,confirmed,intrabar_order,True,,yes,多重蜡烛形态识别与自动交易策略-Multi-Candlestick-Pattern-Recognition-and-Automated-Trading-Strategy.md
489319,1d,PineScript,confirmed,intrabar_order,True,,yes,自动交易趋势追踪动态风险管理策略-Automated-Trading-Trend-Tracking-Dynamic-Risk-Management-Strategy.md
489320,1d,PineScript,confirmed,intrabar_order,True,,yes,多重时间框架自适应动态KDJ指标策略-Multi-Timeframe-Adaptive-Dynamic-KDJ-Indicator-Strategy.md
489330,1d,PineScript,confirmed,intrabar_order,True,,yes,多重过滤收敛短线交易策略技术分析方法-Multi-Filter-Convergence-Scalping-Strategy-Technical-Analysis-Approach.md
489333,1d,PineScript,confirmed,intrabar_order,True,,yes,高级价格行情突破与反转检测策略-Advanced-Price-Action-Breakout-and-Reversal-Detection-Strategy.md
489633,1d,PineScript,confirmed,intrabar_order,True,,yes,Alpha-Beast-高级量化交易策略多指标协同动态风控系统-Alpha-Beast-Advanced-Quantitative-Trading-Strategy-Multi-Indicator-Synergistic-Dynamic-Risk-Control-System.md
489651,1d,PineScript,confirmed,intrabar_order,False,,yes,动态趋势过滤ATM期权卖出策略结合EMA交叉与RSI动量确认-Dynamic-Trend-Filtered-ATM-Option-Selling-Strategy-with-EMA-Crossover-and-RSI-Momentum-Confirmation.md
489652,1d,PineScript,confirmed,intrabar_order,True,,yes,多指标联动反转点捕捉交易策略-Multi-Indicator-Reversal-Point-Capture-Trading-Strategy.md
489654,1d,PineScript,confirmed,intrabar_order,True,,yes,三重指数移动平均与三重相对移动平均自适应通道交叉策略-Triple-EMA-and-Triple-RMA-Adaptive-Channel-Crossover-Strategy.md
489737,1d,PineScript,confirmed,intrabar_order,True,,yes,高效趋势捕捉型指数移动平均线交叉与动态追踪止损策略-Advanced-Trend-Capture-EMA-Crossover-Strategy-with-Dynamic-Trailing-Stop.md
490057,1d,PineScript,confirmed,intrabar_order,True,,yes,多指标趋势突破动态止损量化交易策略-Multi-Indicator-Trend-Breakout-Strategy-with-Dynamic-Stop-Loss.md
490060,1d,PineScript,confirmed,intrabar_order,True,,yes,多指标交叉动量趋势追踪策略Hull与EMA结合RSI和双重随机震荡器的量化交易系统-Multi-Indicator-Crossover-Momentum-Trend-Following-Strategy-Quantitative-Trading-System-Combining-Hull-with-EMA-RSI-and-Dual-Stochastic-Oscillators.md
490804,1d,PineScript,confirmed,intrabar_order,True,,yes,多指标协同短线趋势跟踪策略-Multi-Indicator-Synergistic-Short-Term-Trend-Following-Strategy.md
490805,1d,PineScript,confirmed,intrabar_order,True,,yes,移动平均与动量蜡烛趋势跟踪系统-Moving-Average-and-Momentum-Candle-Trend-Following-System.md
490908,1d,PineScript,confirmed,intrabar_order,True,,yes,多时间尺度动量趋势追踪与风险管理量化交易策略-Multi-Timeframe-Momentum-Trend-Tracking-and-Risk-Management-Quantitative-Trading-Strategy.md
491044,1d,PineScript,confirmed,intrabar_order,True,,yes,多时间框架趋势确认量化突破交易策略-Multi-Timeframe-Trend-Confirmed-Quantitative-Breakout-Trading-Strategy.md
491508,1d,PineScript,confirmed,intrabar_order,True,,yes,均线交叉与多指标动量风险控制策略-Multi-Indicator-Momentum-Strategy-with-EMA-Crossover-and-Risk-Management.md
491511,1d,PineScript,confirmed,intrabar_order,True,,yes,多指标融合自动化交易系统SuperTrend-ATR-RSI动态风控策略-Multi-Indicator-Fusion-Automated-Trading-System-SuperTrend-ATR-RSI-Dynamic-Risk-Control-Strategy.md
491514,1d,PineScript,confirmed,intrabar_order,True,,yes,RSI与SuperTrend过滤策略组合系统趋势确认下的动量反转交易框架-RSI-and-SuperTrend-Filter-Combination-System-Momentum-Reversal-Trading-Framework-with-Trend-Confirmation.md
491645,1d,PineScript,confirmed,intrabar_order,True,,yes,多信号组合自适应交易策略-Multi-Signal-Adaptive-Trading-Strategy.md
491895,1d,PineScript,confirmed,intrabar_order,True,,yes,基于枢轴点的成交量加权突破-反转策略-Pivot-Based-Volume-Weighted-Breakout-Reversal-Strategy.md
491897,1d,PineScript,confirmed,intrabar_order,True,,yes,多因子趋势追踪量化策略-Multi-Factor-Trend-Following-Quantitative-Strategy.md
492007,1d,PineScript,confirmed,intrabar_order,True,,yes,RSI动态背离量化策略-RSI-Dynamic-Divergence-Quantitative-Strategy.md
426621,2d,PineScript,confirmed,intrabar_order,True,,yes,基于随机运气的简单交易策略Simple-Trading-Strategy-Based-on-Random-Luck.md
429148,2d,PineScript,confirmed,intrabar_order,False,,yes,双重平滑移动平均线交易策略Dual-Smooth-Moving-Average-Trading-Strategy.md
442222,2d,PineScript,confirmed,intrabar_order,True,,yes,跨均线反转策略Cross-Moving-Average-Reversal-Strategy.md
468315,2d,PineScript,confirmed,intrabar_order,True,,yes,RSI多区间交易策略-Multi-Zone-RSI-Trading-Strategy.md
471689,2d,PineScript,confirmed,intrabar_order,True,,yes,高胜率趋势均值回归交易策略-High-Win-Rate-Trend-Mean-Reversion-Trading-Strategy.md
473365,2d,PineScript,confirmed,intrabar_order,True,,yes,双均线交叉自适应参数择时交易策略-Dual-Moving-Average-Crossover-Adaptive-Parameter-Trading-Strategy.md
473367,2d,PineScript,confirmed,intrabar_order,True,,yes,RSI与EMA结合的动态多周期量化交易策略-Dynamic-Multi-Period-Quantitative-Trading-Strategy-Combining-RSI-and-EMA.md
473401,2d,PineScript,confirmed,intrabar_order,True,,yes,四周期均线突破交易策略与动态止盈止损系统-Four-Period-SMA-Breakthrough-Trading-Strategy-with-Dynamic-Profit-Loss-Management-System.md
473412,2d,PineScript,confirmed,intrabar_order,True,,yes,多重指数均线交叉战略结合交易量ATR动态止损优化策略-Multi-Exponential-Moving-Average-Crossover-Strategy-with-Volume-Based-ATR-Dynamic-Stop-Loss-Optimization.md
473936,2d,PineScript,confirmed,intrabar_order,True,,yes,布林带高频量化策略结合过高低点突破的多空策略-Bollinger-Bands-High-Frequency-Quantitative-Strategy-Combined-with-High-Low-Breakout-System.md
474717,2d,PineScript,confirmed,intrabar_order,True,,yes,高级指数移动平均动量趋势交易策略-Advanced-EMA-Momentum-Trend-Trading-Strategy.md
474844,2d,PineScript,confirmed,intrabar_order,True,,yes,布林带趋势突破增强型量化策略结合指标动量过滤系统-Enhanced-Bollinger-Breakout-Quantitative-Strategy-with-Momentum-Filter-Integration-System.md
475594,2d,PineScript,confirmed,intrabar_order,False,,yes,基于RSI动量和ADX趋势强度的资金管理系统-RSI-Momentum-and-ADX-Trend-Strength-Based-Capital-Management-System.md
477565,2d,PineScript,confirmed,intrabar_order,True,,yes,多时间周期动态信号组合的ICT智能结构突破策略-Multi-Period-Dynamic-Signal-Integration-ICT-Smart-Structure-Breakthrough-Strategy.md
478727,2d,PineScript,confirmed,intrabar_order,True,,yes,双重交叉趋势追踪策略指数均线与MACD协同交易系统-Dual-Crossover-Trend-Following-Strategy-EMA-and-MACD-Synergistic-Trading-System.md
481109,2d,PineScript,confirmed,intrabar_order,False,,yes,多重目标移动均线交叉趋势跟踪策略-Multi-Target-EMA-Crossover-Trend-Following-Strategy.md
481350,2d,PineScript,confirmed,intrabar_order,True,,yes,三重均线动量趋势交易策略-Triple-Moving-Average-Momentum-Trend-Trading-Strategy.md
482419,2d,PineScript,confirmed,intrabar_order,True,,yes,趋势动量策略-之字形多重周期动态波段择时系统-Trend-Momentum-Strategy-Multi-Period-Dynamic-ZigZag-Wave-Timing-System.md
482644,2d,PineScript,confirmed,intrabar_order,True,,yes,动态RSI突破趋势跟踪交易策略结合风险收益比优化系统-Dynamic-RSI-Breakout-Trend-Following-Trading-Strategy-with-Risk-Reward-Ratio-Optimization-System.md
482840,2d,PineScript,confirmed,intrabar_order,True,,yes,指数移动平均线交叉结合动态止损策略-EMA-Crossover-Strategy-with-Dynamic-Trailing-Stop-Loss.md
482841,2d,PineScript,confirmed,intrabar_order,True,,yes,动态自适应多时间周期趋势跟踪与震荡反转复合策略-Dynamic-Adaptive-Multi-Timeframe-Trend-Following-and-Range-Reversal-Hybrid-Strategy.md
482877,2d,PineScript,confirmed,intrabar_order,True,,yes,双均线交叉与相对强弱指数结合的自适应趋势跟踪策略-Adaptive-Trend-Following-Strategy-Combining-Dual-Moving-Average-Crossover-and-RSI.md
482899,2d,PineScript,confirmed,intrabar_order,True,,yes,动态突破追踪止损交易策略基于波动率的多周期价格突破模型-Dynamic-Breakout-Trading-Strategy-with-Multi-Period-Volatility-Based-Price-Breakthrough-Model.md
483044,2d,PineScript,confirmed,intrabar_order,True,,yes,动态多指标优化趋势追踪策略-Dynamic-Multi-Indicator-Optimized-Trend-Following-Strategy.md
483049,2d,PineScript,confirmed,intrabar_order,False,,yes,基于支持位和趋势EMA的多空策略-Support-Level-and-Trend-EMA-Based-Long-Strategy.md
483124,2d,PineScript,confirmed,intrabar_order,True,,yes,多重指标交叉智能型趋势交易策略-Multi-Indicator-Cross-Intelligence-Trend-Trading-Strategy.md
483683,2d,PineScript,confirmed,intrabar_order,True,likely,yes,多指标加权智能交易策略-Multi-Indicator-Weighted-Smart-Trading-Strategy.md
483793,2d,PineScript,confirmed,intrabar_order,True,,yes,增强型十字星烛台趋势反转量化交易策略-Enhanced-Doji-Candlestick-Trend-Reversal-Quantitative-Trading-Strategy.md
484096,2d,PineScript,confirmed,intrabar_order,True,,yes,动态色彩阈值波动分析交易策略-Dynamic-Color-Threshold-Volatility-Analysis-Trading-Strategy.md
484101,2d,PineScript,confirmed,intrabar_order,True,,yes,多维图表模式量化策略融合头肩顶底与双顶底形态的技术分析交易系统-Multi-Dimensional-Chart-Pattern-Quantitative-Strategy-A-Technical-Analysis-Trading-System-Integrating-Head-and-Shoulders-and-Double-Top-Bottom-Formations.md
484109,2d,PineScript,confirmed,intrabar_order,True,,yes,动态风险管理的快速均线交叉动量捕捉策略-Dynamic-Risk-Managed-Rapid-SMA-Crossover-Momentum-Capture-Strategy.md
488004,2d,PineScript,confirmed,intrabar_order,True,,yes,多指标动态趋势跟踪交易系统EMA交叉MACD动量过滤ATR风险管理策略-Multi-Indicator-Dynamic-Trend-Following-Trading-System-EMA-Crossover-MACD-Momentum-Filter-ATR-Risk-Management-Strategy.md
488247,2d,PineScript,confirmed,intrabar_order,True,,yes,动态波幅突破型布林带交易系统-Dynamic-Breakout-Bollinger-Bands-Trading-System.md
488280,2d,PineScript,confirmed,intrabar_order,False,,yes,动态公允价值缺口日内交易策略基于SMC理论的多时间框架回测系统-Dynamic-Fair-Value-Gap-Intraday-Trading-Strategy-A-Multi-Timeframe-Backtesting-System-Based-on-Smart-Money-Concept-Theory.md
488865,2d,PineScript,confirmed,intrabar_order,True,,yes,AI驱动的动态波动率适应型趋势突破交易策略-AI-Driven-Dynamic-Volatility-Adaptive-Trend-Breakout-Trading-Strategy.md
489006,2d,PineScript,confirmed,intrabar_order,True,,yes,多时间框架智能资金概念支撑压力动态交易策略-Multi-Timeframe-Smart-Money-Concept-Support-and-Resistance-Dynamic-Trading-Strategy.md
489135,2d,PineScript,confirmed,intrabar_order,True,,yes,多重技术指标动态止损期货交易策略-Multi-Technical-Indicator-Dynamic-Stop-Loss-Futures-Trading-Strategy.md
489650,2d,PineScript,confirmed,intrabar_order,True,,yes,动态波动率自适应EMAxRSI交叉策略-Dynamic-Volatility-Adaptive-EMA-RSI-Crossover-Strategy.md
489653,2d,PineScript,confirmed,intrabar_order,True,,yes,双指数均线交叉与尾随止损结合的量化交易策略-Dual-EMA-Crossover-Strategy-with-Dynamic-Trailing-Stop-Mechanism.md
489656,2d,PineScript,confirmed,intrabar_order,True,,yes,动态ATR网格回撤捕捉量化交易策略-Dynamic-ATR-Grid-Pullback-Capture-Quantitative-Trading-Strategy.md
489659,2d,PineScript,confirmed,intrabar_order,False,,yes,价值突破追踪止损策略基于局部极值的自动交易机器人-Value-Breakthrough-Trailing-Stop-Strategy-Automated-Trading-Robot-Based-on-Local-Extremes.md
489966,2d,PineScript,confirmed,intrabar_order,True,,yes,多指标协同动态风险管理短线交易策略EMAMACDRSI结合ATR自适应止损止盈技术-Multi-Indicator-Synergistic-Dynamic-Risk-Management-Scalping-Strategy-EMAMACDRSI-with-ATR-Adaptive-Stop-Loss-Take-Profit-Technique.md
491509,2d,PineScript,confirmed,intrabar_order,True,,yes,多指标综合订单流交易自动化均衡策略系统-Multi-Indicator-Integrated-Order-Flow-Trading-Automation-Equilibrium-Strategy-System.md
434445,3d,PineScript,confirmed,intrabar_order,True,,yes,均线黄金交叉1止盈策略1-Profit-Moving-Average-Cross-Strategy.md
473709,3d,PineScript,confirmed,intrabar_order,True,,yes,RSI与Supertrend趋势跟踪型自适应波动策略-RSI-and-Supertrend-Trend-Following-Adaptive-Volatility-Strategy.md
482420,3d,PineScript,confirmed,intrabar_order,True,,yes,开盘收盘均线交叉结合ADX动态指标的量化交易策略-Opening-and-Closing-Moving-Average-Crossover-Strategy-with-ADX-Dynamic-Indicator.md
488021,3d,PineScript,confirmed,intrabar_order,True,,yes,动态阻力与支撑的双K线形态ATR风险控制量化交易策略-Dynamic-Resistance-and-Support-Dual-Candlestick-Pattern-ATR-Risk-Management-Quantitative-Trading-Strategy.md
489158,3d,PineScript,confirmed,intrabar_order,False,,yes,高级双均线策略交叉交易系统-Advanced-Dual-Moving-Average-Crossover-Trading-System.md
489187,3d,PineScript,confirmed,intrabar_order,True,,yes,幽灵移动平均与动量结合的斐波那契目标价与止损策略-Ghost-Moving-Average-with-Momentum-Integration-and-Fibonacci-Target-Stop-Loss-Strategy.md
426555,4d,PineScript,confirmed,intrabar_order,False,,yes,盘前突破交易策略Pre-Market-Breakout-Trading-Strategy.md
426576,4d,PineScript,confirmed,intrabar_order,False,,yes,RSI均线移动止损止盈策略RSI-Moving-Average-Trailing-Stop-Strategy.md
426604,4d,PineScript,confirmed,intrabar_order,True,,yes,基于RSI指标的双重超买超卖策略Dual-Overbought-Oversold-Strategy-Based-on-RSI-Indicator.md
427811,4d,PineScript,confirmed,intrabar_order,True,,yes,威廉姆斯鳄鱼点差交易策略Williams-Alligator-Scalping-Strategy.md
483123,4d,PineScript,confirmed,intrabar_order,True,,yes,趋势跟踪型双均线交叉策略结合SMA趋势过滤系统-Trend-Following-Dual-EMA-Crossover-Strategy-with-SMA-Trend-Filtering-System.md
482797,5d,PineScript,confirmed,intrabar_order,True,,yes,量化价格行为突破动态风险收益比交易策略-Dynamic-Risk-Reward-Price-Action-Breakout-Trading-Strategy.md
489010,6d,PineScript,confirmed,intrabar_order,True,likely,yes,多层级布林带趋势跟踪与反转交易策略-Multi-level-Bollinger-Bands-Trend-Following-and-Reversal-Trading-Strategy.md
362055,2h,PineScript,probable,close_based_stop,True,,no,Big-Snapper-Alerts-R30-Chaiking-Volatility-condition-TP-RSI.md
365078,2h,PineScript,probable,stop_and_reverse,True,,no,ATR-Smoothed.md
426809,2h,PineScript,probable,stop_and_reverse,True,,no,神经网络超级趋势策略Neural-Network-Super-Trend-Strategy.md
427354,2h,PineScript,probable,close_based_stop,True,,no,基于EMA和累积成交量的多空交易策略EMA-and-Cumulative-Volume-Crossover-Strategy-for-Long-Short.md
428975,2h,PineScript,probable,stop_and_reverse,True,,no,基于弹性停损的追踪止损策略PB-SAR-Backtest-Strategy-with-Elastic-Stop-Loss.md
430171,2h,PineScript,probable,close_based_stop,True,,no,超短期动量突破交易策略SSL-Channel-Breakout-Strategy-with-Trailing-Stop-Loss.md
430583,2h,PineScript,probable,close_based_stop,False,,no,三内在上涨反转策略Three-Inside-Up-Reversal-Strategy.md
437017,2h,PineScript,probable,close_based_stop,True,,no,双EMA金叉死叉趋势策略Dual-EMA-Crossover-Trend-Strategy.md
437555,2h,PineScript,probable,close_based_stop,True,,no,均线叉趋势追踪策略Crossing-Moving-Average-Trend-Tracking-Strategy.md
439076,2h,PineScript,probable,close_based_stop,True,,no,一种趋势跟踪动态通道突破策略Dynamic-Channel-Breakout-Strategy.md
439751,2h,PineScript,probable,close_based_stop,True,,no,基于ZigZag的多种形态识别短线交易策略ZigZag-Pattern-Recognition-Short-term-Trading-Strategy.md
440441,2h,PineScript,probable,close_based_stop,True,,no,基于MACD和RSI的5分钟动量交易策略MACD-and-RSI-Based-5-Minute-Momentum-Trading-Strategy.md
440467,2h,PineScript,probable,close_based_stop,True,,no,基于多指标的趋势跟踪策略Trend-Following-Strategy-Based-on-Multiple-Indicators.md
441066,2h,PineScript,probable,close_based_stop,True,,no,双重MA指标震荡价格追踪策略Dual-MA-Indicator-Oscillating-Price-Tracking-Strategy.md
441076,2h,PineScript,probable,stop_and_reverse,True,,no,基于超趋势通道的量化交易策略Quant-Trading-Strategy-Based-on-SuperTrend-Channel.md
442622,2h,PineScript,probable,close_based_stop,False,,no,动态回归通道策略Dynamic-Regression-Channel-Strategy.md
443107,2h,PineScript,probable,close_based_stop,False,,no,动量指标与移动平均线结合做多策略Momentum-and-Moving-Average-Combination-Long-Strategy.md
443643,2h,PineScript,probable,close_based_stop,False,likely,no,连续K线反转突破策略Consecutive-Candlestick-Reversal-Breakout-Strategy.md
458150,2h,PineScript,probable,close_based_stop,True,,no,AlphaTrend与KAMA结合的自适应趋势跟踪与风险管理策略Adaptive-Trend-Following-Strategy-Combining-AlphaTrend-and-KAMA-with-Risk-Management.md
468331,2h,PineScript,probable,stop_and_reverse,True,,no,多指标组合动态止损趋势跟踪策略-Multi-Indicator-Dynamic-Stop-Loss-Trend-Following-Strategy.md
482421,2h,PineScript,probable,close_based_stop,False,,no,基于双均线和交易量的趋势突破交易策略-Trend-Breakout-Trading-Strategy-Based-on-Dual-Moving-Averages-and-Volume.md
486572,2h,PineScript,probable,close_based_stop,True,,no,高级EMA交叉动量趋势捕捉策略-Advanced-EMA-Crossover-Momentum-Trend-Capture-Strategy.md
488263,2h,PineScript,probable,close_based_stop,True,,no,SuperTrend动态止盈与时间过滤器策略波动适应型量化交易系统-SuperTrend-Dynamic-Take-Profit-with-Time-Filter-Strategy-Volatility-Adaptive-Quantitative-Trading-System.md
488265,2h,PineScript,probable,close_based_stop,True,,no,趋势回调可调整风险动态进场策略-Trend-Retracement-Dynamic-Entry-Strategy-with-Adjustable-Risk-Management.md
488287,2h,PineScript,probable,close_based_stop,False,,no,动态ATR波段突破交易策略与多层次风险管理-Dynamic-ATR-Swing-Breakout-Strategy-with-Multi-Tiered-Risk-Management.md
427064,3h,PineScript,probable,close_based_stop,False,,no,RSI-W形态突破策略RSI-W-Pattern-Breakout-Strategy.md
427996,3h,PineScript,probable,close_based_stop,False,,no,基于趋势追踪的短线交易策略Short-term-Trading-Strategy-Based-on-Trend-Following.md
428576,3h,PineScript,probable,intrabar_order,False,,yes,突破波动带交易策略Breakout-Bollinger-Band-Trading-Strategy.md
428682,3h,PineScript,probable,close_based_stop,False,,no,基于SMA和RSI的短线双重过滤策略SMA-RSI-Double-Filter-Short-term-Trading-Strategy.md
439036,3h,PineScript,probable,close_based_stop,False,,no,偏反指标回测策略Key-Reversal-Backtest-Strategy.md
440832,3h,PineScript,probable,close_based_stop,False,,no,基于RSI的追踪趋势策略Trend-Following-RSI-Scalping-Strategy.md
440962,3h,PineScript,probable,close_based_stop,True,,no,趋势顺势RSI波动捕捉策略Trend-Riding-RSI-Swing-Capture-Strategy.md
441073,3h,PineScript,probable,close_based_stop,False,,no,双移动均线追踪止损策略Dual-Moving-Average-Tracking-Stop-Loss-Strategy.md
442833,3h,PineScript,probable,close_based_stop,True,,no,RSI指标多空分离交易策略RSI-Indicator-Long-Short-Separation-Trading-Strategy.md
451395,3h,PineScript,probable,close_based_stop,True,,no,相对强弱指数均值回归策略Relative-Strength-Index-Mean-Reversion-Strategy.md
458063,3h,PineScript,probable,close_based_stop,False,,no,多重EMA交叉结合斐波那契扩展的趋势跟踪策略-Multi-EMA-Crossover-with-Fibonacci-Extension-Trend-Following-Strategy.md
481371,3h,PineScript,probable,close_based_stop,True,,no,多时间周期动态网格RSI趋势震荡交易策略-Multi-Timeframe-Dynamic-Grid-RSI-Trend-Oscillation-Trading-Strategy.md
489301,3h,PineScript,probable,close_based_stop,False,,no,量化多空趋势追踪动态止损策略-Quantitative-Long-Short-Trend-Tracking-Dynamic-Stop-Loss-Strategy.md
426323,4h,PineScript,probable,close_based_stop,True,,no,Quantitative-Trend-Trading-Strategy-Using-Polynomial-Regression.md
426607,4h,PineScript,probable,close_based_stop,True,,no,5日高低突破价格通道策略5-day-High-Low-Breakout-Price-Channel-Strategy.md
426842,4h,PineScript,probable,close_based_stop,True,,no,多指标组合的短线量化交易策略Multi-Indicator-Short-Term-Algorithmic-Trading-Strategy.md
428705,4h,PineScript,probable,stop_and_reverse,True,possible,no,双OTT趋势跟踪策略Twin-Optimized-Trend-Tracker-Strategy.md
428810,4h,PineScript,probable,close_based_stop,False,,no,移动平均线交叉多周期策略Moving-Average-Crossover-Multi-Timeframe-Strategy.md
429161,4h,PineScript,probable,close_based_stop,True,,no,超级趋势策略SuperTrend-Strategy.md
429383,4h,PineScript,probable,close_based_stop,True,,no,双均线反转交易策略Dual-Moving-Average-Reversal-Trading-Strategy.md
430383,4h,PineScript,probable,close_based_stop,False,,no,多时间框架买入价格下跌策略Multi-Timeframe-Buy-the-Dip-Strategy.md
433030,4h,PineScript,probable,intrabar_order,False,,yes,多时序RSI网格交易策略Multi-Period-RSI-Grid-Trading-Strategy.md
437808,4h,PineScript,probable,stop_and_reverse,True,,no,基于ATR和标准差通道的趋势跟踪交易策略ATR-Trend-Following-Strategy-Based-on-Standard-Deviation-Channel.md
438820,4h,PineScript,probable,close_based_stop,True,,no,基于多空双轨的追踪止盈策略Myo_LS_D-Quantitative-Strategy.md
441010,4h,PineScript,probable,close_based_stop,True,,no,动态RSI指标交易策略Dynamic-RSI-Trading-Strategy.md
442264,4h,PineScript,probable,close_based_stop,True,,no,基于动量和标准差的黄金交易策略All-About-Momentum-Trading-Strategy-with-Stop-Loss-for-Gold.md
451492,4h,PineScript,probable,stop_and_reverse,True,,no,布林带ATR趋势跟踪策略-Bollinger-Band-ATR-Trend-Following-Strategy.md
476255,4h,PineScript,probable,close_based_stop,True,,no,多重均线与随机指标结合的趋势跟踪交易策略-Multi-SMA-and-Stochastic-Combined-Trend-Following-Trading-Strategy.md
491890,4h,PineScript,probable,close_based_stop,True,,no,RSI-MA-交叉摆动交易策略与追踪止损系统-RSI-MA-Crossover-Swing-Trading-Strategy-with-Trailing-Stop-System.md
426570,5h,PineScript,probable,close_based_stop,False,,no,海龟空头突破加仓策略Turtle-Short-Breakout-Pyramiding-Strategy.md
485288,5h,PineScript,probable,close_based_stop,True,,no,均线突破固定利润目标自适应时间周期量化交易策略-Adaptive-Timeframe-SMA-Crossover-Strategy-with-Fixed-Profit-Targets.md
426846,6h,PineScript,probable,close_based_stop,True,,no,基于归一化MACD的量化交易策略Quantitative-Trading-Strategy-Based-on-Normalized-MACD.md
12348,1d,javascript,probable,live_price_stop,n/a,n/a,n/a,经典均线策略.md
275287,1d,javascript,probable,live_price_stop,n/a,n/a,n/a,CTA策略之商品期货简易马丁格尔.md
311968,1d,javascript,probable,live_price_stop,n/a,n/a,n/a,网格变形策略之单边网格-注释.md
339344,1d,javascript,probable,close_based_stop,n/a,n/a,n/a,数字货币期货多品种ATR策略教学.md
353659,1d,javascript,probable,intrabar_order,n/a,n/a,yes,网格挂单加马丁倍数递增.md
356471,1d,javascript,probable,live_price_stop,n/a,n/a,n/a,简单马丁格尔多空加仓倍率修改.md
360536,1d,PineScript,probable,close_based_stop,True,,no,海龟交易法Turtles-strategy.md
364002,1d,PineScript,probable,stop_and_reverse,True,,no,Donchian-Breakout-no-repaint.md
365088,1d,PineScript,probable,close_based_stop,True,,no,SUPERTREND-ATR-WITH-TRAILING-STOP-LOSS.md
394112,1d,javascript,probable,live_price_stop,n/a,n/a,n/a,随机数猜大猜小.md
405725,1d,javascript,probable,live_price_stop,n/a,n/a,n/a,价格振幅均线-3年33万倍收益.md
405725,1d,javascript,probable,live_price_stop,n/a,n/a,n/a,收藏价格振幅均线-3年33万倍收益.md
426376,1d,PineScript,probable,close_based_stop,False,,no,Bullish-Harami-Reversal-Strategy.md
426471,1d,PineScript,probable,close_based_stop,False,,no,Random-Entry-Point-Strategy.md
426479,1d,PineScript,probable,close_based_stop,True,possible,no,RSI均线回归交易策略RSI-Mean-Reversion-Trading-Strategy.md
426626,1d,PineScript,probable,close_based_stop,True,,no,基于移动均线K线与超趋止损的趋势追踪策略Trend-Following-Strategy-Based-on-MA-Candles-and-Supertrend.md
427305,1d,PineScript,probable,close_based_stop,False,,no,移动平均跟踪止损策略Moving-Average-Trailing-Stop-Strategy.md
427443,1d,PineScript,probable,close_based_stop,False,,no,范围量加仓DCA策略Ranged-Volume-DCA-Strategy.md
427455,1d,PineScript,probable,close_based_stop,False,,no,均值恢复ATR趋势策略Mean-Reversion-ATR-Trend-Strategy.md
427461,1d,PineScript,probable,close_based_stop,False,,no,五日移动平均线金叉追涨策略5-day-Moving-Average-Golden-Cross-Momentum-Strategy.md
427470,1d,PineScript,probable,stop_and_reverse,True,,no,ATR趋势跟踪策略ATR-Trend-Following-Strategy.md
427728,1d,PineScript,probable,close_based_stop,False,,no,一目均衡策略Ichimoku-Kinko-Hyo-Mean-Reversion-Strategy.md
428619,1d,PineScript,probable,close_based_stop,False,,no,RSI指标突破交易策略Alpha-RSI-Breakout-Trading-Strategy.md
428854,1d,PineScript,probable,close_based_stop,False,,no,趋势跟踪移动止损均线策略Trend-Following-Moving-Stop-Loss-MA-Strategy.md
428857,1d,PineScript,probable,close_based_stop,False,,no,基于ATR的动态止损策略ATR-based-Dynamic-Stop-Loss-Strategy.md
429495,1d,PineScript,probable,close_based_stop,False,,no,基于相对成交量和趋势的交易策略Relative-Volume-Trend-Following-Trading-Strategy.md
429512,1d,PineScript,probable,close_based_stop,True,,no,基于海龟交易法的突破策略Breakout-Strategy-Based-on-Turtle-Trading.md
429568,1d,PineScript,probable,close_based_stop,True,,no,动量突破纤维套利策略Incremental-Order-Size-Fibonacci-Retracement-Trend-Following-Strategy.md
429651,1d,PineScript,probable,close_based_stop,True,,no,基于ATR指标的自适应跟踪止损策略ATR-Trailing-Stop-Bands-Strategy.md
430180,1d,PineScript,probable,close_based_stop,False,,no,定投策略带止盈.md
430280,1d,PineScript,probable,close_based_stop,False,,no,Cryptocurrency动量突破策略Cryptocurrency-Momentum-Breakout-Strategy.md
430742,1d,PineScript,probable,close_based_stop,True,,no,基于华尔街捕鼠光环指标的加密货币看涨看跌策略Correlation-based-Bullish-Bearish-Crypto-Trading-Strategy-Based-on-Wall-Street-CCI-Index.md
430748,1d,PineScript,probable,stop_and_reverse,True,,no,金叉死叉动态止损策略Trend-Following-Strategy-with-Dynamic-Stops.md
430843,1d,PineScript,probable,close_based_stop,True,,no,黄金交叉凯尔特通道趋势跟踪策略Golden-Cross-Keltner-Channel-Trend-Following-Strategy.md
431003,1d,PineScript,probable,close_based_stop,True,,no,双移动均线反转策略Dual-Moving-Average-Reversal-Strategy.md
431221,1d,PineScript,probable,close_based_stop,False,,no,康乃狄克海龟系统Connecticut-Turtle-System.md
431224,1d,PineScript,probable,close_based_stop,False,,no,均线趋势追踪策略Trend-Following-Strategy.md
431251,1d,PineScript,probable,stop_and_reverse,True,,no,基于Chande-Kroll止损与ADX过滤的趋势跟踪策略ADX-Filtered-Chande-Kroll-Stop-Loss-Trend-Following-Strategy.md
431395,1d,PineScript,probable,intrabar_order,False,,yes,EMAC指数移动平均线交叉优化策略EMAC-Exponential-Moving-Average-Cross-Optimized-Strategy.md
431415,1d,PineScript,probable,close_based_stop,True,,no,混沌交易规则止损策略Chaotic-Trading-Rules-Stop-Loss-Strategy.md
431428,1d,PineScript,probable,close_based_stop,False,,no,下跌趋势短线交易策略Short-Trading-Strategy-in-Downtrend.md
431669,1d,PineScript,probable,close_based_stop,False,,no,基于Z距离的VWAP策略ZVWAP-Strategy-Based-on-Z-Distance-from-VWAP.md
432076,1d,PineScript,probable,stop_and_reverse,True,,no,动量突破交易策略Momentum-Breakout-Strategy.md
432225,1d,PineScript,probable,close_based_stop,False,,no,CCI强势突破策略CCI-Strong-Breakthrough-Strategy.md
432308,1d,PineScript,probable,close_based_stop,False,,no,穿越BB通道突破SMA200均线的趋势跟踪策略BB21_SMA200-Trend-Following-Strategy.md
432794,1d,PineScript,probable,stop_and_reverse,True,,no,动态止损追涨策略Dynamic-Stop-Loss-Trail-Strategy.md
432972,1d,PineScript,probable,close_based_stop,False,,no,低价买入-高价止盈策略Low-High-Trend-Strategy.md
433011,1d,PineScript,probable,stop_and_reverse,True,,no,多重移动平均线动态趋势策略Multiple-Moving-Average-Dynamic-Trend-Strategy.md
433071,1d,PineScript,probable,close_based_stop,True,,no,动态均线回撤马丁策略Dynamic-Moving-Average-Retracement-Martin-Strategy.md
433101,1d,PineScript,probable,close_based_stop,False,,no,三重SMA自适应K线交叉长线策略Twisted-SMA-Adaptive-Crossover-Long-Line-Strategy.md
433137,1d,PineScript,probable,close_based_stop,True,,no,动态移动平均线跟踪策略Dynamic-Moving-Average-Tracking-Strategy.md
433405,1d,PineScript,probable,close_based_stop,True,,no,价格动量追踪止损策略Price-Momentum-Tracking-Stop-Loss-Strategy.md
433556,1d,PineScript,probable,close_based_stop,True,,no,基于ATR和追踪止损的超级趋势策略SuperTrend-Strategy-with-Trailing-Stop-Loss.md
434480,1d,PineScript,probable,close_based_stop,True,,no,基于RSI的量化交易策略RSI-Based-Quantitative-Trading-Strategy.md
434560,1d,PineScript,probable,intrabar_order,False,,yes,双轨突破均线交叉策略Double-Rail-Breakthrough-Moving-Average-Crossover-Strategy.md
434575,1d,PineScript,probable,close_based_stop,False,,no,量化交易精准多空策略Fibonacci-Zone-DCA-Strategy.md
434600,1d,PineScript,probable,close_based_stop,True,likely,no,基于随机数字的量化交易策略Quantitative-Trading-Strategy-Based-on-Random-Numbers.md
434674,1d,PineScript,probable,close_based_stop,False,,no,连续高点突破策略N-Consecutive-Higher-Closes-Breakout-Strategy.md
434687,1d,PineScript,probable,stop_and_reverse,True,,no,基于趋势和均线交叉的多功能量化交易策略Trend-and-Moving-Average-Crossover-Based-Multi-Functional-Algorithmic-Trading-Strategy.md
434707,1d,PineScript,probable,close_based_stop,False,,no,动向指数平均线交叉ADX交易策略ADX-Crossover-Trend-Trading-Strategy.md
434708,1d,PineScript,probable,close_based_stop,True,,no,基于移动平均线与平均真实范围尾随止损的量化交易策略Quantitative-Trading-Based-on-Moving-Average-Envelope-and-ATR-Trailing-Stop.md
434950,1d,PineScript,probable,close_based_stop,True,,no,布林带百分比交易策略Bollinger-Percentage-Bands-Trading-Strategy.md
434976,1d,PineScript,probable,close_based_stop,False,,no,动态ATR追踪止损策略Dynamic-ATR-Trailing-Stop-Loss-Strategy.md
434995,1d,PineScript,probable,close_based_stop,False,,no,基于ATR通道均线反转的量化交易策略ATR-Channel-Mean-Reversion-Quantitative-Trading-Strategy.md
435157,1d,PineScript,probable,close_based_stop,True,,no,可持续追踪止损交易策略Sustainable-Trailing-Stop-Loss-Trading-Strategy.md
435252,1d,PineScript,probable,close_based_stop,True,,no,基于ADX和MACD指标的交易策略ADX-and-MACD-Indicators-based-Trading-Strategy.md
435283,1d,PineScript,probable,close_based_stop,False,,no,双波带突破策略Double-Bollinger-Bands-Breakout-Strategy.md
435481,1d,PineScript,probable,close_based_stop,True,,no,多因子组合自适应移动平均策略A-Multi-Factor-Combination-Strategy-with-Adaptive-Moving-Average.md
435703,1d,PineScript,probable,close_based_stop,False,,no,基于均线和RSI的单边多头策略SMA-and-RSI-Long-Only-Strategy.md
435758,1d,PineScript,probable,close_based_stop,True,,no,基于TSI指标和Hull移动平均线的量化策略-Quantitative-Trading-Strategy-Based-on-TSI-Indicator-and-Hull-Moving-Average.md
435835,1d,PineScript,probable,stop_and_reverse,True,,no,基于多因子模型的自适应趋势追踪策略Trend-Tracking-Strategy-Based-on-Multi-factor-Model-with-Adaptive-Trailing-Stoploss.md
435843,1d,PineScript,probable,stop_and_reverse,True,,no,RSI与布林带结合的短线交易策略RSI-Bollinger-Bands-Short-term-Trading-Strategy.md
435845,1d,PineScript,probable,close_based_stop,False,,no,动量震荡跨界Bollinger带均线策略Momentum-Oscillation-Crossing-Bollinger-Bands-with-Moving-Average-Strategy.md
435850,1d,PineScript,probable,close_based_stop,True,,no,动态MA均线交叉趋势追踪策略Dynamic-MA-Crossover-Trend-Following-Strategy.md
435902,1d,PineScript,probable,intrabar_order,False,,yes,基于均线的布林带短线反转量化策略Bollinger-Band-Short-term-Reversion-Quantitative-Strategy-Based-on-Moving-Average.md
435962,1d,PineScript,probable,close_based_stop,False,,no,基于移动平均线的趋势追踪策略Trend-Following-Strategy-Based-on-Moving-Average.md
435972,1d,PineScript,probable,close_based_stop,False,,no,三重EMA趋势跟踪策略Triple-EMA-Trend-Following-Strategy.md
436000,1d,PineScript,probable,intrabar_order,False,,yes,埃尔斯即时趋势线策略Ehlers-Instantaneous-Trendline-Strategy.md
436110,1d,PineScript,probable,close_based_stop,False,,no,三重超趋势均线突破策略Triple-Supertrend-Breakout-Strategy.md
436224,1d,PineScript,probable,close_based_stop,False,,no,跟踪价格突破高低策略Broken-High-Low-Strategy.md
436608,1d,PineScript,probable,close_based_stop,True,,no,动态买卖量波动突破策略Dynamic-Buying-Selling-Volume-Breakout-Strategy.md
436646,1d,PineScript,probable,close_based_stop,True,,no,双均线交叉黄金交叉量化策略Dual-Moving-Average-Golden-Cross-Quantitative-Strategy.md
436653,1d,PineScript,probable,close_based_stop,True,possible,no,高杠杆防止追加保证金头寸管理策略Leveraged-Position-Sizing-with-Margin-Call-Risk-Management-Strategy.md
436877,1d,PineScript,probable,close_based_stop,False,,no,均线反弹吸筹策略Moving-Average-Rebound-Strategy.md
436906,1d,PineScript,probable,close_based_stop,False,,no,相对量价策略Relative-Volume-Price-Strategy.md
436908,1d,PineScript,probable,close_based_stop,True,possible,no,多指标自适应趋势交易策略Multi-indicator-Adaptive-Trend-Trading-Strategy.md
436995,1d,PineScript,probable,intrabar_order,False,,yes,基于均线反转的短线交易策略Mean-Reversion-Line-Strategy.md
437022,1d,PineScript,probable,close_based_stop,False,,no,动态止盈追趋策略Dynamic-Take-Profit-Following-Trend-Strategy.md
437376,1d,PineScript,probable,close_based_stop,True,,no,九种移动平均线交叉策略Nine-Types-of-Moving-Average-Crossover-Strategy.md
437653,1d,PineScript,probable,close_based_stop,True,,no,HMA动能指标突破策略HMA-Momentum-Breakthrough-Strategy.md
437763,1d,PineScript,probable,close_based_stop,True,,no,Ichimoku云带量化交易策略Ichimoku-Cloud-Quantitative-Trading-Strategy.md
437795,1d,PineScript,probable,close_based_stop,False,,no,均线黄金交叉RSI-MACD策略Improved-RSI-MACD-Moving-Average-Strategy.md
438020,1d,PineScript,probable,close_based_stop,True,,no,多时间框架跟踪止损策略Multi-Timeframe-Trailing-Stop-Loss-Strategy.md
438036,1d,PineScript,probable,close_based_stop,False,,no,适应性变动性突破策略Adaptive-Volatility-Breakout-Strategy.md
438502,1d,PineScript,probable,close_based_stop,False,,no,反转双MACD交易策略Dual-MACD-Reversal-Trading-Strategy.md
438816,1d,PineScript,probable,close_based_stop,True,,no,乘法移动平均线双向交易策略Multiplicative-Moving-Average-Dual-direction-Trading-Strategy.md
439049,1d,PineScript,probable,close_based_stop,False,,no,基于RSI指标的短线交易策略RSI-Indicator-Based-Short-term-Trading-Strategy.md
439199,1d,PineScript,probable,close_based_stop,False,,no,多时间框架趋势追踪组合信号策略Multi-Timeframe-Trend-Tracking-Strategy.md
439272,1d,PineScript,probable,close_based_stop,True,,no,动量加速扩展价量趋势策略Extended-Price-Volume-Trend-Strategy.md
439349,1d,PineScript,probable,close_based_stop,False,,no,基于跟踪止损和追踪买入的简单策略Simple-Trailing-Stop-Buy-Strategy-Based-on-Percentage.md
439757,1d,PineScript,probable,close_based_stop,False,,no,基于动量回踩策略Momentum-Pullback-Strategy.md
439875,1d,PineScript,probable,close_based_stop,True,,no,动态双EMA游离停止策略Dynamic-Dual-EMA-Trailing-Stop-Strategy.md
440058,1d,PineScript,probable,close_based_stop,False,,no,杠杆化马丁格尔期货交易策略Leveraged-Martingale-Futures-Trading-Strategy.md
440322,1d,PineScript,probable,close_based_stop,True,,no,双均线指标随机策略Dual-Moving-Average-Stochastic-Strategy.md
440689,1d,PineScript,probable,close_based_stop,True,,no,跟踪止损移动均线交易策略Tracking-Stop-Loss-Moving-Average-Trading-Strategy.md
440712,1d,PineScript,probable,close_based_stop,True,,no,Ichimoku云图量化策略Ichimoku-Clouds-Quant-Strategy.md
440993,1d,PineScript,probable,close_based_stop,True,,no,基于多因子模型的动量交易策略Momentum-Trading-Strategy-Based-on-Multi-factor-Model.md
441059,1d,PineScript,probable,close_based_stop,True,,no,双范围过滤趋势跟踪策略Dual-Range-Filter-Trend-Tracking-Strategy.md
441160,1d,PineScript,probable,close_based_stop,True,,no,理查德海龟交易策略Richards-Turtle-Trading-Strategy.md
442010,1d,PineScript,probable,close_based_stop,False,,no,基于双均线智能追踪交易策略Dual-Moving-Average-Intelligent-Tracking-Trading-Strategy.md
442114,1d,PineScript,probable,close_based_stop,False,,no,双动能均线交易策略Bugra-Trading-Strategy-Based-on-Dual-Kinetic-Moving-Average.md
442502,1d,PineScript,probable,close_based_stop,False,,no,宽带震荡锁定策略Bollinger-Bands-Consolidation-Strategy.md
442553,1d,PineScript,probable,close_based_stop,True,,no,基于MA线的趋势追踪策略Trend-Following-Strategy-Based-on-MA-Lines.md
442635,1d,PineScript,probable,close_based_stop,False,,no,带滑点止损的DCA定投策略DCA-Strategy-with-Trailing-Take-Profit.md
442817,1d,PineScript,probable,close_based_stop,True,,no,双移动平均-HullMA交叉趋势策略Dual-Moving-Average-HullMA-Crossover-Trend-Strategy.md
442929,1d,PineScript,probable,close_based_stop,False,,no,动态均线回拉交易策略Pullback-Trading-Strategy-Based-on-Dynamic-Moving-Average.md
442932,1d,PineScript,probable,close_based_stop,True,possible,no,双重趋势过滤优化策略Dual-Trend-Filtering-Optimization-Strategy.md
442937,1d,PineScript,probable,stop_and_reverse,True,,no,基于动态追踪止损策略Dynamic-Trailing-Stop-Strategy.md
443034,1d,PineScript,probable,stop_and_reverse,True,,no,基于ATR和斐波那契回撤止损的趋势跟踪策略ATR-Trailing-Stop-Strategy-with-Fibonacci-Retracement-Targets.md
443093,1d,PineScript,probable,close_based_stop,False,,no,基于MOST和KAMA的趋势跟踪策略Trend-Riding-Strategy-Based-on-MOST-and-KAMA.md
443132,1d,PineScript,probable,close_based_stop,True,possible,no,海龟交易决策系统Turtle-Trading-Decision-System.md
443988,1d,PineScript,probable,close_based_stop,False,,no,基于双均线交叉量化策略The-EMA-Cross-Quantitative-Strategy.md
444020,1d,PineScript,probable,close_based_stop,False,,no,比特币动量跟踪止损策略Bitcoin-Momentum-Trailing-Stop-Strategy.md
444031,1d,PineScript,probable,close_based_stop,False,likely,no,连续阴跌-阳涨反转策略Consecutive-Downs-Ups-Reversal-Strategy.md
445788,1d,PineScript,probable,close_based_stop,True,,no,MACDEMA多时间尺度突破策略MACDEMA-Multi-Timeframe-Breakout-Strategy.md
445821,1d,PineScript,probable,close_based_stop,False,,no,双均线交叉优化止损策略Dual-Moving-Average-Crossover-with-Optimized-Stop-Loss-Strategy.md
446459,1d,PineScript,probable,close_based_stop,False,,no,移动平均回调追踪策略-Moving-Average-Pullback-Tracking-Strategy.md
448074,1d,PineScript,probable,intrabar_order,True,,yes,均线交叉MACD慢线动量策略Moving-Average-Crossover-MACD-Slow-Line-Momentum-Strategy.md
449519,1d,PineScript,probable,close_based_stop,True,,no,EMA23-EMA50双均线交叉量化交易策略-EMA23-EMA50-Double-Moving-Average-Crossover-Quantitative-Trading-Strategy.md
449843,1d,PineScript,probable,close_based_stop,True,,no,MA99接触与动态止损策略-MA99-Touch-and-Dynamic-Stop-Loss-Strategy.md
449852,1d,PineScript,probable,close_based_stop,False,,no,多时间框架比特币币安币和以太坊交易回撤策略-Multi-Timeframe-Bitcoin-Binance-Coin-and-Ethereum-Pullback-Trading-Strategy.md
452696,1d,PineScript,probable,close_based_stop,False,,no,动态头寸规模短线外汇交易策略Dynamic-Position-Sizing-Short-Term-Forex-Trading-Strategy.md
452698,1d,PineScript,probable,close_based_stop,True,,no,动态仓位管理每日交易策略Dynamic-Position-Management-Daily-Trading-Strategy.md
453264,1d,PineScript,probable,close_based_stop,False,,no,基于连续K线动态网格自适应均线动态止损策略-Continuous-Candle-Based-Dynamic-Grid-Adaptive-Moving-Average-with-Dynamic-Stop-Loss-Strategy.md
453278,1d,PineScript,probable,close_based_stop,True,,no,MACD与RR比率日内限制收敛策略-MACD-Convergence-Strategy-with-RR-Daily-Limits-and-Tighter-Stop-Loss.md
458037,1d,PineScript,probable,close_based_stop,True,,no,高频翻转百分比追踪动量策略-High-Frequency-Flip-Percentage-Tracking-Momentum-Strategy.md
458073,1d,PineScript,probable,close_based_stop,True,,no,ChandelierExit-EMA动态止损趋势跟踪策略-ChandelierExit-EMA-Dynamic-Stop-Loss-Trend-Following-Strategy.md
458250,1d,PineScript,probable,close_based_stop,True,,no,基于洛伦兹分类法的多时间框架交易策略Lorenzian-Classification-Multi-Timeframe-Target-Strategy.md
458270,1d,PineScript,probable,close_based_stop,True,,no,动态趋势追踪与精准止盈止损策略-Dynamic-Trend-Following-with-Precision-Take-Profit-and-Stop-Loss-Strategy.md
469612,1d,PineScript,probable,close_based_stop,True,,no,多级平衡量化交易策略-Multi-Level-Balanced-Quantitative-Trading-Strategy.md
473385,1d,PineScript,probable,close_based_stop,True,,no,多重均线交叉与RSI动态追踪止损量化交易策略-Multi-MA-Crossover-with-RSI-Dynamic-Trailing-Stop-Loss-Quantitative-Trading-Strategy.md
473943,1d,PineScript,probable,close_based_stop,False,,no,多重指数均线自动交易跟踪止盈系统-Multi-EMA-Automated-Trading-System-with-Trailing-Profit-Lock.md
474668,1d,PineScript,probable,close_based_stop,False,,no,基于布林带和ATR的多级智能动态跟踪止损策略-Multi-Level-Intelligent-Dynamic-Trailing-Stop-Strategy-Based-on-Bollinger-Bands-and-ATR.md
474865,1d,PineScript,probable,close_based_stop,True,,no,动态趋势跟踪ATR多周期交易策略-Dynamic-Trend-Following-ATR-Multi-Period-Trading-Strategy.md
474868,1d,PineScript,probable,close_based_stop,True,,no,多指标趋势追踪策略结合布林带和-ATR-动态止损-Multi-Indicator-Trend-Following-Strategy-with-Bollinger-Bands-and-ATR-Dynamic-Stop-Loss.md
474872,1d,PineScript,probable,close_based_stop,True,,no,基于ATR的动态跟踪止损交易策略-Dynamic-ATR-based-Trailing-Stop-Trading-Strategy.md
476273,1d,PineScript,probable,close_based_stop,False,,no,自适应趋势跟踪型动态趋势识别交易策略-Adaptive-Trend-Following-Dynamic-Trend-Recognition-Trading-Strategy.md
477530,1d,PineScript,probable,close_based_stop,True,,no,动态指数均线交叉策略结合ADX趋势强度过滤系统-Dynamic-EMA-Crossover-Strategy-with-ADX-Trend-Strength-Filtering-System.md
477600,1d,PineScript,probable,close_based_stop,False,,no,基于下跌幅度与目标利润的多头网格策略-Long-Grid-Strategy-Based-on-Drawdown-and-Target-Profit.md
477602,1d,PineScript,probable,close_based_stop,False,,no,基于量化统计的双标准差动态VWAP震荡突破交易策略-Statistical-Dual-Standard-Deviation-VWAP-Breakout-Trading-Strategy.md
478690,1d,PineScript,probable,close_based_stop,False,,no,趋势追踪优化双T3指标策略-Optimized-Dual-T3-Trend-Tracking-Strategy.md
478694,1d,PineScript,probable,close_based_stop,True,,no,动态趋势追踪与均线辅助的SuperTrend三重优化策略-Dynamic-Trend-Following-SuperTrend-Triple-Enhancement-Strategy.md
481356,1d,PineScript,probable,close_based_stop,True,,no,动态趋势跟随多重指标分批止盈交易策略-Dynamic-Trend-Following-Multi-Indicator-Staged-Take-Profit-Trading-Strategy.md
482512,1d,PineScript,probable,close_based_stop,False,,no,QFL震荡条件止损均线策略-QFL-Oscillation-Stop-Loss-Moving-Average-Strategy.md
482773,1d,PineScript,probable,close_based_stop,False,,no,多指标趋势动量ATR目标价交易策略-Multi-Indicator-Trend-Momentum-ATR-Target-Trading-Strategy.md
482821,1d,PineScript,probable,close_based_stop,False,,no,高级动量EMA趋势跟踪结合RSI超买超卖的交易策略-Advanced-Momentum-EMA-Trend-Following-with-RSI-Overbought-Oversold-Trading-Strategy.md
482860,1d,PineScript,probable,close_based_stop,True,,no,指数移动平均与相对强弱指数交叉策略-Exponential-Moving-Average-and-Relative-Strength-Index-Crossover-Strategy.md
482904,1d,PineScript,probable,close_based_stop,False,,no,基于多重级别EMA与RSI动态势能强度的比特币跨周期趋势交易策略-Multi-Timeframe-Bitcoin-Trading-Strategy-Based-on-EMA-and-RSI-Dynamic-Momentum-Strength.md
482909,1d,PineScript,probable,close_based_stop,False,,no,基于相对强弱指数和平均真实波幅的多层次动态成本均摊波段交易策略-Multi-Level-Dynamic-Cost-Averaging-Swing-Trading-Strategy-Based-on-RSI-and-ATR.md
483051,1d,PineScript,probable,close_based_stop,False,,no,动态流动性级联捕捉策略-Dynamic-Liquidity-Cascade-Capture-Strategy.md
483093,1d,PineScript,probable,close_based_stop,True,likely,no,基于量化指标的蜡烛情绪动量趋势交易策略-Candlestick-Emotion-Momentum-Trend-Trading-Strategy-Based-on-Quantitative-Indicators.md
483117,1d,PineScript,probable,stop_and_reverse,True,,no,ATR动态趋势跟踪与均线交叉交易策略-ATR-Dynamic-Trend-Following-and-EMA-Crossover-Trading-Strategy.md
483526,1d,PineScript,probable,close_based_stop,True,,no,双指数移动平均线趋势跟踪与分步退出交易策略-Dual-EMA-Trend-Following-Strategy-with-Staged-Position-Exit.md
483677,1d,PineScript,probable,close_based_stop,False,,no,布林带风险管理的看涨吞没策略量化交易系统-Bullish-Engulfing-Quantitative-Trading-System-with-Bollinger-Bands-Risk-Management.md
483680,1d,PineScript,probable,close_based_stop,True,,no,指数移动均线烛台停止交易策略-Exponential-Moving-Average-Candle-Stop-Trading-Strategy.md
484107,1d,PineScript,probable,close_based_stop,False,,no,自适应成本均值动态网格策略-基于DCA与马丁格尔原理的高级量化交易系统-Adaptive-Cost-Average-Dynamic-Grid-Strategy-Advanced-Quantitative-Trading-System-Based-on-DCA-and-Martingale-Principles.md
484773,1d,PineScript,probable,close_based_stop,True,,no,动态ATR追踪止损交易策略市场波动性自适应系统-Dynamic-ATR-Trailing-Stop-Trading-Strategy-Market-Volatility-Adaptive-System.md
486567,1d,PineScript,probable,close_based_stop,True,,no,对数价格均值回归动态止损策略-Logarithmic-Price-Mean-Reversion-Dynamic-Stop-Loss-Strategy.md
488142,1d,PineScript,probable,close_based_stop,True,,no,多时间周期动量协同交易策略-融合EMA-MA-RSI的量化交易系统-Multi-Timeframe-Momentum-Convergence-Trading-System-Integrating-EMA-MA-RSI-for-Quantitative-Market-Analysis.md
488288,1d,PineScript,probable,close_based_stop,False,,no,RSI动量反转短期趋势跟踪策略与移动平均线聚合-RSI-Momentum-Reversal-Short-Term-Trend-Following-Strategy-with-Moving-Average-Confluence.md
488536,1d,PineScript,probable,close_based_stop,True,,no,动态流动性驱动市场结构自适应交易策略-Dynamic-Liquidity-Driven-Market-Structure-Adaptive-Trading-Strategy.md
490059,1d,PineScript,probable,close_based_stop,True,,no,多指标确认均线突破DCA动态止盈策略-Multi-Indicator-Confirmation-EMA-Breakout-with-DCA-and-Dynamic-Take-Profit-Strategy.md
490519,1d,PineScript,probable,close_based_stop,True,,no,海肯阿希趋势追踪策略多层级止损机制的多时间周期趋势识别系统-Heiken-Ashi-Trend-Following-Strategy-Multi-Timeframe-Trend-Identification-System-with-Multi-Layer-Stop-Loss-Mechanism.md
490797,1d,PineScript,probable,close_based_stop,False,likely,no,指数移动平均交叉智能定投链式止损跟踪系统-EMA-Crossover-Smart-DCA-with-Dual-Trailing-Stop-System.md
491505,1d,PineScript,probable,close_based_stop,True,,no,指数移动平均线交叉动态跟踪止损策略-EMA-Crossover-Dynamic-Trailing-Stop-Loss-Strategy.md
427453,2d,PineScript,probable,stop_and_reverse,True,,no,KPL波动跟踪策略KPL-Swing-Trading-Strategy.md
427513,2d,PineScript,probable,close_based_stop,True,possible,no,最佳滑点追踪止损策略Best-Trailing-Stop-Strategy.md
428583,2d,PineScript,probable,close_based_stop,True,possible,no,最佳追踪止盈策略Best-Trailing-Take-Profit-Strategy.md
428681,2d,PineScript,probable,close_based_stop,False,,no,SMA-和-RSI-组合交易策略SMA-and-RSI-Combination-Trading-Strategy.md
441157,2d,PineScript,probable,close_based_stop,False,,no,RSI指标跨周期交叉的止盈止损策略RSI-Indicator-Cross-Cycle-Profit-and-Stop-Loss-Strategy.md
484920,2d,PineScript,probable,close_based_stop,False,,no,VWMA-EMA均线交叉马丁格尔策略渐进式增仓优化量化交易系统-VWMA-EMA-Crossover-Martingale-Strategy-Progressive-Position-Scaling-Optimized-Quantitative-Trading-System.md
488886,2d,PineScript,probable,close_based_stop,True,,no,多层级目标和尾随止损策略-Multi-Tiered-Target-and-Trailing-Stop-Strategy.md
426785,3d,PineScript,probable,close_based_stop,False,,no,主轴支撑反转指标交易策略Pivot-Support-Reversal-Indicator-Strategy.md
492014,3d,PineScript,probable,close_based_stop,False,,no,趋势动量渗透指标交易策略-Trend-Momentum-Penetration-Indicator-Trading-Strategy.md
426568,5d,PineScript,probable,close_based_stop,True,,no,双HullMA组合判决阈值交易策略Dual-Hull-MA-Judgement-Threshold-Trading-Strategy.md
